index,group_index,group_name,filename,relative_name,path
0,0,picc,picc000_D5.wav,picc/picc000_D5.wav,./wav/picc/picc000_D5.wav
1,0,picc,picc001_Dis5.wav,picc/picc001_Dis5.wav,./wav/picc/picc001_Dis5.wav
2,0,picc,picc002_E5.wav,picc/picc002_E5.wav,./wav/picc/picc002_E5.wav
3,0,picc,picc003_F5.wav,picc/picc003_F5.wav,./wav/picc/picc003_F5.wav
4,0,picc,picc004_Fis5.wav,picc/picc004_Fis5.wav,./wav/picc/picc004_Fis5.wav
5,0,picc,picc005_G5.wav,picc/picc005_G5.wav,./wav/picc/picc005_G5.wav
6,0,picc,picc006_Gis5.wav,picc/picc006_Gis5.wav,./wav/picc/picc006_Gis5.wav
7,0,picc,picc007_A5.wav,picc/picc007_A5.wav,./wav/picc/picc007_A5.wav
8,0,picc,picc008_Ais5.wav,picc/picc008_Ais5.wav,./wav/picc/picc008_Ais5.wav
9,0,picc,picc009_H5.wav,picc/picc009_H5.wav,./wav/picc/picc009_H5.wav
10,0,picc,picc010_C6.wav,picc/picc010_C6.wav,./wav/picc/picc010_C6.wav
11,0,picc,picc011_Cis6.wav,picc/picc011_Cis6.wav,./wav/picc/picc011_Cis6.wav
12,0,picc,picc012_D6.wav,picc/picc012_D6.wav,./wav/picc/picc012_D6.wav
13,0,picc,picc013_Dis6.wav,picc/picc013_Dis6.wav,./wav/picc/picc013_Dis6.wav
14,0,picc,picc014_E6.wav,picc/picc014_E6.wav,./wav/picc/picc014_E6.wav
15,0,picc,picc015_F6.wav,picc/picc015_F6.wav,./wav/picc/picc015_F6.wav
16,0,picc,picc016_Fis6.wav,picc/picc016_Fis6.wav,./wav/picc/picc016_Fis6.wav
17,0,picc,picc017_G6.wav,picc/picc017_G6.wav,./wav/picc/picc017_G6.wav
18,0,picc,picc018_Gis6.wav,picc/picc018_Gis6.wav,./wav/picc/picc018_Gis6.wav
19,0,picc,picc019_A6.wav,picc/picc019_A6.wav,./wav/picc/picc019_A6.wav
20,0,picc,picc020_Ais6.wav,picc/picc020_Ais6.wav,./wav/picc/picc020_Ais6.wav
21,0,picc,picc021_H6.wav,picc/picc021_H6.wav,./wav/picc/picc021_H6.wav
22,0,picc,picc022_C7.wav,picc/picc022_C7.wav,./wav/picc/picc022_C7.wav
23,0,picc,picc023_Cis7.wav,picc/picc023_Cis7.wav,./wav/picc/picc023_Cis7.wav
24,0,picc,picc024_D7.wav,picc/picc024_D7.wav,./wav/picc/picc024_D7.wav
25,0,picc,picc025_Dis7.wav,picc/picc025_Dis7.wav,./wav/picc/picc025_Dis7.wav
26,0,picc,picc026_E7.wav,picc/picc026_E7.wav,./wav/picc/picc026_E7.wav
27,0,picc,picc027_F7.wav,picc/picc027_F7.wav,./wav/picc/picc027_F7.wav
28,0,picc,picc028_Fis7.wav,picc/picc028_Fis7.wav,./wav/picc/picc028_Fis7.wav
29,0,picc,picc029_G7.wav,picc/picc029_G7.wav,./wav/picc/picc029_G7.wav
30,0,picc,picc030_Gis7.wav,picc/picc030_Gis7.wav,./wav/picc/picc030_Gis7.wav
31,0,picc,picc031_A7.wav,picc/picc031_A7.wav,./wav/picc/picc031_A7.wav
32,0,picc,picc032_Ais7.wav,picc/picc032_Ais7.wav,./wav/picc/picc032_Ais7.wav
33,0,picc,picc033_H7.wav,picc/picc033_H7.wav,./wav/picc/picc033_H7.wav
34,1,fl,fl000_C4.wav,fl/fl000_C4.wav,./wav/fl/fl000_C4.wav
35,1,fl,fl001_Cis4.wav,fl/fl001_Cis4.wav,./wav/fl/fl001_Cis4.wav
36,1,fl,fl002_D4.wav,fl/fl002_D4.wav,./wav/fl/fl002_D4.wav
37,1,fl,fl003_Dis4.wav,fl/fl003_Dis4.wav,./wav/fl/fl003_Dis4.wav
38,1,fl,fl004_E4.wav,fl/fl004_E4.wav,./wav/fl/fl004_E4.wav
39,1,fl,fl005_F4.wav,fl/fl005_F4.wav,./wav/fl/fl005_F4.wav
40,1,fl,fl006_Fis4.wav,fl/fl006_Fis4.wav,./wav/fl/fl006_Fis4.wav
41,1,fl,fl007_G4.wav,fl/fl007_G4.wav,./wav/fl/fl007_G4.wav
42,1,fl,fl008_Gis4.wav,fl/fl008_Gis4.wav,./wav/fl/fl008_Gis4.wav
43,1,fl,fl009_A4.wav,fl/fl009_A4.wav,./wav/fl/fl009_A4.wav
44,1,fl,fl010_Ais4.wav,fl/fl010_Ais4.wav,./wav/fl/fl010_Ais4.wav
45,1,fl,fl011_H4.wav,fl/fl011_H4.wav,./wav/fl/fl011_H4.wav
46,1,fl,fl012_C5.wav,fl/fl012_C5.wav,./wav/fl/fl012_C5.wav
47,1,fl,fl013_Cis5.wav,fl/fl013_Cis5.wav,./wav/fl/fl013_Cis5.wav
48,1,fl,fl014_D5.wav,fl/fl014_D5.wav,./wav/fl/fl014_D5.wav
49,1,fl,fl015_Dis5.wav,fl/fl015_Dis5.wav,./wav/fl/fl015_Dis5.wav
50,1,fl,fl016_E5.wav,fl/fl016_E5.wav,./wav/fl/fl016_E5.wav
51,1,fl,fl017_F5.wav,fl/fl017_F5.wav,./wav/fl/fl017_F5.wav
52,1,fl,fl018_Fis5.wav,fl/fl018_Fis5.wav,./wav/fl/fl018_Fis5.wav
53,1,fl,fl019_G5.wav,fl/fl019_G5.wav,./wav/fl/fl019_G5.wav
54,1,fl,fl020_Gis5.wav,fl/fl020_Gis5.wav,./wav/fl/fl020_Gis5.wav
55,1,fl,fl021_A5.wav,fl/fl021_A5.wav,./wav/fl/fl021_A5.wav
56,1,fl,fl022_Ais5.wav,fl/fl022_Ais5.wav,./wav/fl/fl022_Ais5.wav
57,1,fl,fl023_H5.wav,fl/fl023_H5.wav,./wav/fl/fl023_H5.wav
58,1,fl,fl024_C6.wav,fl/fl024_C6.wav,./wav/fl/fl024_C6.wav
59,1,fl,fl025_Cis6.wav,fl/fl025_Cis6.wav,./wav/fl/fl025_Cis6.wav
60,1,fl,fl026_D6.wav,fl/fl026_D6.wav,./wav/fl/fl026_D6.wav
61,1,fl,fl027_Dis6.wav,fl/fl027_Dis6.wav,./wav/fl/fl027_Dis6.wav
62,1,fl,fl028_E6.wav,fl/fl028_E6.wav,./wav/fl/fl028_E6.wav
63,1,fl,fl029_F6.wav,fl/fl029_F6.wav,./wav/fl/fl029_F6.wav
64,1,fl,fl030_Fis6.wav,fl/fl030_Fis6.wav,./wav/fl/fl030_Fis6.wav
65,1,fl,fl031_G6.wav,fl/fl031_G6.wav,./wav/fl/fl031_G6.wav
66,1,fl,fl032_Gis6.wav,fl/fl032_Gis6.wav,./wav/fl/fl032_Gis6.wav
67,1,fl,fl033_A6.wav,fl/fl033_A6.wav,./wav/fl/fl033_A6.wav
68,1,fl,fl034_Ais6.wav,fl/fl034_Ais6.wav,./wav/fl/fl034_Ais6.wav
69,1,fl,fl035_H6.wav,fl/fl035_H6.wav,./wav/fl/fl035_H6.wav
70,1,fl,fl036_C7.wav,fl/fl036_C7.wav,./wav/fl/fl036_C7.wav
71,2,fl_lip-tight,fl000_C4_lip-tight.wav,fl_lip-tight/fl000_C4_lip-tight.wav,./wav/fl_lip-tight/fl000_C4_lip-tight.wav
72,2,fl_lip-tight,fl001_Cis4_lip-tight.wav,fl_lip-tight/fl001_Cis4_lip-tight.wav,./wav/fl_lip-tight/fl001_Cis4_lip-tight.wav
73,2,fl_lip-tight,fl002_D4_lip-tight.wav,fl_lip-tight/fl002_D4_lip-tight.wav,./wav/fl_lip-tight/fl002_D4_lip-tight.wav
74,2,fl_lip-tight,fl003_Dis4_lip-tight.wav,fl_lip-tight/fl003_Dis4_lip-tight.wav,./wav/fl_lip-tight/fl003_Dis4_lip-tight.wav
75,2,fl_lip-tight,fl004_E4_lip-tight.wav,fl_lip-tight/fl004_E4_lip-tight.wav,./wav/fl_lip-tight/fl004_E4_lip-tight.wav
76,2,fl_lip-tight,fl005_F4_lip-tight.wav,fl_lip-tight/fl005_F4_lip-tight.wav,./wav/fl_lip-tight/fl005_F4_lip-tight.wav
77,2,fl_lip-tight,fl006_Fis4_lip-tight.wav,fl_lip-tight/fl006_Fis4_lip-tight.wav,./wav/fl_lip-tight/fl006_Fis4_lip-tight.wav
78,2,fl_lip-tight,fl007_G4_lip-tight.wav,fl_lip-tight/fl007_G4_lip-tight.wav,./wav/fl_lip-tight/fl007_G4_lip-tight.wav
79,2,fl_lip-tight,fl008_Gis4_lip-tight.wav,fl_lip-tight/fl008_Gis4_lip-tight.wav,./wav/fl_lip-tight/fl008_Gis4_lip-tight.wav
80,2,fl_lip-tight,fl009_A4_lip-tight.wav,fl_lip-tight/fl009_A4_lip-tight.wav,./wav/fl_lip-tight/fl009_A4_lip-tight.wav
81,2,fl_lip-tight,fl010_Ais4_lip-tight.wav,fl_lip-tight/fl010_Ais4_lip-tight.wav,./wav/fl_lip-tight/fl010_Ais4_lip-tight.wav
82,2,fl_lip-tight,fl011_H4_lip-tight.wav,fl_lip-tight/fl011_H4_lip-tight.wav,./wav/fl_lip-tight/fl011_H4_lip-tight.wav
83,2,fl_lip-tight,fl012_C5_lip-tight.wav,fl_lip-tight/fl012_C5_lip-tight.wav,./wav/fl_lip-tight/fl012_C5_lip-tight.wav
84,2,fl_lip-tight,fl013_Cis5_lip-tight.wav,fl_lip-tight/fl013_Cis5_lip-tight.wav,./wav/fl_lip-tight/fl013_Cis5_lip-tight.wav
85,2,fl_lip-tight,fl014_D5_lip-tight.wav,fl_lip-tight/fl014_D5_lip-tight.wav,./wav/fl_lip-tight/fl014_D5_lip-tight.wav
86,2,fl_lip-tight,fl015_Dis5_lip-tight.wav,fl_lip-tight/fl015_Dis5_lip-tight.wav,./wav/fl_lip-tight/fl015_Dis5_lip-tight.wav
87,2,fl_lip-tight,fl016_E5_lip-tight.wav,fl_lip-tight/fl016_E5_lip-tight.wav,./wav/fl_lip-tight/fl016_E5_lip-tight.wav
88,2,fl_lip-tight,fl017_F5_lip-tight.wav,fl_lip-tight/fl017_F5_lip-tight.wav,./wav/fl_lip-tight/fl017_F5_lip-tight.wav
89,2,fl_lip-tight,fl018_Fis5_lip-tight.wav,fl_lip-tight/fl018_Fis5_lip-tight.wav,./wav/fl_lip-tight/fl018_Fis5_lip-tight.wav
90,2,fl_lip-tight,fl019_G5_lip-tight.wav,fl_lip-tight/fl019_G5_lip-tight.wav,./wav/fl_lip-tight/fl019_G5_lip-tight.wav
91,2,fl_lip-tight,fl020_Gis5_lip-tight.wav,fl_lip-tight/fl020_Gis5_lip-tight.wav,./wav/fl_lip-tight/fl020_Gis5_lip-tight.wav
92,2,fl_lip-tight,fl021_A5_lip-tight.wav,fl_lip-tight/fl021_A5_lip-tight.wav,./wav/fl_lip-tight/fl021_A5_lip-tight.wav
93,2,fl_lip-tight,fl022_Ais5_lip-tight.wav,fl_lip-tight/fl022_Ais5_lip-tight.wav,./wav/fl_lip-tight/fl022_Ais5_lip-tight.wav
94,2,fl_lip-tight,fl023_H5_lip-tight.wav,fl_lip-tight/fl023_H5_lip-tight.wav,./wav/fl_lip-tight/fl023_H5_lip-tight.wav
95,2,fl_lip-tight,fl024_C6_lip-tight.wav,fl_lip-tight/fl024_C6_lip-tight.wav,./wav/fl_lip-tight/fl024_C6_lip-tight.wav
96,2,fl_lip-tight,fl025_Cis6_lip-tight.wav,fl_lip-tight/fl025_Cis6_lip-tight.wav,./wav/fl_lip-tight/fl025_Cis6_lip-tight.wav
97,2,fl_lip-tight,fl026_D6_lip-tight.wav,fl_lip-tight/fl026_D6_lip-tight.wav,./wav/fl_lip-tight/fl026_D6_lip-tight.wav
98,2,fl_lip-tight,fl027_Dis6_lip-tight.wav,fl_lip-tight/fl027_Dis6_lip-tight.wav,./wav/fl_lip-tight/fl027_Dis6_lip-tight.wav
99,2,fl_lip-tight,fl028_E6_lip-tight.wav,fl_lip-tight/fl028_E6_lip-tight.wav,./wav/fl_lip-tight/fl028_E6_lip-tight.wav
100,2,fl_lip-tight,fl029_F6_lip-tight.wav,fl_lip-tight/fl029_F6_lip-tight.wav,./wav/fl_lip-tight/fl029_F6_lip-tight.wav
101,2,fl_lip-tight,fl030_Fis6_lip-tight.wav,fl_lip-tight/fl030_Fis6_lip-tight.wav,./wav/fl_lip-tight/fl030_Fis6_lip-tight.wav
102,2,fl_lip-tight,fl031_G6_lip-tight.wav,fl_lip-tight/fl031_G6_lip-tight.wav,./wav/fl_lip-tight/fl031_G6_lip-tight.wav
103,2,fl_lip-tight,fl032_Gis6_lip-tight.wav,fl_lip-tight/fl032_Gis6_lip-tight.wav,./wav/fl_lip-tight/fl032_Gis6_lip-tight.wav
104,2,fl_lip-tight,fl033_A6_lip-tight.wav,fl_lip-tight/fl033_A6_lip-tight.wav,./wav/fl_lip-tight/fl033_A6_lip-tight.wav
105,2,fl_lip-tight,fl034_Ais6_lip-tight.wav,fl_lip-tight/fl034_Ais6_lip-tight.wav,./wav/fl_lip-tight/fl034_Ais6_lip-tight.wav
106,2,fl_lip-tight,fl035_H6_lip-tight.wav,fl_lip-tight/fl035_H6_lip-tight.wav,./wav/fl_lip-tight/fl035_H6_lip-tight.wav
107,2,fl_lip-tight,fl036_C7_lip-tight.wav,fl_lip-tight/fl036_C7_lip-tight.wav,./wav/fl_lip-tight/fl036_C7_lip-tight.wav
108,3,altofl,altofl000_conc-G3_writ-C4.wav,altofl/altofl000_conc-G3_writ-C4.wav,./wav/altofl/altofl000_conc-G3_writ-C4.wav
109,3,altofl,altofl001_conc-Gis3_writ-Cis4.wav,altofl/altofl001_conc-Gis3_writ-Cis4.wav,./wav/altofl/altofl001_conc-Gis3_writ-Cis4.wav
110,3,altofl,altofl002_conc-A3_writ-D4.wav,altofl/altofl002_conc-A3_writ-D4.wav,./wav/altofl/altofl002_conc-A3_writ-D4.wav
111,3,altofl,altofl003_conc-Ais3_writ-Dis4.wav,altofl/altofl003_conc-Ais3_writ-Dis4.wav,./wav/altofl/altofl003_conc-Ais3_writ-Dis4.wav
112,3,altofl,altofl004_conc-H3_writ-E4.wav,altofl/altofl004_conc-H3_writ-E4.wav,./wav/altofl/altofl004_conc-H3_writ-E4.wav
113,3,altofl,altofl005_conc-C4_writ-F4.wav,altofl/altofl005_conc-C4_writ-F4.wav,./wav/altofl/altofl005_conc-C4_writ-F4.wav
114,3,altofl,altofl006_conc-Cis4_writ-Fis4.wav,altofl/altofl006_conc-Cis4_writ-Fis4.wav,./wav/altofl/altofl006_conc-Cis4_writ-Fis4.wav
115,3,altofl,altofl007_conc-D4_writ-G4.wav,altofl/altofl007_conc-D4_writ-G4.wav,./wav/altofl/altofl007_conc-D4_writ-G4.wav
116,3,altofl,altofl008_conc-Dis4_writ-Gis4.wav,altofl/altofl008_conc-Dis4_writ-Gis4.wav,./wav/altofl/altofl008_conc-Dis4_writ-Gis4.wav
117,3,altofl,altofl009_conc-E4_writ-A4.wav,altofl/altofl009_conc-E4_writ-A4.wav,./wav/altofl/altofl009_conc-E4_writ-A4.wav
118,3,altofl,altofl010_conc-F4_writ-B4.wav,altofl/altofl010_conc-F4_writ-B4.wav,./wav/altofl/altofl010_conc-F4_writ-B4.wav
119,3,altofl,altofl011_conc-Fis4_writ-H4.wav,altofl/altofl011_conc-Fis4_writ-H4.wav,./wav/altofl/altofl011_conc-Fis4_writ-H4.wav
120,3,altofl,altofl012_conc-G4_writ-C5.wav,altofl/altofl012_conc-G4_writ-C5.wav,./wav/altofl/altofl012_conc-G4_writ-C5.wav
121,3,altofl,altofl013_conc-Gis4_writ-Cis5.wav,altofl/altofl013_conc-Gis4_writ-Cis5.wav,./wav/altofl/altofl013_conc-Gis4_writ-Cis5.wav
122,3,altofl,altofl014_conc-A4_writ-D5.wav,altofl/altofl014_conc-A4_writ-D5.wav,./wav/altofl/altofl014_conc-A4_writ-D5.wav
123,3,altofl,altofl015_conc-Ais4_writ-Dis5.wav,altofl/altofl015_conc-Ais4_writ-Dis5.wav,./wav/altofl/altofl015_conc-Ais4_writ-Dis5.wav
124,3,altofl,altofl016_conc-H4_writ-E5.wav,altofl/altofl016_conc-H4_writ-E5.wav,./wav/altofl/altofl016_conc-H4_writ-E5.wav
125,3,altofl,altofl017_conc-C5_writ-F5.wav,altofl/altofl017_conc-C5_writ-F5.wav,./wav/altofl/altofl017_conc-C5_writ-F5.wav
126,3,altofl,altofl018_conc-Cis5_writ-Fis5.wav,altofl/altofl018_conc-Cis5_writ-Fis5.wav,./wav/altofl/altofl018_conc-Cis5_writ-Fis5.wav
127,3,altofl,altofl019_conc-D5_writ-G5.wav,altofl/altofl019_conc-D5_writ-G5.wav,./wav/altofl/altofl019_conc-D5_writ-G5.wav
128,3,altofl,altofl020_conc-Dis5_writ-Gis5.wav,altofl/altofl020_conc-Dis5_writ-Gis5.wav,./wav/altofl/altofl020_conc-Dis5_writ-Gis5.wav
129,3,altofl,altofl021_conc-E5_writ-A5.wav,altofl/altofl021_conc-E5_writ-A5.wav,./wav/altofl/altofl021_conc-E5_writ-A5.wav
130,3,altofl,altofl022_conc-F5_writ-B5.wav,altofl/altofl022_conc-F5_writ-B5.wav,./wav/altofl/altofl022_conc-F5_writ-B5.wav
131,3,altofl,altofl023_conc-Fis5_writ-H5.wav,altofl/altofl023_conc-Fis5_writ-H5.wav,./wav/altofl/altofl023_conc-Fis5_writ-H5.wav
132,3,altofl,altofl024_conc-G5_writ-C6.wav,altofl/altofl024_conc-G5_writ-C6.wav,./wav/altofl/altofl024_conc-G5_writ-C6.wav
133,3,altofl,altofl025_conc-Gis5_writ-Cis6.wav,altofl/altofl025_conc-Gis5_writ-Cis6.wav,./wav/altofl/altofl025_conc-Gis5_writ-Cis6.wav
134,3,altofl,altofl026_conc-A5_writ-D6.wav,altofl/altofl026_conc-A5_writ-D6.wav,./wav/altofl/altofl026_conc-A5_writ-D6.wav
135,3,altofl,altofl027_conc-Ais5_writ-Dis6.wav,altofl/altofl027_conc-Ais5_writ-Dis6.wav,./wav/altofl/altofl027_conc-Ais5_writ-Dis6.wav
136,3,altofl,altofl028_conc-H5_writ-E6.wav,altofl/altofl028_conc-H5_writ-E6.wav,./wav/altofl/altofl028_conc-H5_writ-E6.wav
137,3,altofl,altofl029_conc-C6_writ-F6.wav,altofl/altofl029_conc-C6_writ-F6.wav,./wav/altofl/altofl029_conc-C6_writ-F6.wav
138,3,altofl,altofl030_conc-Cis6_writ-Fis6.wav,altofl/altofl030_conc-Cis6_writ-Fis6.wav,./wav/altofl/altofl030_conc-Cis6_writ-Fis6.wav
139,3,altofl,altofl031_conc-D6_writ-G6.wav,altofl/altofl031_conc-D6_writ-G6.wav,./wav/altofl/altofl031_conc-D6_writ-G6.wav
140,3,altofl,altofl032_conc-Dis6_writ-Gis6.wav,altofl/altofl032_conc-Dis6_writ-Gis6.wav,./wav/altofl/altofl032_conc-Dis6_writ-Gis6.wav
141,3,altofl,altofl033_conc-E6_writ-A6.wav,altofl/altofl033_conc-E6_writ-A6.wav,./wav/altofl/altofl033_conc-E6_writ-A6.wav
142,3,altofl,altofl034_conc-F6_writ-B6.wav,altofl/altofl034_conc-F6_writ-B6.wav,./wav/altofl/altofl034_conc-F6_writ-B6.wav
143,3,altofl,altofl035_conc-Fis6_writ-H6.wav,altofl/altofl035_conc-Fis6_writ-H6.wav,./wav/altofl/altofl035_conc-Fis6_writ-H6.wav
144,3,altofl,altofl036_conc-G6_writ-C7.wav,altofl/altofl036_conc-G6_writ-C7.wav,./wav/altofl/altofl036_conc-G6_writ-C7.wav
145,4,bassfl,bassfl000_C3.wav,bassfl/bassfl000_C3.wav,./wav/bassfl/bassfl000_C3.wav
146,4,bassfl,bassfl001_Cis3.wav,bassfl/bassfl001_Cis3.wav,./wav/bassfl/bassfl001_Cis3.wav
147,4,bassfl,bassfl002_D3.wav,bassfl/bassfl002_D3.wav,./wav/bassfl/bassfl002_D3.wav
148,4,bassfl,bassfl003_Dis3.wav,bassfl/bassfl003_Dis3.wav,./wav/bassfl/bassfl003_Dis3.wav
149,4,bassfl,bassfl004_E3.wav,bassfl/bassfl004_E3.wav,./wav/bassfl/bassfl004_E3.wav
150,4,bassfl,bassfl005_F3.wav,bassfl/bassfl005_F3.wav,./wav/bassfl/bassfl005_F3.wav
151,4,bassfl,bassfl006_Fis3.wav,bassfl/bassfl006_Fis3.wav,./wav/bassfl/bassfl006_Fis3.wav
152,4,bassfl,bassfl007_G3.wav,bassfl/bassfl007_G3.wav,./wav/bassfl/bassfl007_G3.wav
153,4,bassfl,bassfl008_Gis3.wav,bassfl/bassfl008_Gis3.wav,./wav/bassfl/bassfl008_Gis3.wav
154,4,bassfl,bassfl009_A3.wav,bassfl/bassfl009_A3.wav,./wav/bassfl/bassfl009_A3.wav
155,4,bassfl,bassfl010_Ais3.wav,bassfl/bassfl010_Ais3.wav,./wav/bassfl/bassfl010_Ais3.wav
156,4,bassfl,bassfl011_H3.wav,bassfl/bassfl011_H3.wav,./wav/bassfl/bassfl011_H3.wav
157,4,bassfl,bassfl012_C4.wav,bassfl/bassfl012_C4.wav,./wav/bassfl/bassfl012_C4.wav
158,4,bassfl,bassfl013_Cis4.wav,bassfl/bassfl013_Cis4.wav,./wav/bassfl/bassfl013_Cis4.wav
159,4,bassfl,bassfl014_D4.wav,bassfl/bassfl014_D4.wav,./wav/bassfl/bassfl014_D4.wav
160,4,bassfl,bassfl015_Dis4.wav,bassfl/bassfl015_Dis4.wav,./wav/bassfl/bassfl015_Dis4.wav
161,4,bassfl,bassfl016_E4.wav,bassfl/bassfl016_E4.wav,./wav/bassfl/bassfl016_E4.wav
162,4,bassfl,bassfl017_F4.wav,bassfl/bassfl017_F4.wav,./wav/bassfl/bassfl017_F4.wav
163,4,bassfl,bassfl018_Fis4.wav,bassfl/bassfl018_Fis4.wav,./wav/bassfl/bassfl018_Fis4.wav
164,4,bassfl,bassfl019_G4.wav,bassfl/bassfl019_G4.wav,./wav/bassfl/bassfl019_G4.wav
165,4,bassfl,bassfl020_Gis4.wav,bassfl/bassfl020_Gis4.wav,./wav/bassfl/bassfl020_Gis4.wav
166,4,bassfl,bassfl021_A4.wav,bassfl/bassfl021_A4.wav,./wav/bassfl/bassfl021_A4.wav
167,4,bassfl,bassfl022_Ais4.wav,bassfl/bassfl022_Ais4.wav,./wav/bassfl/bassfl022_Ais4.wav
168,4,bassfl,bassfl023_H4.wav,bassfl/bassfl023_H4.wav,./wav/bassfl/bassfl023_H4.wav
169,4,bassfl,bassfl024_C5.wav,bassfl/bassfl024_C5.wav,./wav/bassfl/bassfl024_C5.wav
170,4,bassfl,bassfl025_Cis5.wav,bassfl/bassfl025_Cis5.wav,./wav/bassfl/bassfl025_Cis5.wav
171,4,bassfl,bassfl026_D5.wav,bassfl/bassfl026_D5.wav,./wav/bassfl/bassfl026_D5.wav
172,4,bassfl,bassfl027_Dis5.wav,bassfl/bassfl027_Dis5.wav,./wav/bassfl/bassfl027_Dis5.wav
173,4,bassfl,bassfl028_E5.wav,bassfl/bassfl028_E5.wav,./wav/bassfl/bassfl028_E5.wav
174,4,bassfl,bassfl029_F5.wav,bassfl/bassfl029_F5.wav,./wav/bassfl/bassfl029_F5.wav
175,4,bassfl,bassfl030_Fis5.wav,bassfl/bassfl030_Fis5.wav,./wav/bassfl/bassfl030_Fis5.wav
176,4,bassfl,bassfl031_G5.wav,bassfl/bassfl031_G5.wav,./wav/bassfl/bassfl031_G5.wav
177,4,bassfl,bassfl032_Gis5.wav,bassfl/bassfl032_Gis5.wav,./wav/bassfl/bassfl032_Gis5.wav
178,4,bassfl,bassfl033_A5.wav,bassfl/bassfl033_A5.wav,./wav/bassfl/bassfl033_A5.wav
179,4,bassfl,bassfl034_Ais5.wav,bassfl/bassfl034_Ais5.wav,./wav/bassfl/bassfl034_Ais5.wav
180,4,bassfl,bassfl035_H5.wav,bassfl/bassfl035_H5.wav,./wav/bassfl/bassfl035_H5.wav
181,4,bassfl,bassfl036_C6.wav,bassfl/bassfl036_C6.wav,./wav/bassfl/bassfl036_C6.wav
182,5,kbfl,kbfl000_H1.wav,kbfl/kbfl000_H1.wav,./wav/kbfl/kbfl000_H1.wav
183,5,kbfl,kbfl001_C2.wav,kbfl/kbfl001_C2.wav,./wav/kbfl/kbfl001_C2.wav
184,5,kbfl,kbfl002_Cis2.wav,kbfl/kbfl002_Cis2.wav,./wav/kbfl/kbfl002_Cis2.wav
185,5,kbfl,kbfl003_D2.wav,kbfl/kbfl003_D2.wav,./wav/kbfl/kbfl003_D2.wav
186,5,kbfl,kbfl004_Dis2.wav,kbfl/kbfl004_Dis2.wav,./wav/kbfl/kbfl004_Dis2.wav
187,5,kbfl,kbfl005_E2.wav,kbfl/kbfl005_E2.wav,./wav/kbfl/kbfl005_E2.wav
188,5,kbfl,kbfl006_F2.wav,kbfl/kbfl006_F2.wav,./wav/kbfl/kbfl006_F2.wav
189,5,kbfl,kbfl007_Fis2.wav,kbfl/kbfl007_Fis2.wav,./wav/kbfl/kbfl007_Fis2.wav
190,5,kbfl,kbfl008_G2.wav,kbfl/kbfl008_G2.wav,./wav/kbfl/kbfl008_G2.wav
191,5,kbfl,kbfl009_Gis2.wav,kbfl/kbfl009_Gis2.wav,./wav/kbfl/kbfl009_Gis2.wav
192,5,kbfl,kbfl010_A2.wav,kbfl/kbfl010_A2.wav,./wav/kbfl/kbfl010_A2.wav
193,5,kbfl,kbfl011_Ais2.wav,kbfl/kbfl011_Ais2.wav,./wav/kbfl/kbfl011_Ais2.wav
194,5,kbfl,kbfl012_H2.wav,kbfl/kbfl012_H2.wav,./wav/kbfl/kbfl012_H2.wav
195,5,kbfl,kbfl013_C3.wav,kbfl/kbfl013_C3.wav,./wav/kbfl/kbfl013_C3.wav
196,5,kbfl,kbfl014_Cis3.wav,kbfl/kbfl014_Cis3.wav,./wav/kbfl/kbfl014_Cis3.wav
197,5,kbfl,kbfl015_D3.wav,kbfl/kbfl015_D3.wav,./wav/kbfl/kbfl015_D3.wav
198,5,kbfl,kbfl016_Dis3.wav,kbfl/kbfl016_Dis3.wav,./wav/kbfl/kbfl016_Dis3.wav
199,5,kbfl,kbfl017_E3.wav,kbfl/kbfl017_E3.wav,./wav/kbfl/kbfl017_E3.wav
200,5,kbfl,kbfl018_F3.wav,kbfl/kbfl018_F3.wav,./wav/kbfl/kbfl018_F3.wav
201,5,kbfl,kbfl019_Fis3.wav,kbfl/kbfl019_Fis3.wav,./wav/kbfl/kbfl019_Fis3.wav
202,5,kbfl,kbfl020_G3.wav,kbfl/kbfl020_G3.wav,./wav/kbfl/kbfl020_G3.wav
203,5,kbfl,kbfl021_Gis3.wav,kbfl/kbfl021_Gis3.wav,./wav/kbfl/kbfl021_Gis3.wav
204,5,kbfl,kbfl022_A3.wav,kbfl/kbfl022_A3.wav,./wav/kbfl/kbfl022_A3.wav
205,5,kbfl,kbfl023_Ais3.wav,kbfl/kbfl023_Ais3.wav,./wav/kbfl/kbfl023_Ais3.wav
206,5,kbfl,kbfl024_H3.wav,kbfl/kbfl024_H3.wav,./wav/kbfl/kbfl024_H3.wav
207,5,kbfl,kbfl025_C4.wav,kbfl/kbfl025_C4.wav,./wav/kbfl/kbfl025_C4.wav
208,5,kbfl,kbfl026_Cis4.wav,kbfl/kbfl026_Cis4.wav,./wav/kbfl/kbfl026_Cis4.wav
209,5,kbfl,kbfl027_D4.wav,kbfl/kbfl027_D4.wav,./wav/kbfl/kbfl027_D4.wav
210,5,kbfl,kbfl028_Dis4.wav,kbfl/kbfl028_Dis4.wav,./wav/kbfl/kbfl028_Dis4.wav
211,5,kbfl,kbfl029_E4.wav,kbfl/kbfl029_E4.wav,./wav/kbfl/kbfl029_E4.wav
212,5,kbfl,kbfl030_F4.wav,kbfl/kbfl030_F4.wav,./wav/kbfl/kbfl030_F4.wav
213,5,kbfl,kbfl031_Fis4.wav,kbfl/kbfl031_Fis4.wav,./wav/kbfl/kbfl031_Fis4.wav
214,5,kbfl,kbfl032_G4.wav,kbfl/kbfl032_G4.wav,./wav/kbfl/kbfl032_G4.wav
215,5,kbfl,kbfl033_Gis4.wav,kbfl/kbfl033_Gis4.wav,./wav/kbfl/kbfl033_Gis4.wav
216,5,kbfl,kbfl034_A4.wav,kbfl/kbfl034_A4.wav,./wav/kbfl/kbfl034_A4.wav
217,5,kbfl,kbfl035_Ais4.wav,kbfl/kbfl035_Ais4.wav,./wav/kbfl/kbfl035_Ais4.wav
218,5,kbfl,kbfl036_H4.wav,kbfl/kbfl036_H4.wav,./wav/kbfl/kbfl036_H4.wav
219,5,kbfl,kbfl037_C5.wav,kbfl/kbfl037_C5.wav,./wav/kbfl/kbfl037_C5.wav
220,6,ob,ob000_Ais3_fing-common.wav,ob/ob000_Ais3_fing-common.wav,./wav/ob/ob000_Ais3_fing-common.wav
221,6,ob,ob001_H3_fing-common.wav,ob/ob001_H3_fing-common.wav,./wav/ob/ob001_H3_fing-common.wav
222,6,ob,ob002_C4_fing-common.wav,ob/ob002_C4_fing-common.wav,./wav/ob/ob002_C4_fing-common.wav
223,6,ob,ob003_Cis4_fing-common.wav,ob/ob003_Cis4_fing-common.wav,./wav/ob/ob003_Cis4_fing-common.wav
224,6,ob,ob004_D4_fing-common.wav,ob/ob004_D4_fing-common.wav,./wav/ob/ob004_D4_fing-common.wav
225,6,ob,ob005_Dis4_fing-common.wav,ob/ob005_Dis4_fing-common.wav,./wav/ob/ob005_Dis4_fing-common.wav
226,6,ob,ob006_E4_fing-common.wav,ob/ob006_E4_fing-common.wav,./wav/ob/ob006_E4_fing-common.wav
227,6,ob,ob007_F4_fing-common.wav,ob/ob007_F4_fing-common.wav,./wav/ob/ob007_F4_fing-common.wav
228,6,ob,ob008_Fis4_fing-common.wav,ob/ob008_Fis4_fing-common.wav,./wav/ob/ob008_Fis4_fing-common.wav
229,6,ob,ob009_G4_fing-common.wav,ob/ob009_G4_fing-common.wav,./wav/ob/ob009_G4_fing-common.wav
230,6,ob,ob010_Gis4_fing-common.wav,ob/ob010_Gis4_fing-common.wav,./wav/ob/ob010_Gis4_fing-common.wav
231,6,ob,ob011_A4_fing-common.wav,ob/ob011_A4_fing-common.wav,./wav/ob/ob011_A4_fing-common.wav
232,6,ob,ob012_Ais4_fing-common.wav,ob/ob012_Ais4_fing-common.wav,./wav/ob/ob012_Ais4_fing-common.wav
233,6,ob,ob013_H4_fing-common.wav,ob/ob013_H4_fing-common.wav,./wav/ob/ob013_H4_fing-common.wav
234,6,ob,ob014_C5_fing-common.wav,ob/ob014_C5_fing-common.wav,./wav/ob/ob014_C5_fing-common.wav
235,6,ob,ob015_Cis5_fing-common.wav,ob/ob015_Cis5_fing-common.wav,./wav/ob/ob015_Cis5_fing-common.wav
236,6,ob,ob016_D5_fing-common.wav,ob/ob016_D5_fing-common.wav,./wav/ob/ob016_D5_fing-common.wav
237,6,ob,ob017_Dis5_fing-common.wav,ob/ob017_Dis5_fing-common.wav,./wav/ob/ob017_Dis5_fing-common.wav
238,6,ob,ob018_E5_fing-common.wav,ob/ob018_E5_fing-common.wav,./wav/ob/ob018_E5_fing-common.wav
239,6,ob,ob019_F5_fing-common.wav,ob/ob019_F5_fing-common.wav,./wav/ob/ob019_F5_fing-common.wav
240,6,ob,ob020_Fis5_fing-common.wav,ob/ob020_Fis5_fing-common.wav,./wav/ob/ob020_Fis5_fing-common.wav
241,6,ob,ob021_G5_fing-common.wav,ob/ob021_G5_fing-common.wav,./wav/ob/ob021_G5_fing-common.wav
242,6,ob,ob022_Gis5_fing-common.wav,ob/ob022_Gis5_fing-common.wav,./wav/ob/ob022_Gis5_fing-common.wav
243,6,ob,ob023_A5_fing-common.wav,ob/ob023_A5_fing-common.wav,./wav/ob/ob023_A5_fing-common.wav
244,6,ob,ob024_Ais5_fing-common.wav,ob/ob024_Ais5_fing-common.wav,./wav/ob/ob024_Ais5_fing-common.wav
245,6,ob,ob025_H5_fing-common.wav,ob/ob025_H5_fing-common.wav,./wav/ob/ob025_H5_fing-common.wav
246,6,ob,ob026_C6_fing-common.wav,ob/ob026_C6_fing-common.wav,./wav/ob/ob026_C6_fing-common.wav
247,6,ob,ob027_Cis6_fing-common.wav,ob/ob027_Cis6_fing-common.wav,./wav/ob/ob027_Cis6_fing-common.wav
248,6,ob,ob028_D6_fing-common.wav,ob/ob028_D6_fing-common.wav,./wav/ob/ob028_D6_fing-common.wav
249,6,ob,ob029_Dis6_fing-fr.wav,ob/ob029_Dis6_fing-fr.wav,./wav/ob/ob029_Dis6_fing-fr.wav
250,6,ob,ob030_Dis6_fing-ge.wav,ob/ob030_Dis6_fing-ge.wav,./wav/ob/ob030_Dis6_fing-ge.wav
251,6,ob,ob031_E6_fing-fr.wav,ob/ob031_E6_fing-fr.wav,./wav/ob/ob031_E6_fing-fr.wav
252,6,ob,ob032_E6_fing-ge.wav,ob/ob032_E6_fing-ge.wav,./wav/ob/ob032_E6_fing-ge.wav
253,6,ob,ob033_F6_fing-fr.wav,ob/ob033_F6_fing-fr.wav,./wav/ob/ob033_F6_fing-fr.wav
254,6,ob,ob034_F6_fing-ge.wav,ob/ob034_F6_fing-ge.wav,./wav/ob/ob034_F6_fing-ge.wav
255,6,ob,ob035_Fis6_fing-fr.wav,ob/ob035_Fis6_fing-fr.wav,./wav/ob/ob035_Fis6_fing-fr.wav
256,6,ob,ob036_Fis6_fing-ge.wav,ob/ob036_Fis6_fing-ge.wav,./wav/ob/ob036_Fis6_fing-ge.wav
257,6,ob,ob037_G6_fing-fr.wav,ob/ob037_G6_fing-fr.wav,./wav/ob/ob037_G6_fing-fr.wav
258,6,ob,ob038_G6_fing-ge.wav,ob/ob038_G6_fing-ge.wav,./wav/ob/ob038_G6_fing-ge.wav
259,6,ob,ob039_Gis6_fing-common.wav,ob/ob039_Gis6_fing-common.wav,./wav/ob/ob039_Gis6_fing-common.wav
260,6,ob,ob040_A6_fing-common.wav,ob/ob040_A6_fing-common.wav,./wav/ob/ob040_A6_fing-common.wav
261,7,ci,ci000_conc-Dis3_writ-Ais3.wav,ci/ci000_conc-Dis3_writ-Ais3.wav,./wav/ci/ci000_conc-Dis3_writ-Ais3.wav
262,7,ci,ci001_conc-E3_writ-H3.wav,ci/ci001_conc-E3_writ-H3.wav,./wav/ci/ci001_conc-E3_writ-H3.wav
263,7,ci,ci002_conc-F3_writ-C4.wav,ci/ci002_conc-F3_writ-C4.wav,./wav/ci/ci002_conc-F3_writ-C4.wav
264,7,ci,ci003_conc-Fis3_writ-Cis4.wav,ci/ci003_conc-Fis3_writ-Cis4.wav,./wav/ci/ci003_conc-Fis3_writ-Cis4.wav
265,7,ci,ci004_conc-G3_writ-D4.wav,ci/ci004_conc-G3_writ-D4.wav,./wav/ci/ci004_conc-G3_writ-D4.wav
266,7,ci,ci005_conc-Gis3_writ-Dis4.wav,ci/ci005_conc-Gis3_writ-Dis4.wav,./wav/ci/ci005_conc-Gis3_writ-Dis4.wav
267,7,ci,ci006_conc-A3_writ-E4.wav,ci/ci006_conc-A3_writ-E4.wav,./wav/ci/ci006_conc-A3_writ-E4.wav
268,7,ci,ci007_conc-B3_writ-F4.wav,ci/ci007_conc-B3_writ-F4.wav,./wav/ci/ci007_conc-B3_writ-F4.wav
269,7,ci,ci008_conc-H3_writ-Fis4.wav,ci/ci008_conc-H3_writ-Fis4.wav,./wav/ci/ci008_conc-H3_writ-Fis4.wav
270,7,ci,ci009_conc-C4_writ-G4.wav,ci/ci009_conc-C4_writ-G4.wav,./wav/ci/ci009_conc-C4_writ-G4.wav
271,7,ci,ci010_conc-Cis4_writ-Gis4.wav,ci/ci010_conc-Cis4_writ-Gis4.wav,./wav/ci/ci010_conc-Cis4_writ-Gis4.wav
272,7,ci,ci011_conc-D4_writ-A4.wav,ci/ci011_conc-D4_writ-A4.wav,./wav/ci/ci011_conc-D4_writ-A4.wav
273,7,ci,ci012_conc-Dis4_writ-Ais4.wav,ci/ci012_conc-Dis4_writ-Ais4.wav,./wav/ci/ci012_conc-Dis4_writ-Ais4.wav
274,7,ci,ci013_conc-E4_writ-H4.wav,ci/ci013_conc-E4_writ-H4.wav,./wav/ci/ci013_conc-E4_writ-H4.wav
275,7,ci,ci014_conc-F4_writ-C5.wav,ci/ci014_conc-F4_writ-C5.wav,./wav/ci/ci014_conc-F4_writ-C5.wav
276,7,ci,ci015_conc-Fis4_writ-Cis5.wav,ci/ci015_conc-Fis4_writ-Cis5.wav,./wav/ci/ci015_conc-Fis4_writ-Cis5.wav
277,7,ci,ci016_conc-G4_writ-D5.wav,ci/ci016_conc-G4_writ-D5.wav,./wav/ci/ci016_conc-G4_writ-D5.wav
278,7,ci,ci017_conc-Gis4_writ-Dis5.wav,ci/ci017_conc-Gis4_writ-Dis5.wav,./wav/ci/ci017_conc-Gis4_writ-Dis5.wav
279,7,ci,ci018_conc-A4_writ-E5.wav,ci/ci018_conc-A4_writ-E5.wav,./wav/ci/ci018_conc-A4_writ-E5.wav
280,7,ci,ci019_conc-B4_writ-F5.wav,ci/ci019_conc-B4_writ-F5.wav,./wav/ci/ci019_conc-B4_writ-F5.wav
281,7,ci,ci020_conc-H4_writ-Fis5.wav,ci/ci020_conc-H4_writ-Fis5.wav,./wav/ci/ci020_conc-H4_writ-Fis5.wav
282,7,ci,ci021_conc-C5_writ-G5.wav,ci/ci021_conc-C5_writ-G5.wav,./wav/ci/ci021_conc-C5_writ-G5.wav
283,7,ci,ci022_conc-Cis5_writ-Gis5.wav,ci/ci022_conc-Cis5_writ-Gis5.wav,./wav/ci/ci022_conc-Cis5_writ-Gis5.wav
284,7,ci,ci023_conc-D5_writ-A5.wav,ci/ci023_conc-D5_writ-A5.wav,./wav/ci/ci023_conc-D5_writ-A5.wav
285,7,ci,ci024_conc-Dis5_writ-Ais5.wav,ci/ci024_conc-Dis5_writ-Ais5.wav,./wav/ci/ci024_conc-Dis5_writ-Ais5.wav
286,7,ci,ci025_conc-E5_writ-H5.wav,ci/ci025_conc-E5_writ-H5.wav,./wav/ci/ci025_conc-E5_writ-H5.wav
287,7,ci,ci026_conc-F5_writ-C6.wav,ci/ci026_conc-F5_writ-C6.wav,./wav/ci/ci026_conc-F5_writ-C6.wav
288,7,ci,ci027_conc-Fis5_writ-Cis6.wav,ci/ci027_conc-Fis5_writ-Cis6.wav,./wav/ci/ci027_conc-Fis5_writ-Cis6.wav
289,7,ci,ci028_conc-G5_writ-D6.wav,ci/ci028_conc-G5_writ-D6.wav,./wav/ci/ci028_conc-G5_writ-D6.wav
290,7,ci,ci029_conc-Gis5_writ-Dis6.wav,ci/ci029_conc-Gis5_writ-Dis6.wav,./wav/ci/ci029_conc-Gis5_writ-Dis6.wav
291,7,ci,ci030_conc-A5_writ-E6.wav,ci/ci030_conc-A5_writ-E6.wav,./wav/ci/ci030_conc-A5_writ-E6.wav
292,7,ci,ci031_conc-B5_writ-F6.wav,ci/ci031_conc-B5_writ-F6.wav,./wav/ci/ci031_conc-B5_writ-F6.wav
293,7,ci,ci032_conc-H5_writ-Fis6.wav,ci/ci032_conc-H5_writ-Fis6.wav,./wav/ci/ci032_conc-H5_writ-Fis6.wav
294,7,ci,ci033_conc-C6_writ-G6.wav,ci/ci033_conc-C6_writ-G6.wav,./wav/ci/ci033_conc-C6_writ-G6.wav
295,8,cl-inEs,cl-inEs000_conc-G3_writ-E3.wav,cl-inEs/cl-inEs000_conc-G3_writ-E3.wav,./wav/cl-inEs/cl-inEs000_conc-G3_writ-E3.wav
296,8,cl-inEs,cl-inEs001_conc-As3_writ-F3.wav,cl-inEs/cl-inEs001_conc-As3_writ-F3.wav,./wav/cl-inEs/cl-inEs001_conc-As3_writ-F3.wav
297,8,cl-inEs,cl-inEs002_conc-A3_writ-Fis3.wav,cl-inEs/cl-inEs002_conc-A3_writ-Fis3.wav,./wav/cl-inEs/cl-inEs002_conc-A3_writ-Fis3.wav
298,8,cl-inEs,cl-inEs003_conc-B3_writ-G3.wav,cl-inEs/cl-inEs003_conc-B3_writ-G3.wav,./wav/cl-inEs/cl-inEs003_conc-B3_writ-G3.wav
299,8,cl-inEs,cl-inEs004_conc-H3_writ-Gis3.wav,cl-inEs/cl-inEs004_conc-H3_writ-Gis3.wav,./wav/cl-inEs/cl-inEs004_conc-H3_writ-Gis3.wav
300,8,cl-inEs,cl-inEs005_conc-C4_writ-A3.wav,cl-inEs/cl-inEs005_conc-C4_writ-A3.wav,./wav/cl-inEs/cl-inEs005_conc-C4_writ-A3.wav
301,8,cl-inEs,cl-inEs006_conc-Cis4_writ-Ais3.wav,cl-inEs/cl-inEs006_conc-Cis4_writ-Ais3.wav,./wav/cl-inEs/cl-inEs006_conc-Cis4_writ-Ais3.wav
302,8,cl-inEs,cl-inEs007_conc-D4_writ-H3.wav,cl-inEs/cl-inEs007_conc-D4_writ-H3.wav,./wav/cl-inEs/cl-inEs007_conc-D4_writ-H3.wav
303,8,cl-inEs,cl-inEs008_conc-Es4_writ-C4.wav,cl-inEs/cl-inEs008_conc-Es4_writ-C4.wav,./wav/cl-inEs/cl-inEs008_conc-Es4_writ-C4.wav
304,8,cl-inEs,cl-inEs009_conc-E4_writ-Cis4.wav,cl-inEs/cl-inEs009_conc-E4_writ-Cis4.wav,./wav/cl-inEs/cl-inEs009_conc-E4_writ-Cis4.wav
305,8,cl-inEs,cl-inEs010_conc-F4_writ-D4.wav,cl-inEs/cl-inEs010_conc-F4_writ-D4.wav,./wav/cl-inEs/cl-inEs010_conc-F4_writ-D4.wav
306,8,cl-inEs,cl-inEs011_conc-Fis4_writ-Dis4.wav,cl-inEs/cl-inEs011_conc-Fis4_writ-Dis4.wav,./wav/cl-inEs/cl-inEs011_conc-Fis4_writ-Dis4.wav
307,8,cl-inEs,cl-inEs012_conc-G4_writ-E4.wav,cl-inEs/cl-inEs012_conc-G4_writ-E4.wav,./wav/cl-inEs/cl-inEs012_conc-G4_writ-E4.wav
308,8,cl-inEs,cl-inEs013_conc-As4_writ-F4.wav,cl-inEs/cl-inEs013_conc-As4_writ-F4.wav,./wav/cl-inEs/cl-inEs013_conc-As4_writ-F4.wav
309,8,cl-inEs,cl-inEs014_conc-A4_writ-Fis4.wav,cl-inEs/cl-inEs014_conc-A4_writ-Fis4.wav,./wav/cl-inEs/cl-inEs014_conc-A4_writ-Fis4.wav
310,8,cl-inEs,cl-inEs015_conc-B4_writ-G4.wav,cl-inEs/cl-inEs015_conc-B4_writ-G4.wav,./wav/cl-inEs/cl-inEs015_conc-B4_writ-G4.wav
311,8,cl-inEs,cl-inEs016_conc-H4_writ-Gis4.wav,cl-inEs/cl-inEs016_conc-H4_writ-Gis4.wav,./wav/cl-inEs/cl-inEs016_conc-H4_writ-Gis4.wav
312,8,cl-inEs,cl-inEs017_conc-C5_writ-A4.wav,cl-inEs/cl-inEs017_conc-C5_writ-A4.wav,./wav/cl-inEs/cl-inEs017_conc-C5_writ-A4.wav
313,8,cl-inEs,cl-inEs018_conc-Cis5_writ-Ais4.wav,cl-inEs/cl-inEs018_conc-Cis5_writ-Ais4.wav,./wav/cl-inEs/cl-inEs018_conc-Cis5_writ-Ais4.wav
314,8,cl-inEs,cl-inEs019_conc-D5_writ-H4.wav,cl-inEs/cl-inEs019_conc-D5_writ-H4.wav,./wav/cl-inEs/cl-inEs019_conc-D5_writ-H4.wav
315,8,cl-inEs,cl-inEs020_conc-Es5_writ-C5.wav,cl-inEs/cl-inEs020_conc-Es5_writ-C5.wav,./wav/cl-inEs/cl-inEs020_conc-Es5_writ-C5.wav
316,8,cl-inEs,cl-inEs021_conc-E5_writ-Cis5.wav,cl-inEs/cl-inEs021_conc-E5_writ-Cis5.wav,./wav/cl-inEs/cl-inEs021_conc-E5_writ-Cis5.wav
317,8,cl-inEs,cl-inEs022_conc-F5_writ-D5.wav,cl-inEs/cl-inEs022_conc-F5_writ-D5.wav,./wav/cl-inEs/cl-inEs022_conc-F5_writ-D5.wav
318,8,cl-inEs,cl-inEs023_conc-Fis5_writ-Dis5.wav,cl-inEs/cl-inEs023_conc-Fis5_writ-Dis5.wav,./wav/cl-inEs/cl-inEs023_conc-Fis5_writ-Dis5.wav
319,8,cl-inEs,cl-inEs024_conc-G5_writ-E5.wav,cl-inEs/cl-inEs024_conc-G5_writ-E5.wav,./wav/cl-inEs/cl-inEs024_conc-G5_writ-E5.wav
320,8,cl-inEs,cl-inEs025_conc-As5_writ-F5.wav,cl-inEs/cl-inEs025_conc-As5_writ-F5.wav,./wav/cl-inEs/cl-inEs025_conc-As5_writ-F5.wav
321,8,cl-inEs,cl-inEs026_conc-A5_writ-Fis5.wav,cl-inEs/cl-inEs026_conc-A5_writ-Fis5.wav,./wav/cl-inEs/cl-inEs026_conc-A5_writ-Fis5.wav
322,8,cl-inEs,cl-inEs027_conc-B5_writ-G5.wav,cl-inEs/cl-inEs027_conc-B5_writ-G5.wav,./wav/cl-inEs/cl-inEs027_conc-B5_writ-G5.wav
323,8,cl-inEs,cl-inEs028_conc-H5_writ-Gis5.wav,cl-inEs/cl-inEs028_conc-H5_writ-Gis5.wav,./wav/cl-inEs/cl-inEs028_conc-H5_writ-Gis5.wav
324,8,cl-inEs,cl-inEs029_conc-C6_writ-A5.wav,cl-inEs/cl-inEs029_conc-C6_writ-A5.wav,./wav/cl-inEs/cl-inEs029_conc-C6_writ-A5.wav
325,8,cl-inEs,cl-inEs030_conc-Cis6_writ-Ais5.wav,cl-inEs/cl-inEs030_conc-Cis6_writ-Ais5.wav,./wav/cl-inEs/cl-inEs030_conc-Cis6_writ-Ais5.wav
326,8,cl-inEs,cl-inEs031_conc-D6_writ-H5.wav,cl-inEs/cl-inEs031_conc-D6_writ-H5.wav,./wav/cl-inEs/cl-inEs031_conc-D6_writ-H5.wav
327,8,cl-inEs,cl-inEs032_conc-Es6_writ-C6.wav,cl-inEs/cl-inEs032_conc-Es6_writ-C6.wav,./wav/cl-inEs/cl-inEs032_conc-Es6_writ-C6.wav
328,8,cl-inEs,cl-inEs033_conc-E6_writ-Cis6.wav,cl-inEs/cl-inEs033_conc-E6_writ-Cis6.wav,./wav/cl-inEs/cl-inEs033_conc-E6_writ-Cis6.wav
329,8,cl-inEs,cl-inEs034_conc-F6_writ-D6.wav,cl-inEs/cl-inEs034_conc-F6_writ-D6.wav,./wav/cl-inEs/cl-inEs034_conc-F6_writ-D6.wav
330,8,cl-inEs,cl-inEs035_conc-Fis6_writ-Dis6.wav,cl-inEs/cl-inEs035_conc-Fis6_writ-Dis6.wav,./wav/cl-inEs/cl-inEs035_conc-Fis6_writ-Dis6.wav
331,8,cl-inEs,cl-inEs036_conc-G6_writ-E6.wav,cl-inEs/cl-inEs036_conc-G6_writ-E6.wav,./wav/cl-inEs/cl-inEs036_conc-G6_writ-E6.wav
332,8,cl-inEs,cl-inEs037_conc-As6_writ-F6.wav,cl-inEs/cl-inEs037_conc-As6_writ-F6.wav,./wav/cl-inEs/cl-inEs037_conc-As6_writ-F6.wav
333,8,cl-inEs,cl-inEs038_conc-A6_writ-Fis6.wav,cl-inEs/cl-inEs038_conc-A6_writ-Fis6.wav,./wav/cl-inEs/cl-inEs038_conc-A6_writ-Fis6.wav
334,8,cl-inEs,cl-inEs039_conc-B6_writ-G6.wav,cl-inEs/cl-inEs039_conc-B6_writ-G6.wav,./wav/cl-inEs/cl-inEs039_conc-B6_writ-G6.wav
335,8,cl-inEs,cl-inEs040_conc-H6_writ-Gis6.wav,cl-inEs/cl-inEs040_conc-H6_writ-Gis6.wav,./wav/cl-inEs/cl-inEs040_conc-H6_writ-Gis6.wav
336,8,cl-inEs,cl-inEs041_conc-C7_writ-A6.wav,cl-inEs/cl-inEs041_conc-C7_writ-A6.wav,./wav/cl-inEs/cl-inEs041_conc-C7_writ-A6.wav
337,8,cl-inEs,cl-inEs042_conc-Cis7_writ-Ais6.wav,cl-inEs/cl-inEs042_conc-Cis7_writ-Ais6.wav,./wav/cl-inEs/cl-inEs042_conc-Cis7_writ-Ais6.wav
338,8,cl-inEs,cl-inEs043_conc-D7_writ-H6.wav,cl-inEs/cl-inEs043_conc-D7_writ-H6.wav,./wav/cl-inEs/cl-inEs043_conc-D7_writ-H6.wav
339,8,cl-inEs,cl-inEs044_conc-Es7_writ-C7.wav,cl-inEs/cl-inEs044_conc-Es7_writ-C7.wav,./wav/cl-inEs/cl-inEs044_conc-Es7_writ-C7.wav
340,9,cl-inB,cl-inB000_conc-D3_writ-E3.wav,cl-inB/cl-inB000_conc-D3_writ-E3.wav,./wav/cl-inB/cl-inB000_conc-D3_writ-E3.wav
341,9,cl-inB,cl-inB001_conc-Es3_writ-F3.wav,cl-inB/cl-inB001_conc-Es3_writ-F3.wav,./wav/cl-inB/cl-inB001_conc-Es3_writ-F3.wav
342,9,cl-inB,cl-inB002_conc-E3_writ-Fis3.wav,cl-inB/cl-inB002_conc-E3_writ-Fis3.wav,./wav/cl-inB/cl-inB002_conc-E3_writ-Fis3.wav
343,9,cl-inB,cl-inB003_conc-F3_writ-G3.wav,cl-inB/cl-inB003_conc-F3_writ-G3.wav,./wav/cl-inB/cl-inB003_conc-F3_writ-G3.wav
344,9,cl-inB,cl-inB004_conc-Fis3_writ-Gis3.wav,cl-inB/cl-inB004_conc-Fis3_writ-Gis3.wav,./wav/cl-inB/cl-inB004_conc-Fis3_writ-Gis3.wav
345,9,cl-inB,cl-inB005_conc-G3_writ-A3.wav,cl-inB/cl-inB005_conc-G3_writ-A3.wav,./wav/cl-inB/cl-inB005_conc-G3_writ-A3.wav
346,9,cl-inB,cl-inB006_conc-Gis3_writ-Ais3.wav,cl-inB/cl-inB006_conc-Gis3_writ-Ais3.wav,./wav/cl-inB/cl-inB006_conc-Gis3_writ-Ais3.wav
347,9,cl-inB,cl-inB007_conc-A3_writ-H3.wav,cl-inB/cl-inB007_conc-A3_writ-H3.wav,./wav/cl-inB/cl-inB007_conc-A3_writ-H3.wav
348,9,cl-inB,cl-inB008_conc-B3_writ-C4.wav,cl-inB/cl-inB008_conc-B3_writ-C4.wav,./wav/cl-inB/cl-inB008_conc-B3_writ-C4.wav
349,9,cl-inB,cl-inB009_conc-H3_writ-Cis4.wav,cl-inB/cl-inB009_conc-H3_writ-Cis4.wav,./wav/cl-inB/cl-inB009_conc-H3_writ-Cis4.wav
350,9,cl-inB,cl-inB010_conc-C4_writ-D4.wav,cl-inB/cl-inB010_conc-C4_writ-D4.wav,./wav/cl-inB/cl-inB010_conc-C4_writ-D4.wav
351,9,cl-inB,cl-inB011_conc-Cis4_writ-Dis4.wav,cl-inB/cl-inB011_conc-Cis4_writ-Dis4.wav,./wav/cl-inB/cl-inB011_conc-Cis4_writ-Dis4.wav
352,9,cl-inB,cl-inB012_conc-D4_writ-E4.wav,cl-inB/cl-inB012_conc-D4_writ-E4.wav,./wav/cl-inB/cl-inB012_conc-D4_writ-E4.wav
353,9,cl-inB,cl-inB013_conc-Es4_writ-F4.wav,cl-inB/cl-inB013_conc-Es4_writ-F4.wav,./wav/cl-inB/cl-inB013_conc-Es4_writ-F4.wav
354,9,cl-inB,cl-inB014_conc-E4_writ-Fis4.wav,cl-inB/cl-inB014_conc-E4_writ-Fis4.wav,./wav/cl-inB/cl-inB014_conc-E4_writ-Fis4.wav
355,9,cl-inB,cl-inB015_conc-F4_writ-G4.wav,cl-inB/cl-inB015_conc-F4_writ-G4.wav,./wav/cl-inB/cl-inB015_conc-F4_writ-G4.wav
356,9,cl-inB,cl-inB016_conc-Fis4_writ-Gis4.wav,cl-inB/cl-inB016_conc-Fis4_writ-Gis4.wav,./wav/cl-inB/cl-inB016_conc-Fis4_writ-Gis4.wav
357,9,cl-inB,cl-inB017_conc-G4_writ-A4.wav,cl-inB/cl-inB017_conc-G4_writ-A4.wav,./wav/cl-inB/cl-inB017_conc-G4_writ-A4.wav
358,9,cl-inB,cl-inB018_conc-Gis4_writ-Ais4.wav,cl-inB/cl-inB018_conc-Gis4_writ-Ais4.wav,./wav/cl-inB/cl-inB018_conc-Gis4_writ-Ais4.wav
359,9,cl-inB,cl-inB019_conc-A4_writ-H4.wav,cl-inB/cl-inB019_conc-A4_writ-H4.wav,./wav/cl-inB/cl-inB019_conc-A4_writ-H4.wav
360,9,cl-inB,cl-inB020_conc-B4_writ-C5.wav,cl-inB/cl-inB020_conc-B4_writ-C5.wav,./wav/cl-inB/cl-inB020_conc-B4_writ-C5.wav
361,9,cl-inB,cl-inB021_conc-H4_writ-Cis5.wav,cl-inB/cl-inB021_conc-H4_writ-Cis5.wav,./wav/cl-inB/cl-inB021_conc-H4_writ-Cis5.wav
362,9,cl-inB,cl-inB022_conc-C5_writ-D5.wav,cl-inB/cl-inB022_conc-C5_writ-D5.wav,./wav/cl-inB/cl-inB022_conc-C5_writ-D5.wav
363,9,cl-inB,cl-inB023_conc-Cis5_writ-Dis5.wav,cl-inB/cl-inB023_conc-Cis5_writ-Dis5.wav,./wav/cl-inB/cl-inB023_conc-Cis5_writ-Dis5.wav
364,9,cl-inB,cl-inB024_conc-D5_writ-E5.wav,cl-inB/cl-inB024_conc-D5_writ-E5.wav,./wav/cl-inB/cl-inB024_conc-D5_writ-E5.wav
365,9,cl-inB,cl-inB025_conc-Es5_writ-F5.wav,cl-inB/cl-inB025_conc-Es5_writ-F5.wav,./wav/cl-inB/cl-inB025_conc-Es5_writ-F5.wav
366,9,cl-inB,cl-inB026_conc-E5_writ-Fis5.wav,cl-inB/cl-inB026_conc-E5_writ-Fis5.wav,./wav/cl-inB/cl-inB026_conc-E5_writ-Fis5.wav
367,9,cl-inB,cl-inB027_conc-F5_writ-G5.wav,cl-inB/cl-inB027_conc-F5_writ-G5.wav,./wav/cl-inB/cl-inB027_conc-F5_writ-G5.wav
368,9,cl-inB,cl-inB028_conc-Fis5_writ-Gis5.wav,cl-inB/cl-inB028_conc-Fis5_writ-Gis5.wav,./wav/cl-inB/cl-inB028_conc-Fis5_writ-Gis5.wav
369,9,cl-inB,cl-inB029_conc-G5_writ-A5.wav,cl-inB/cl-inB029_conc-G5_writ-A5.wav,./wav/cl-inB/cl-inB029_conc-G5_writ-A5.wav
370,9,cl-inB,cl-inB030_conc-Gis5_writ-Ais5.wav,cl-inB/cl-inB030_conc-Gis5_writ-Ais5.wav,./wav/cl-inB/cl-inB030_conc-Gis5_writ-Ais5.wav
371,9,cl-inB,cl-inB031_conc-A5_writ-H5.wav,cl-inB/cl-inB031_conc-A5_writ-H5.wav,./wav/cl-inB/cl-inB031_conc-A5_writ-H5.wav
372,9,cl-inB,cl-inB032_conc-B5_writ-C6.wav,cl-inB/cl-inB032_conc-B5_writ-C6.wav,./wav/cl-inB/cl-inB032_conc-B5_writ-C6.wav
373,9,cl-inB,cl-inB033_conc-H5_writ-Cis6.wav,cl-inB/cl-inB033_conc-H5_writ-Cis6.wav,./wav/cl-inB/cl-inB033_conc-H5_writ-Cis6.wav
374,9,cl-inB,cl-inB034_conc-C6_writ-D6.wav,cl-inB/cl-inB034_conc-C6_writ-D6.wav,./wav/cl-inB/cl-inB034_conc-C6_writ-D6.wav
375,9,cl-inB,cl-inB035_conc-Cis6_writ-Dis6.wav,cl-inB/cl-inB035_conc-Cis6_writ-Dis6.wav,./wav/cl-inB/cl-inB035_conc-Cis6_writ-Dis6.wav
376,9,cl-inB,cl-inB036_conc-D6_writ-E6.wav,cl-inB/cl-inB036_conc-D6_writ-E6.wav,./wav/cl-inB/cl-inB036_conc-D6_writ-E6.wav
377,9,cl-inB,cl-inB037_conc-Es6_writ-F6.wav,cl-inB/cl-inB037_conc-Es6_writ-F6.wav,./wav/cl-inB/cl-inB037_conc-Es6_writ-F6.wav
378,9,cl-inB,cl-inB038_conc-E6_writ-Fis6.wav,cl-inB/cl-inB038_conc-E6_writ-Fis6.wav,./wav/cl-inB/cl-inB038_conc-E6_writ-Fis6.wav
379,9,cl-inB,cl-inB039_conc-F6_writ-G6.wav,cl-inB/cl-inB039_conc-F6_writ-G6.wav,./wav/cl-inB/cl-inB039_conc-F6_writ-G6.wav
380,9,cl-inB,cl-inB040_conc-Fis6_writ-Gis6.wav,cl-inB/cl-inB040_conc-Fis6_writ-Gis6.wav,./wav/cl-inB/cl-inB040_conc-Fis6_writ-Gis6.wav
381,9,cl-inB,cl-inB041_conc-G6_writ-A6.wav,cl-inB/cl-inB041_conc-G6_writ-A6.wav,./wav/cl-inB/cl-inB041_conc-G6_writ-A6.wav
382,10,cl-inA,cl-inA000_conc-Cis3_writ-E3.wav,cl-inA/cl-inA000_conc-Cis3_writ-E3.wav,./wav/cl-inA/cl-inA000_conc-Cis3_writ-E3.wav
383,10,cl-inA,cl-inA001_conc-D3_writ-F3.wav,cl-inA/cl-inA001_conc-D3_writ-F3.wav,./wav/cl-inA/cl-inA001_conc-D3_writ-F3.wav
384,10,cl-inA,cl-inA002_conc-Dis3_writ-Fis3.wav,cl-inA/cl-inA002_conc-Dis3_writ-Fis3.wav,./wav/cl-inA/cl-inA002_conc-Dis3_writ-Fis3.wav
385,10,cl-inA,cl-inA003_conc-E3_writ-G3.wav,cl-inA/cl-inA003_conc-E3_writ-G3.wav,./wav/cl-inA/cl-inA003_conc-E3_writ-G3.wav
386,10,cl-inA,cl-inA004_conc-F3_writ-As3.wav,cl-inA/cl-inA004_conc-F3_writ-As3.wav,./wav/cl-inA/cl-inA004_conc-F3_writ-As3.wav
387,10,cl-inA,cl-inA005_conc-Fis3_writ-A3.wav,cl-inA/cl-inA005_conc-Fis3_writ-A3.wav,./wav/cl-inA/cl-inA005_conc-Fis3_writ-A3.wav
388,10,cl-inA,cl-inA006_conc-G3_writ-B3.wav,cl-inA/cl-inA006_conc-G3_writ-B3.wav,./wav/cl-inA/cl-inA006_conc-G3_writ-B3.wav
389,10,cl-inA,cl-inA007_conc-Gis3_writ-H3.wav,cl-inA/cl-inA007_conc-Gis3_writ-H3.wav,./wav/cl-inA/cl-inA007_conc-Gis3_writ-H3.wav
390,10,cl-inA,cl-inA008_conc-A3_writ-C4.wav,cl-inA/cl-inA008_conc-A3_writ-C4.wav,./wav/cl-inA/cl-inA008_conc-A3_writ-C4.wav
391,10,cl-inA,cl-inA009_conc-Ais3_writ-Cis4.wav,cl-inA/cl-inA009_conc-Ais3_writ-Cis4.wav,./wav/cl-inA/cl-inA009_conc-Ais3_writ-Cis4.wav
392,10,cl-inA,cl-inA010_conc-H3_writ-D4.wav,cl-inA/cl-inA010_conc-H3_writ-D4.wav,./wav/cl-inA/cl-inA010_conc-H3_writ-D4.wav
393,10,cl-inA,cl-inA011_conc-C4_writ-Es4.wav,cl-inA/cl-inA011_conc-C4_writ-Es4.wav,./wav/cl-inA/cl-inA011_conc-C4_writ-Es4.wav
394,10,cl-inA,cl-inA012_conc-Cis4_writ-E4.wav,cl-inA/cl-inA012_conc-Cis4_writ-E4.wav,./wav/cl-inA/cl-inA012_conc-Cis4_writ-E4.wav
395,10,cl-inA,cl-inA013_conc-D4_writ-F4.wav,cl-inA/cl-inA013_conc-D4_writ-F4.wav,./wav/cl-inA/cl-inA013_conc-D4_writ-F4.wav
396,10,cl-inA,cl-inA014_conc-Dis4_writ-Fis4.wav,cl-inA/cl-inA014_conc-Dis4_writ-Fis4.wav,./wav/cl-inA/cl-inA014_conc-Dis4_writ-Fis4.wav
397,10,cl-inA,cl-inA015_conc-E4_writ-G4.wav,cl-inA/cl-inA015_conc-E4_writ-G4.wav,./wav/cl-inA/cl-inA015_conc-E4_writ-G4.wav
398,10,cl-inA,cl-inA016_conc-F4_writ-As4.wav,cl-inA/cl-inA016_conc-F4_writ-As4.wav,./wav/cl-inA/cl-inA016_conc-F4_writ-As4.wav
399,10,cl-inA,cl-inA017_conc-Fis4_writ-A4.wav,cl-inA/cl-inA017_conc-Fis4_writ-A4.wav,./wav/cl-inA/cl-inA017_conc-Fis4_writ-A4.wav
400,10,cl-inA,cl-inA018_conc-G4_writ-B4.wav,cl-inA/cl-inA018_conc-G4_writ-B4.wav,./wav/cl-inA/cl-inA018_conc-G4_writ-B4.wav
401,10,cl-inA,cl-inA019_conc-Gis4_writ-H4.wav,cl-inA/cl-inA019_conc-Gis4_writ-H4.wav,./wav/cl-inA/cl-inA019_conc-Gis4_writ-H4.wav
402,10,cl-inA,cl-inA020_conc-A4_writ-C5.wav,cl-inA/cl-inA020_conc-A4_writ-C5.wav,./wav/cl-inA/cl-inA020_conc-A4_writ-C5.wav
403,10,cl-inA,cl-inA021_conc-Ais4_writ-Cis5.wav,cl-inA/cl-inA021_conc-Ais4_writ-Cis5.wav,./wav/cl-inA/cl-inA021_conc-Ais4_writ-Cis5.wav
404,10,cl-inA,cl-inA022_conc-H4_writ-D5.wav,cl-inA/cl-inA022_conc-H4_writ-D5.wav,./wav/cl-inA/cl-inA022_conc-H4_writ-D5.wav
405,10,cl-inA,cl-inA023_conc-C5_writ-Es5.wav,cl-inA/cl-inA023_conc-C5_writ-Es5.wav,./wav/cl-inA/cl-inA023_conc-C5_writ-Es5.wav
406,10,cl-inA,cl-inA024_conc-Cis5_writ-E5.wav,cl-inA/cl-inA024_conc-Cis5_writ-E5.wav,./wav/cl-inA/cl-inA024_conc-Cis5_writ-E5.wav
407,10,cl-inA,cl-inA025_conc-D5_writ-F5.wav,cl-inA/cl-inA025_conc-D5_writ-F5.wav,./wav/cl-inA/cl-inA025_conc-D5_writ-F5.wav
408,10,cl-inA,cl-inA026_conc-Dis5_writ-Fis5.wav,cl-inA/cl-inA026_conc-Dis5_writ-Fis5.wav,./wav/cl-inA/cl-inA026_conc-Dis5_writ-Fis5.wav
409,10,cl-inA,cl-inA027_conc-E5_writ-G5.wav,cl-inA/cl-inA027_conc-E5_writ-G5.wav,./wav/cl-inA/cl-inA027_conc-E5_writ-G5.wav
410,10,cl-inA,cl-inA028_conc-F5_writ-As5.wav,cl-inA/cl-inA028_conc-F5_writ-As5.wav,./wav/cl-inA/cl-inA028_conc-F5_writ-As5.wav
411,10,cl-inA,cl-inA029_conc-Fis5_writ-A5.wav,cl-inA/cl-inA029_conc-Fis5_writ-A5.wav,./wav/cl-inA/cl-inA029_conc-Fis5_writ-A5.wav
412,10,cl-inA,cl-inA030_conc-G5_writ-B5.wav,cl-inA/cl-inA030_conc-G5_writ-B5.wav,./wav/cl-inA/cl-inA030_conc-G5_writ-B5.wav
413,10,cl-inA,cl-inA031_conc-Gis5_writ-H5.wav,cl-inA/cl-inA031_conc-Gis5_writ-H5.wav,./wav/cl-inA/cl-inA031_conc-Gis5_writ-H5.wav
414,10,cl-inA,cl-inA032_conc-A5_writ-C6.wav,cl-inA/cl-inA032_conc-A5_writ-C6.wav,./wav/cl-inA/cl-inA032_conc-A5_writ-C6.wav
415,10,cl-inA,cl-inA033_conc-Ais5_writ-Cis6.wav,cl-inA/cl-inA033_conc-Ais5_writ-Cis6.wav,./wav/cl-inA/cl-inA033_conc-Ais5_writ-Cis6.wav
416,10,cl-inA,cl-inA034_conc-H5_writ-D6.wav,cl-inA/cl-inA034_conc-H5_writ-D6.wav,./wav/cl-inA/cl-inA034_conc-H5_writ-D6.wav
417,10,cl-inA,cl-inA035_conc-C6_writ-Es6.wav,cl-inA/cl-inA035_conc-C6_writ-Es6.wav,./wav/cl-inA/cl-inA035_conc-C6_writ-Es6.wav
418,10,cl-inA,cl-inA036_conc-Cis6_writ-E6.wav,cl-inA/cl-inA036_conc-Cis6_writ-E6.wav,./wav/cl-inA/cl-inA036_conc-Cis6_writ-E6.wav
419,10,cl-inA,cl-inA037_conc-D6_writ-F6.wav,cl-inA/cl-inA037_conc-D6_writ-F6.wav,./wav/cl-inA/cl-inA037_conc-D6_writ-F6.wav
420,10,cl-inA,cl-inA038_conc-Dis6_writ-Fis6.wav,cl-inA/cl-inA038_conc-Dis6_writ-Fis6.wav,./wav/cl-inA/cl-inA038_conc-Dis6_writ-Fis6.wav
421,10,cl-inA,cl-inA039_conc-E6_writ-G6.wav,cl-inA/cl-inA039_conc-E6_writ-G6.wav,./wav/cl-inA/cl-inA039_conc-E6_writ-G6.wav
422,10,cl-inA,cl-inA040_conc-F6_writ-As6.wav,cl-inA/cl-inA040_conc-F6_writ-As6.wav,./wav/cl-inA/cl-inA040_conc-F6_writ-As6.wav
423,10,cl-inA,cl-inA041_conc-Fis6_writ-A6.wav,cl-inA/cl-inA041_conc-Fis6_writ-A6.wav,./wav/cl-inA/cl-inA041_conc-Fis6_writ-A6.wav
424,11,basscl,basscl000_conc-B1_writ-C2.wav,basscl/basscl000_conc-B1_writ-C2.wav,./wav/basscl/basscl000_conc-B1_writ-C2.wav
425,11,basscl,basscl001_conc-H1_writ-Cis2.wav,basscl/basscl001_conc-H1_writ-Cis2.wav,./wav/basscl/basscl001_conc-H1_writ-Cis2.wav
426,11,basscl,basscl002_conc-C2_writ-D2.wav,basscl/basscl002_conc-C2_writ-D2.wav,./wav/basscl/basscl002_conc-C2_writ-D2.wav
427,11,basscl,basscl003_conc-Cis2_writ-Dis2.wav,basscl/basscl003_conc-Cis2_writ-Dis2.wav,./wav/basscl/basscl003_conc-Cis2_writ-Dis2.wav
428,11,basscl,basscl004_conc-D2_writ-E2.wav,basscl/basscl004_conc-D2_writ-E2.wav,./wav/basscl/basscl004_conc-D2_writ-E2.wav
429,11,basscl,basscl005_conc-Es2_writ-F2.wav,basscl/basscl005_conc-Es2_writ-F2.wav,./wav/basscl/basscl005_conc-Es2_writ-F2.wav
430,11,basscl,basscl006_conc-E2_writ-Fis2.wav,basscl/basscl006_conc-E2_writ-Fis2.wav,./wav/basscl/basscl006_conc-E2_writ-Fis2.wav
431,11,basscl,basscl007_conc-F2_writ-G2.wav,basscl/basscl007_conc-F2_writ-G2.wav,./wav/basscl/basscl007_conc-F2_writ-G2.wav
432,11,basscl,basscl008_conc-Fis2_writ-Gis2.wav,basscl/basscl008_conc-Fis2_writ-Gis2.wav,./wav/basscl/basscl008_conc-Fis2_writ-Gis2.wav
433,11,basscl,basscl009_conc-G2_writ-A2.wav,basscl/basscl009_conc-G2_writ-A2.wav,./wav/basscl/basscl009_conc-G2_writ-A2.wav
434,11,basscl,basscl010_conc-Gis2_writ-Ais2.wav,basscl/basscl010_conc-Gis2_writ-Ais2.wav,./wav/basscl/basscl010_conc-Gis2_writ-Ais2.wav
435,11,basscl,basscl011_conc-A2_writ-H2.wav,basscl/basscl011_conc-A2_writ-H2.wav,./wav/basscl/basscl011_conc-A2_writ-H2.wav
436,11,basscl,basscl012_conc-B2_writ-C3.wav,basscl/basscl012_conc-B2_writ-C3.wav,./wav/basscl/basscl012_conc-B2_writ-C3.wav
437,11,basscl,basscl013_conc-H2_writ-Cis3.wav,basscl/basscl013_conc-H2_writ-Cis3.wav,./wav/basscl/basscl013_conc-H2_writ-Cis3.wav
438,11,basscl,basscl014_conc-C3_writ-D3.wav,basscl/basscl014_conc-C3_writ-D3.wav,./wav/basscl/basscl014_conc-C3_writ-D3.wav
439,11,basscl,basscl015_conc-Cis3_writ-Dis3.wav,basscl/basscl015_conc-Cis3_writ-Dis3.wav,./wav/basscl/basscl015_conc-Cis3_writ-Dis3.wav
440,11,basscl,basscl016_conc-D3_writ-E3.wav,basscl/basscl016_conc-D3_writ-E3.wav,./wav/basscl/basscl016_conc-D3_writ-E3.wav
441,11,basscl,basscl017_conc-Es3_writ-F3.wav,basscl/basscl017_conc-Es3_writ-F3.wav,./wav/basscl/basscl017_conc-Es3_writ-F3.wav
442,11,basscl,basscl018_conc-E3_writ-Fis3.wav,basscl/basscl018_conc-E3_writ-Fis3.wav,./wav/basscl/basscl018_conc-E3_writ-Fis3.wav
443,11,basscl,basscl019_conc-F3_writ-G3.wav,basscl/basscl019_conc-F3_writ-G3.wav,./wav/basscl/basscl019_conc-F3_writ-G3.wav
444,11,basscl,basscl020_conc-Fis3_writ-Gis3.wav,basscl/basscl020_conc-Fis3_writ-Gis3.wav,./wav/basscl/basscl020_conc-Fis3_writ-Gis3.wav
445,11,basscl,basscl021_conc-G3_writ-A3.wav,basscl/basscl021_conc-G3_writ-A3.wav,./wav/basscl/basscl021_conc-G3_writ-A3.wav
446,11,basscl,basscl022_conc-Gis3_writ-Ais3.wav,basscl/basscl022_conc-Gis3_writ-Ais3.wav,./wav/basscl/basscl022_conc-Gis3_writ-Ais3.wav
447,11,basscl,basscl023_conc-A3_writ-H3.wav,basscl/basscl023_conc-A3_writ-H3.wav,./wav/basscl/basscl023_conc-A3_writ-H3.wav
448,11,basscl,basscl024_conc-B3_writ-C4.wav,basscl/basscl024_conc-B3_writ-C4.wav,./wav/basscl/basscl024_conc-B3_writ-C4.wav
449,11,basscl,basscl025_conc-H3_writ-Cis4.wav,basscl/basscl025_conc-H3_writ-Cis4.wav,./wav/basscl/basscl025_conc-H3_writ-Cis4.wav
450,11,basscl,basscl026_conc-C4_writ-D4.wav,basscl/basscl026_conc-C4_writ-D4.wav,./wav/basscl/basscl026_conc-C4_writ-D4.wav
451,11,basscl,basscl027_conc-Cis4_writ-Dis4.wav,basscl/basscl027_conc-Cis4_writ-Dis4.wav,./wav/basscl/basscl027_conc-Cis4_writ-Dis4.wav
452,11,basscl,basscl028_conc-D4_writ-E4.wav,basscl/basscl028_conc-D4_writ-E4.wav,./wav/basscl/basscl028_conc-D4_writ-E4.wav
453,11,basscl,basscl029_conc-Es4_writ-F4.wav,basscl/basscl029_conc-Es4_writ-F4.wav,./wav/basscl/basscl029_conc-Es4_writ-F4.wav
454,11,basscl,basscl030_conc-E4_writ-Fis4.wav,basscl/basscl030_conc-E4_writ-Fis4.wav,./wav/basscl/basscl030_conc-E4_writ-Fis4.wav
455,11,basscl,basscl031_conc-F4_writ-G4.wav,basscl/basscl031_conc-F4_writ-G4.wav,./wav/basscl/basscl031_conc-F4_writ-G4.wav
456,11,basscl,basscl032_conc-Fis4_writ-Gis4.wav,basscl/basscl032_conc-Fis4_writ-Gis4.wav,./wav/basscl/basscl032_conc-Fis4_writ-Gis4.wav
457,11,basscl,basscl033_conc-G4_writ-A4.wav,basscl/basscl033_conc-G4_writ-A4.wav,./wav/basscl/basscl033_conc-G4_writ-A4.wav
458,11,basscl,basscl034_conc-Gis4_writ-Ais4.wav,basscl/basscl034_conc-Gis4_writ-Ais4.wav,./wav/basscl/basscl034_conc-Gis4_writ-Ais4.wav
459,11,basscl,basscl035_conc-A4_writ-H4.wav,basscl/basscl035_conc-A4_writ-H4.wav,./wav/basscl/basscl035_conc-A4_writ-H4.wav
460,11,basscl,basscl036_conc-B4_writ-C5.wav,basscl/basscl036_conc-B4_writ-C5.wav,./wav/basscl/basscl036_conc-B4_writ-C5.wav
461,11,basscl,basscl037_conc-H4_writ-Cis5.wav,basscl/basscl037_conc-H4_writ-Cis5.wav,./wav/basscl/basscl037_conc-H4_writ-Cis5.wav
462,11,basscl,basscl038_conc-C5_writ-D5.wav,basscl/basscl038_conc-C5_writ-D5.wav,./wav/basscl/basscl038_conc-C5_writ-D5.wav
463,11,basscl,basscl039_conc-Cis5_writ-Dis5.wav,basscl/basscl039_conc-Cis5_writ-Dis5.wav,./wav/basscl/basscl039_conc-Cis5_writ-Dis5.wav
464,11,basscl,basscl040_conc-D5_writ-E5.wav,basscl/basscl040_conc-D5_writ-E5.wav,./wav/basscl/basscl040_conc-D5_writ-E5.wav
465,11,basscl,basscl041_conc-Es5_writ-F5.wav,basscl/basscl041_conc-Es5_writ-F5.wav,./wav/basscl/basscl041_conc-Es5_writ-F5.wav
466,11,basscl,basscl042_conc-E5_writ-Fis5.wav,basscl/basscl042_conc-E5_writ-Fis5.wav,./wav/basscl/basscl042_conc-E5_writ-Fis5.wav
467,11,basscl,basscl043_conc-F5_writ-G5.wav,basscl/basscl043_conc-F5_writ-G5.wav,./wav/basscl/basscl043_conc-F5_writ-G5.wav
468,12,fg,fg000_Ais1.wav,fg/fg000_Ais1.wav,./wav/fg/fg000_Ais1.wav
469,12,fg,fg001_H1.wav,fg/fg001_H1.wav,./wav/fg/fg001_H1.wav
470,12,fg,fg002_C2.wav,fg/fg002_C2.wav,./wav/fg/fg002_C2.wav
471,12,fg,fg003_Cis2.wav,fg/fg003_Cis2.wav,./wav/fg/fg003_Cis2.wav
472,12,fg,fg004_D2.wav,fg/fg004_D2.wav,./wav/fg/fg004_D2.wav
473,12,fg,fg005_Dis2.wav,fg/fg005_Dis2.wav,./wav/fg/fg005_Dis2.wav
474,12,fg,fg006_E2.wav,fg/fg006_E2.wav,./wav/fg/fg006_E2.wav
475,12,fg,fg007_F2.wav,fg/fg007_F2.wav,./wav/fg/fg007_F2.wav
476,12,fg,fg008_Fis2.wav,fg/fg008_Fis2.wav,./wav/fg/fg008_Fis2.wav
477,12,fg,fg009_G2.wav,fg/fg009_G2.wav,./wav/fg/fg009_G2.wav
478,12,fg,fg010_Gis2.wav,fg/fg010_Gis2.wav,./wav/fg/fg010_Gis2.wav
479,12,fg,fg011_A2.wav,fg/fg011_A2.wav,./wav/fg/fg011_A2.wav
480,12,fg,fg012_Ais2.wav,fg/fg012_Ais2.wav,./wav/fg/fg012_Ais2.wav
481,12,fg,fg013_H2.wav,fg/fg013_H2.wav,./wav/fg/fg013_H2.wav
482,12,fg,fg014_C3.wav,fg/fg014_C3.wav,./wav/fg/fg014_C3.wav
483,12,fg,fg015_Cis3.wav,fg/fg015_Cis3.wav,./wav/fg/fg015_Cis3.wav
484,12,fg,fg016_D3.wav,fg/fg016_D3.wav,./wav/fg/fg016_D3.wav
485,12,fg,fg017_Dis3.wav,fg/fg017_Dis3.wav,./wav/fg/fg017_Dis3.wav
486,12,fg,fg018_E3.wav,fg/fg018_E3.wav,./wav/fg/fg018_E3.wav
487,12,fg,fg019_F3.wav,fg/fg019_F3.wav,./wav/fg/fg019_F3.wav
488,12,fg,fg020_Fis3.wav,fg/fg020_Fis3.wav,./wav/fg/fg020_Fis3.wav
489,12,fg,fg021_G3.wav,fg/fg021_G3.wav,./wav/fg/fg021_G3.wav
490,12,fg,fg022_Gis3.wav,fg/fg022_Gis3.wav,./wav/fg/fg022_Gis3.wav
491,12,fg,fg023_A3.wav,fg/fg023_A3.wav,./wav/fg/fg023_A3.wav
492,12,fg,fg024_Ais3.wav,fg/fg024_Ais3.wav,./wav/fg/fg024_Ais3.wav
493,12,fg,fg025_H3.wav,fg/fg025_H3.wav,./wav/fg/fg025_H3.wav
494,12,fg,fg026_C4.wav,fg/fg026_C4.wav,./wav/fg/fg026_C4.wav
495,12,fg,fg027_Cis4.wav,fg/fg027_Cis4.wav,./wav/fg/fg027_Cis4.wav
496,12,fg,fg028_D4.wav,fg/fg028_D4.wav,./wav/fg/fg028_D4.wav
497,12,fg,fg029_Dis4.wav,fg/fg029_Dis4.wav,./wav/fg/fg029_Dis4.wav
498,12,fg,fg030_E4.wav,fg/fg030_E4.wav,./wav/fg/fg030_E4.wav
499,12,fg,fg031_F4.wav,fg/fg031_F4.wav,./wav/fg/fg031_F4.wav
500,12,fg,fg032_Fis4.wav,fg/fg032_Fis4.wav,./wav/fg/fg032_Fis4.wav
501,12,fg,fg033_G4.wav,fg/fg033_G4.wav,./wav/fg/fg033_G4.wav
502,12,fg,fg034_Gis4.wav,fg/fg034_Gis4.wav,./wav/fg/fg034_Gis4.wav
503,12,fg,fg035_A4.wav,fg/fg035_A4.wav,./wav/fg/fg035_A4.wav
504,12,fg,fg036_Ais4.wav,fg/fg036_Ais4.wav,./wav/fg/fg036_Ais4.wav
505,12,fg,fg037_H4.wav,fg/fg037_H4.wav,./wav/fg/fg037_H4.wav
506,12,fg,fg038_C5.wav,fg/fg038_C5.wav,./wav/fg/fg038_C5.wav
507,12,fg,fg039_Cis5.wav,fg/fg039_Cis5.wav,./wav/fg/fg039_Cis5.wav
508,12,fg,fg040_D5.wav,fg/fg040_D5.wav,./wav/fg/fg040_D5.wav
509,12,fg,fg041_G3_alt1.wav,fg/fg041_G3_alt1.wav,./wav/fg/fg041_G3_alt1.wav
510,12,fg,fg042_G3_alt2.wav,fg/fg042_G3_alt2.wav,./wav/fg/fg042_G3_alt2.wav
511,12,fg,fg043_G3_alt3.wav,fg/fg043_G3_alt3.wav,./wav/fg/fg043_G3_alt3.wav
512,12,fg,fg044_D4_alt1.wav,fg/fg044_D4_alt1.wav,./wav/fg/fg044_D4_alt1.wav
513,12,fg,fg045_D4_alt2.wav,fg/fg045_D4_alt2.wav,./wav/fg/fg045_D4_alt2.wav
514,12,fg,fg046_D4_alt3.wav,fg/fg046_D4_alt3.wav,./wav/fg/fg046_D4_alt3.wav
515,13,fh_tube-F,fh000_conc-H1_writ-Fis2_ovt-02_lvr-1+2+3_tube-F.wav,fh_tube-F/fh000_conc-H1_writ-Fis2_ovt-02_lvr-1+2+3_tube-F.wav,./wav/fh_tube-F/fh000_conc-H1_writ-Fis2_ovt-02_lvr-1+2+3_tube-F.wav
516,13,fh_tube-F,fh001_conc-C2_writ-G2_ovt-02_lvr-1+3_tube-F.wav,fh_tube-F/fh001_conc-C2_writ-G2_ovt-02_lvr-1+3_tube-F.wav,./wav/fh_tube-F/fh001_conc-C2_writ-G2_ovt-02_lvr-1+3_tube-F.wav
517,13,fh_tube-F,fh002_conc-Des2_writ-As2_ovt-02_lvr-2+3_tube-F.wav,fh_tube-F/fh002_conc-Des2_writ-As2_ovt-02_lvr-2+3_tube-F.wav,./wav/fh_tube-F/fh002_conc-Des2_writ-As2_ovt-02_lvr-2+3_tube-F.wav
518,13,fh_tube-F,fh003_conc-D2_writ-A2_ovt-02_lvr-1+2_tube-F.wav,fh_tube-F/fh003_conc-D2_writ-A2_ovt-02_lvr-1+2_tube-F.wav,./wav/fh_tube-F/fh003_conc-D2_writ-A2_ovt-02_lvr-1+2_tube-F.wav
519,13,fh_tube-F,fh004_conc-D2_writ-A2_ovt-02_lvr-3_tube-F.wav,fh_tube-F/fh004_conc-D2_writ-A2_ovt-02_lvr-3_tube-F.wav,./wav/fh_tube-F/fh004_conc-D2_writ-A2_ovt-02_lvr-3_tube-F.wav
520,13,fh_tube-F,fh005_conc-Es2_writ-B2_ovt-02_lvr-1_tube-F.wav,fh_tube-F/fh005_conc-Es2_writ-B2_ovt-02_lvr-1_tube-F.wav,./wav/fh_tube-F/fh005_conc-Es2_writ-B2_ovt-02_lvr-1_tube-F.wav
521,13,fh_tube-F,fh006_conc-E2_writ-H2_ovt-02_lvr-2_tube-F.wav,fh_tube-F/fh006_conc-E2_writ-H2_ovt-02_lvr-2_tube-F.wav,./wav/fh_tube-F/fh006_conc-E2_writ-H2_ovt-02_lvr-2_tube-F.wav
522,13,fh_tube-F,fh007_conc-F2_writ-C3_ovt-02_lvr-0_tube-F.wav,fh_tube-F/fh007_conc-F2_writ-C3_ovt-02_lvr-0_tube-F.wav,./wav/fh_tube-F/fh007_conc-F2_writ-C3_ovt-02_lvr-0_tube-F.wav
523,13,fh_tube-F,fh008_conc-Fis2_writ-Cis3_ovt-03_lvr-1+2+3_tube-F.wav,fh_tube-F/fh008_conc-Fis2_writ-Cis3_ovt-03_lvr-1+2+3_tube-F.wav,./wav/fh_tube-F/fh008_conc-Fis2_writ-Cis3_ovt-03_lvr-1+2+3_tube-F.wav
524,13,fh_tube-F,fh009_conc-G2_writ-D3_ovt-03_lvr-1+3_tube-F.wav,fh_tube-F/fh009_conc-G2_writ-D3_ovt-03_lvr-1+3_tube-F.wav,./wav/fh_tube-F/fh009_conc-G2_writ-D3_ovt-03_lvr-1+3_tube-F.wav
525,13,fh_tube-F,fh010_conc-As2_writ-Es3_ovt-03_lvr-2+3_tube-F.wav,fh_tube-F/fh010_conc-As2_writ-Es3_ovt-03_lvr-2+3_tube-F.wav,./wav/fh_tube-F/fh010_conc-As2_writ-Es3_ovt-03_lvr-2+3_tube-F.wav
526,13,fh_tube-F,fh011_conc-A2_writ-E3_ovt-03_lvr-1+2_tube-F.wav,fh_tube-F/fh011_conc-A2_writ-E3_ovt-03_lvr-1+2_tube-F.wav,./wav/fh_tube-F/fh011_conc-A2_writ-E3_ovt-03_lvr-1+2_tube-F.wav
527,13,fh_tube-F,fh012_conc-A2_writ-E3_ovt-03_lvr-3_tube-F.wav,fh_tube-F/fh012_conc-A2_writ-E3_ovt-03_lvr-3_tube-F.wav,./wav/fh_tube-F/fh012_conc-A2_writ-E3_ovt-03_lvr-3_tube-F.wav
528,13,fh_tube-F,fh013_conc-B2_writ-F3_ovt-03_lvr-1_tube-F.wav,fh_tube-F/fh013_conc-B2_writ-F3_ovt-03_lvr-1_tube-F.wav,./wav/fh_tube-F/fh013_conc-B2_writ-F3_ovt-03_lvr-1_tube-F.wav
529,13,fh_tube-F,fh014_conc-H2_writ-Fis3_ovt-03_lvr-2_tube-F.wav,fh_tube-F/fh014_conc-H2_writ-Fis3_ovt-03_lvr-2_tube-F.wav,./wav/fh_tube-F/fh014_conc-H2_writ-Fis3_ovt-03_lvr-2_tube-F.wav
530,13,fh_tube-F,fh015_conc-H2_writ-Fis3_ovt-04_lvr-1+2+3_tube-F.wav,fh_tube-F/fh015_conc-H2_writ-Fis3_ovt-04_lvr-1+2+3_tube-F.wav,./wav/fh_tube-F/fh015_conc-H2_writ-Fis3_ovt-04_lvr-1+2+3_tube-F.wav
531,13,fh_tube-F,fh016_conc-C3_writ-G3_ovt-03_lvr-0_tube-F.wav,fh_tube-F/fh016_conc-C3_writ-G3_ovt-03_lvr-0_tube-F.wav,./wav/fh_tube-F/fh016_conc-C3_writ-G3_ovt-03_lvr-0_tube-F.wav
532,13,fh_tube-F,fh017_conc-C3_writ-G3_ovt-04_lvr-1+3_tube-F.wav,fh_tube-F/fh017_conc-C3_writ-G3_ovt-04_lvr-1+3_tube-F.wav,./wav/fh_tube-F/fh017_conc-C3_writ-G3_ovt-04_lvr-1+3_tube-F.wav
533,13,fh_tube-F,fh018_conc-Des3_writ-As3_ovt-04_lvr-2+3_tube-F.wav,fh_tube-F/fh018_conc-Des3_writ-As3_ovt-04_lvr-2+3_tube-F.wav,./wav/fh_tube-F/fh018_conc-Des3_writ-As3_ovt-04_lvr-2+3_tube-F.wav
534,13,fh_tube-F,fh019_conc-D3_writ-A3_ovt-04_lvr-1+2_tube-F.wav,fh_tube-F/fh019_conc-D3_writ-A3_ovt-04_lvr-1+2_tube-F.wav,./wav/fh_tube-F/fh019_conc-D3_writ-A3_ovt-04_lvr-1+2_tube-F.wav
535,13,fh_tube-F,fh020_conc-D3_writ-A3_ovt-04_lvr-3_tube-F.wav,fh_tube-F/fh020_conc-D3_writ-A3_ovt-04_lvr-3_tube-F.wav,./wav/fh_tube-F/fh020_conc-D3_writ-A3_ovt-04_lvr-3_tube-F.wav
536,13,fh_tube-F,fh021_conc-Es3_writ-B3_ovt-04_lvr-1_tube-F.wav,fh_tube-F/fh021_conc-Es3_writ-B3_ovt-04_lvr-1_tube-F.wav,./wav/fh_tube-F/fh021_conc-Es3_writ-B3_ovt-04_lvr-1_tube-F.wav
537,13,fh_tube-F,fh022_conc-Dis3_writ-Ais3_ovt-05_lvr-1+2+3_tube-F.wav,fh_tube-F/fh022_conc-Dis3_writ-Ais3_ovt-05_lvr-1+2+3_tube-F.wav,./wav/fh_tube-F/fh022_conc-Dis3_writ-Ais3_ovt-05_lvr-1+2+3_tube-F.wav
538,13,fh_tube-F,fh023_conc-E3_writ-H3_ovt-04_lvr-2_tube-F.wav,fh_tube-F/fh023_conc-E3_writ-H3_ovt-04_lvr-2_tube-F.wav,./wav/fh_tube-F/fh023_conc-E3_writ-H3_ovt-04_lvr-2_tube-F.wav
539,13,fh_tube-F,fh024_conc-E3_writ-H3_ovt-05_lvr-1+3_tube-F.wav,fh_tube-F/fh024_conc-E3_writ-H3_ovt-05_lvr-1+3_tube-F.wav,./wav/fh_tube-F/fh024_conc-E3_writ-H3_ovt-05_lvr-1+3_tube-F.wav
540,13,fh_tube-F,fh025_conc-F3_writ-C4_ovt-04_lvr-0_tube-F.wav,fh_tube-F/fh025_conc-F3_writ-C4_ovt-04_lvr-0_tube-F.wav,./wav/fh_tube-F/fh025_conc-F3_writ-C4_ovt-04_lvr-0_tube-F.wav
541,13,fh_tube-F,fh026_conc-F3_writ-C4_ovt-05_lvr-2+3_tube-F.wav,fh_tube-F/fh026_conc-F3_writ-C4_ovt-05_lvr-2+3_tube-F.wav,./wav/fh_tube-F/fh026_conc-F3_writ-C4_ovt-05_lvr-2+3_tube-F.wav
542,13,fh_tube-F,fh027_conc-Fis3_writ-Cis4_ovt-05_lvr-3_tube-F.wav,fh_tube-F/fh027_conc-Fis3_writ-Cis4_ovt-05_lvr-3_tube-F.wav,./wav/fh_tube-F/fh027_conc-Fis3_writ-Cis4_ovt-05_lvr-3_tube-F.wav
543,13,fh_tube-F,fh028_conc-Fis3_writ-Cis4_ovt-05_lvr-1+2_tube-F.wav,fh_tube-F/fh028_conc-Fis3_writ-Cis4_ovt-05_lvr-1+2_tube-F.wav,./wav/fh_tube-F/fh028_conc-Fis3_writ-Cis4_ovt-05_lvr-1+2_tube-F.wav
544,13,fh_tube-F,fh029_conc-Fis3_writ-Cis4_ovt-06_lvr-1+2+3_tube-F.wav,fh_tube-F/fh029_conc-Fis3_writ-Cis4_ovt-06_lvr-1+2+3_tube-F.wav,./wav/fh_tube-F/fh029_conc-Fis3_writ-Cis4_ovt-06_lvr-1+2+3_tube-F.wav
545,13,fh_tube-F,fh030_conc-G3_writ-D4_ovt-05_lvr-1_tube-F.wav,fh_tube-F/fh030_conc-G3_writ-D4_ovt-05_lvr-1_tube-F.wav,./wav/fh_tube-F/fh030_conc-G3_writ-D4_ovt-05_lvr-1_tube-F.wav
546,13,fh_tube-F,fh031_conc-G3_writ-D4_ovt-06_lvr-1+3_tube-F.wav,fh_tube-F/fh031_conc-G3_writ-D4_ovt-06_lvr-1+3_tube-F.wav,./wav/fh_tube-F/fh031_conc-G3_writ-D4_ovt-06_lvr-1+3_tube-F.wav
547,13,fh_tube-F,fh032_conc-Gis3_writ-Dis4_ovt-05_lvr-2_tube-F.wav,fh_tube-F/fh032_conc-Gis3_writ-Dis4_ovt-05_lvr-2_tube-F.wav,./wav/fh_tube-F/fh032_conc-Gis3_writ-Dis4_ovt-05_lvr-2_tube-F.wav
548,13,fh_tube-F,fh033_conc-As3_writ-Es4_ovt-06_lvr-2+3_tube-F.wav,fh_tube-F/fh033_conc-As3_writ-Es4_ovt-06_lvr-2+3_tube-F.wav,./wav/fh_tube-F/fh033_conc-As3_writ-Es4_ovt-06_lvr-2+3_tube-F.wav
549,13,fh_tube-F,fh034_conc-A3_writ-E4_ovt-05_lvr-0_tube-F.wav,fh_tube-F/fh034_conc-A3_writ-E4_ovt-05_lvr-0_tube-F.wav,./wav/fh_tube-F/fh034_conc-A3_writ-E4_ovt-05_lvr-0_tube-F.wav
550,13,fh_tube-F,fh035_conc-A3_writ-E4_ovt-06_lvr-1+2_tube-F.wav,fh_tube-F/fh035_conc-A3_writ-E4_ovt-06_lvr-1+2_tube-F.wav,./wav/fh_tube-F/fh035_conc-A3_writ-E4_ovt-06_lvr-1+2_tube-F.wav
551,13,fh_tube-F,fh036_conc-A3_writ-E4_ovt-06_lvr-3_tube-F.wav,fh_tube-F/fh036_conc-A3_writ-E4_ovt-06_lvr-3_tube-F.wav,./wav/fh_tube-F/fh036_conc-A3_writ-E4_ovt-06_lvr-3_tube-F.wav
552,13,fh_tube-F,fh037_conc-A3_writ-E4_ovt-07_lvr-1+2+3_tube-F.wav,fh_tube-F/fh037_conc-A3_writ-E4_ovt-07_lvr-1+2+3_tube-F.wav,./wav/fh_tube-F/fh037_conc-A3_writ-E4_ovt-07_lvr-1+2+3_tube-F.wav
553,13,fh_tube-F,fh038_conc-B3_writ-F4_ovt-06_lvr-1_tube-F.wav,fh_tube-F/fh038_conc-B3_writ-F4_ovt-06_lvr-1_tube-F.wav,./wav/fh_tube-F/fh038_conc-B3_writ-F4_ovt-06_lvr-1_tube-F.wav
554,13,fh_tube-F,fh039_conc-B3_writ-F4_ovt-07_lvr-1+3_tube-F.wav,fh_tube-F/fh039_conc-B3_writ-F4_ovt-07_lvr-1+3_tube-F.wav,./wav/fh_tube-F/fh039_conc-B3_writ-F4_ovt-07_lvr-1+3_tube-F.wav
555,13,fh_tube-F,fh040_conc-H3_writ-Fis4_ovt-06_lvr-2_tube-F.wav,fh_tube-F/fh040_conc-H3_writ-Fis4_ovt-06_lvr-2_tube-F.wav,./wav/fh_tube-F/fh040_conc-H3_writ-Fis4_ovt-06_lvr-2_tube-F.wav
556,13,fh_tube-F,fh041_conc-Ces4_writ-Ges4_ovt-07_lvr-2+3_tube-F.wav,fh_tube-F/fh041_conc-Ces4_writ-Ges4_ovt-07_lvr-2+3_tube-F.wav,./wav/fh_tube-F/fh041_conc-Ces4_writ-Ges4_ovt-07_lvr-2+3_tube-F.wav
557,13,fh_tube-F,fh042_conc-H3_writ-Fis4_ovt-08_lvr-1+2+3_tube-F.wav,fh_tube-F/fh042_conc-H3_writ-Fis4_ovt-08_lvr-1+2+3_tube-F.wav,./wav/fh_tube-F/fh042_conc-H3_writ-Fis4_ovt-08_lvr-1+2+3_tube-F.wav
558,13,fh_tube-F,fh043_conc-C4_writ-G4_ovt-06_lvr-0_tube-F.wav,fh_tube-F/fh043_conc-C4_writ-G4_ovt-06_lvr-0_tube-F.wav,./wav/fh_tube-F/fh043_conc-C4_writ-G4_ovt-06_lvr-0_tube-F.wav
559,13,fh_tube-F,fh044_conc-C4_writ-G4_ovt-07_lvr-1+2_tube-F.wav,fh_tube-F/fh044_conc-C4_writ-G4_ovt-07_lvr-1+2_tube-F.wav,./wav/fh_tube-F/fh044_conc-C4_writ-G4_ovt-07_lvr-1+2_tube-F.wav
560,13,fh_tube-F,fh045_conc-C4_writ-G4_ovt-07_lvr-3_tube-F.wav,fh_tube-F/fh045_conc-C4_writ-G4_ovt-07_lvr-3_tube-F.wav,./wav/fh_tube-F/fh045_conc-C4_writ-G4_ovt-07_lvr-3_tube-F.wav
561,13,fh_tube-F,fh046_conc-C4_writ-G4_ovt-08_lvr-1+3_tube-F.wav,fh_tube-F/fh046_conc-C4_writ-G4_ovt-08_lvr-1+3_tube-F.wav,./wav/fh_tube-F/fh046_conc-C4_writ-G4_ovt-08_lvr-1+3_tube-F.wav
562,13,fh_tube-F,fh047_conc-Des4_writ-As4_ovt-07_lvr-1_tube-F.wav,fh_tube-F/fh047_conc-Des4_writ-As4_ovt-07_lvr-1_tube-F.wav,./wav/fh_tube-F/fh047_conc-Des4_writ-As4_ovt-07_lvr-1_tube-F.wav
563,13,fh_tube-F,fh048_conc-Des4_writ-As4_ovt-08_lvr-2+3_tube-F.wav,fh_tube-F/fh048_conc-Des4_writ-As4_ovt-08_lvr-2+3_tube-F.wav,./wav/fh_tube-F/fh048_conc-Des4_writ-As4_ovt-08_lvr-2+3_tube-F.wav
564,13,fh_tube-F,fh049_conc-Cis4_writ-Gis4_ovt-09_lvr-1+2+3_tube-F.wav,fh_tube-F/fh049_conc-Cis4_writ-Gis4_ovt-09_lvr-1+2+3_tube-F.wav,./wav/fh_tube-F/fh049_conc-Cis4_writ-Gis4_ovt-09_lvr-1+2+3_tube-F.wav
565,13,fh_tube-F,fh050_conc-D4_writ-A4_ovt-07_lvr-2_tube-F.wav,fh_tube-F/fh050_conc-D4_writ-A4_ovt-07_lvr-2_tube-F.wav,./wav/fh_tube-F/fh050_conc-D4_writ-A4_ovt-07_lvr-2_tube-F.wav
566,13,fh_tube-F,fh051_conc-D4_writ-A4_ovt-08_lvr-1+2_tube-F.wav,fh_tube-F/fh051_conc-D4_writ-A4_ovt-08_lvr-1+2_tube-F.wav,./wav/fh_tube-F/fh051_conc-D4_writ-A4_ovt-08_lvr-1+2_tube-F.wav
567,13,fh_tube-F,fh052_conc-D4_writ-A4_ovt-08_lvr-3_tube-F.wav,fh_tube-F/fh052_conc-D4_writ-A4_ovt-08_lvr-3_tube-F.wav,./wav/fh_tube-F/fh052_conc-D4_writ-A4_ovt-08_lvr-3_tube-F.wav
568,13,fh_tube-F,fh053_conc-D4_writ-A4_ovt-09_lvr-1+3_tube-F.wav,fh_tube-F/fh053_conc-D4_writ-A4_ovt-09_lvr-1+3_tube-F.wav,./wav/fh_tube-F/fh053_conc-D4_writ-A4_ovt-09_lvr-1+3_tube-F.wav
569,13,fh_tube-F,fh054_conc-Es4_writ-B4_ovt-07_lvr-0_tube-F.wav,fh_tube-F/fh054_conc-Es4_writ-B4_ovt-07_lvr-0_tube-F.wav,./wav/fh_tube-F/fh054_conc-Es4_writ-B4_ovt-07_lvr-0_tube-F.wav
570,13,fh_tube-F,fh055_conc-Es4_writ-B4_ovt-08_lvr-1_tube-F.wav,fh_tube-F/fh055_conc-Es4_writ-B4_ovt-08_lvr-1_tube-F.wav,./wav/fh_tube-F/fh055_conc-Es4_writ-B4_ovt-08_lvr-1_tube-F.wav
571,13,fh_tube-F,fh056_conc-Es4_writ-B4_ovt-09_lvr-2+3_tube-F.wav,fh_tube-F/fh056_conc-Es4_writ-B4_ovt-09_lvr-2+3_tube-F.wav,./wav/fh_tube-F/fh056_conc-Es4_writ-B4_ovt-09_lvr-2+3_tube-F.wav
572,13,fh_tube-F,fh057_conc-Dis4_writ-Ais4_ovt-10_lvr-1+2+3_tube-F.wav,fh_tube-F/fh057_conc-Dis4_writ-Ais4_ovt-10_lvr-1+2+3_tube-F.wav,./wav/fh_tube-F/fh057_conc-Dis4_writ-Ais4_ovt-10_lvr-1+2+3_tube-F.wav
573,13,fh_tube-F,fh058_conc-E4_writ-H4_ovt-08_lvr-2_tube-F.wav,fh_tube-F/fh058_conc-E4_writ-H4_ovt-08_lvr-2_tube-F.wav,./wav/fh_tube-F/fh058_conc-E4_writ-H4_ovt-08_lvr-2_tube-F.wav
574,13,fh_tube-F,fh059_conc-E4_writ-H4_ovt-09_lvr-1+2_tube-F.wav,fh_tube-F/fh059_conc-E4_writ-H4_ovt-09_lvr-1+2_tube-F.wav,./wav/fh_tube-F/fh059_conc-E4_writ-H4_ovt-09_lvr-1+2_tube-F.wav
575,13,fh_tube-F,fh060_conc-E4_writ-H4_ovt-09_lvr-3_tube-F.wav,fh_tube-F/fh060_conc-E4_writ-H4_ovt-09_lvr-3_tube-F.wav,./wav/fh_tube-F/fh060_conc-E4_writ-H4_ovt-09_lvr-3_tube-F.wav
576,13,fh_tube-F,fh061_conc-E4_writ-H4_ovt-10_lvr-1+3_tube-F.wav,fh_tube-F/fh061_conc-E4_writ-H4_ovt-10_lvr-1+3_tube-F.wav,./wav/fh_tube-F/fh061_conc-E4_writ-H4_ovt-10_lvr-1+3_tube-F.wav
577,13,fh_tube-F,fh062_conc-F4_writ-C5_ovt-08_lvr-0_tube-F.wav,fh_tube-F/fh062_conc-F4_writ-C5_ovt-08_lvr-0_tube-F.wav,./wav/fh_tube-F/fh062_conc-F4_writ-C5_ovt-08_lvr-0_tube-F.wav
578,13,fh_tube-F,fh063_conc-F4_writ-C5_ovt-09_lvr-1_tube-F.wav,fh_tube-F/fh063_conc-F4_writ-C5_ovt-09_lvr-1_tube-F.wav,./wav/fh_tube-F/fh063_conc-F4_writ-C5_ovt-09_lvr-1_tube-F.wav
579,13,fh_tube-F,fh064_conc-F4_writ-C5_ovt-10_lvr-2+3_tube-F.wav,fh_tube-F/fh064_conc-F4_writ-C5_ovt-10_lvr-2+3_tube-F.wav,./wav/fh_tube-F/fh064_conc-F4_writ-C5_ovt-10_lvr-2+3_tube-F.wav
580,13,fh_tube-F,fh065_conc-Fis4_writ-Cis5_ovt-09_lvr-2_tube-F.wav,fh_tube-F/fh065_conc-Fis4_writ-Cis5_ovt-09_lvr-2_tube-F.wav,./wav/fh_tube-F/fh065_conc-Fis4_writ-Cis5_ovt-09_lvr-2_tube-F.wav
581,13,fh_tube-F,fh066_conc-Fis4_writ-Cis5_ovt-10_lvr-1+2_tube-F.wav,fh_tube-F/fh066_conc-Fis4_writ-Cis5_ovt-10_lvr-1+2_tube-F.wav,./wav/fh_tube-F/fh066_conc-Fis4_writ-Cis5_ovt-10_lvr-1+2_tube-F.wav
582,13,fh_tube-F,fh067_conc-Fis4_writ-Cis5_ovt-10_lvr-3_tube-F.wav,fh_tube-F/fh067_conc-Fis4_writ-Cis5_ovt-10_lvr-3_tube-F.wav,./wav/fh_tube-F/fh067_conc-Fis4_writ-Cis5_ovt-10_lvr-3_tube-F.wav
583,13,fh_tube-F,fh068_conc-Fis4_writ-Cis5_ovt-12_lvr-1+2+3_tube-F.wav,fh_tube-F/fh068_conc-Fis4_writ-Cis5_ovt-12_lvr-1+2+3_tube-F.wav,./wav/fh_tube-F/fh068_conc-Fis4_writ-Cis5_ovt-12_lvr-1+2+3_tube-F.wav
584,13,fh_tube-F,fh069_conc-G4_writ-D5_ovt-09_lvr-0_tube-F.wav,fh_tube-F/fh069_conc-G4_writ-D5_ovt-09_lvr-0_tube-F.wav,./wav/fh_tube-F/fh069_conc-G4_writ-D5_ovt-09_lvr-0_tube-F.wav
585,13,fh_tube-F,fh070_conc-G4_writ-D5_ovt-10_lvr-1_tube-F.wav,fh_tube-F/fh070_conc-G4_writ-D5_ovt-10_lvr-1_tube-F.wav,./wav/fh_tube-F/fh070_conc-G4_writ-D5_ovt-10_lvr-1_tube-F.wav
586,13,fh_tube-F,fh071_conc-G4_writ-D5_ovt-12_lvr-1+3_tube-F.wav,fh_tube-F/fh071_conc-G4_writ-D5_ovt-12_lvr-1+3_tube-F.wav,./wav/fh_tube-F/fh071_conc-G4_writ-D5_ovt-12_lvr-1+3_tube-F.wav
587,13,fh_tube-F,fh072_conc-Gis4_writ-Dis5_ovt-10_lvr-2_tube-F.wav,fh_tube-F/fh072_conc-Gis4_writ-Dis5_ovt-10_lvr-2_tube-F.wav,./wav/fh_tube-F/fh072_conc-Gis4_writ-Dis5_ovt-10_lvr-2_tube-F.wav
588,13,fh_tube-F,fh073_conc-As4_writ-Es5_ovt-12_lvr-2+3_tube-F.wav,fh_tube-F/fh073_conc-As4_writ-Es5_ovt-12_lvr-2+3_tube-F.wav,./wav/fh_tube-F/fh073_conc-As4_writ-Es5_ovt-12_lvr-2+3_tube-F.wav
589,13,fh_tube-F,fh074_conc-A4_writ-E5_ovt-10_lvr-0_tube-F.wav,fh_tube-F/fh074_conc-A4_writ-E5_ovt-10_lvr-0_tube-F.wav,./wav/fh_tube-F/fh074_conc-A4_writ-E5_ovt-10_lvr-0_tube-F.wav
590,13,fh_tube-F,fh075_conc-A4_writ-E5_ovt-12_lvr-1+2_tube-F.wav,fh_tube-F/fh075_conc-A4_writ-E5_ovt-12_lvr-1+2_tube-F.wav,./wav/fh_tube-F/fh075_conc-A4_writ-E5_ovt-12_lvr-1+2_tube-F.wav
591,13,fh_tube-F,fh076_conc-A4_writ-E5_ovt-12_lvr-3_tube-F.wav,fh_tube-F/fh076_conc-A4_writ-E5_ovt-12_lvr-3_tube-F.wav,./wav/fh_tube-F/fh076_conc-A4_writ-E5_ovt-12_lvr-3_tube-F.wav
592,13,fh_tube-F,fh077_conc-B4_writ-F5_ovt-12_lvr-1_tube-F.wav,fh_tube-F/fh077_conc-B4_writ-F5_ovt-12_lvr-1_tube-F.wav,./wav/fh_tube-F/fh077_conc-B4_writ-F5_ovt-12_lvr-1_tube-F.wav
593,13,fh_tube-F,fh078_conc-H4_writ-Fis5_ovt-11_lvr-0_tube-F.wav,fh_tube-F/fh078_conc-H4_writ-Fis5_ovt-11_lvr-0_tube-F.wav,./wav/fh_tube-F/fh078_conc-H4_writ-Fis5_ovt-11_lvr-0_tube-F.wav
594,13,fh_tube-F,fh079_conc-H4_writ-Fis5_ovt-12_lvr-1_tube-F.wav,fh_tube-F/fh079_conc-H4_writ-Fis5_ovt-12_lvr-1_tube-F.wav,./wav/fh_tube-F/fh079_conc-H4_writ-Fis5_ovt-12_lvr-1_tube-F.wav
595,13,fh_tube-F,fh080_conc-C5_writ-G5_ovt-12_lvr-0_tube-F.wav,fh_tube-F/fh080_conc-C5_writ-G5_ovt-12_lvr-0_tube-F.wav,./wav/fh_tube-F/fh080_conc-C5_writ-G5_ovt-12_lvr-0_tube-F.wav
596,13,fh_tube-F,fh081_conc-Des5_writ-As5_ovt-13_lvr-0_tube-F.wav,fh_tube-F/fh081_conc-Des5_writ-As5_ovt-13_lvr-0_tube-F.wav,./wav/fh_tube-F/fh081_conc-Des5_writ-As5_ovt-13_lvr-0_tube-F.wav
597,13,fh_tube-F,fh082_conc-D5_writ-A5_ovt-14_lvr-2_tube-F.wav,fh_tube-F/fh082_conc-D5_writ-A5_ovt-14_lvr-2_tube-F.wav,./wav/fh_tube-F/fh082_conc-D5_writ-A5_ovt-14_lvr-2_tube-F.wav
598,13,fh_tube-F,fh083_conc-Es5_writ-B5_ovt-14_lvr-0_tube-F.wav,fh_tube-F/fh083_conc-Es5_writ-B5_ovt-14_lvr-0_tube-F.wav,./wav/fh_tube-F/fh083_conc-Es5_writ-B5_ovt-14_lvr-0_tube-F.wav
599,13,fh_tube-F,fh084_conc-E5_writ-H5_ovt-15_lvr-0_tube-F.wav,fh_tube-F/fh084_conc-E5_writ-H5_ovt-15_lvr-0_tube-F.wav,./wav/fh_tube-F/fh084_conc-E5_writ-H5_ovt-15_lvr-0_tube-F.wav
600,13,fh_tube-F,fh085_conc-F5_writ-C6_ovt-16_lvr-0_tube-F.wav,fh_tube-F/fh085_conc-F5_writ-C6_ovt-16_lvr-0_tube-F.wav,./wav/fh_tube-F/fh085_conc-F5_writ-C6_ovt-16_lvr-0_tube-F.wav
601,14,fh_tube-B,fh000_conc-B1_writ-F2_ovt-01_lvr-0_tube-B.wav,fh_tube-B/fh000_conc-B1_writ-F2_ovt-01_lvr-0_tube-B.wav,./wav/fh_tube-B/fh000_conc-B1_writ-F2_ovt-01_lvr-0_tube-B.wav
602,14,fh_tube-B,fh001_conc-B2_writ-F3_ovt-02_lvr-0_tube-B.wav,fh_tube-B/fh001_conc-B2_writ-F3_ovt-02_lvr-0_tube-B.wav,./wav/fh_tube-B/fh001_conc-B2_writ-F3_ovt-02_lvr-0_tube-B.wav
603,14,fh_tube-B,fh002_conc-F3_writ-C4_ovt-03_lvr-0_tube-B.wav,fh_tube-B/fh002_conc-F3_writ-C4_ovt-03_lvr-0_tube-B.wav,./wav/fh_tube-B/fh002_conc-F3_writ-C4_ovt-03_lvr-0_tube-B.wav
604,14,fh_tube-B,fh003_conc-B3_writ-F4_ovt-04_lvr-0_tube-B.wav,fh_tube-B/fh003_conc-B3_writ-F4_ovt-04_lvr-0_tube-B.wav,./wav/fh_tube-B/fh003_conc-B3_writ-F4_ovt-04_lvr-0_tube-B.wav
605,14,fh_tube-B,fh004_conc-D4_writ-A4_ovt-05_lvr-0_tube-B.wav,fh_tube-B/fh004_conc-D4_writ-A4_ovt-05_lvr-0_tube-B.wav,./wav/fh_tube-B/fh004_conc-D4_writ-A4_ovt-05_lvr-0_tube-B.wav
606,14,fh_tube-B,fh005_conc-F4_writ-C5_ovt-06_lvr-0_tube-B.wav,fh_tube-B/fh005_conc-F4_writ-C5_ovt-06_lvr-0_tube-B.wav,./wav/fh_tube-B/fh005_conc-F4_writ-C5_ovt-06_lvr-0_tube-B.wav
607,14,fh_tube-B,fh006_conc-As4_writ-Es5_ovt-07_lvr-0_tube-B.wav,fh_tube-B/fh006_conc-As4_writ-Es5_ovt-07_lvr-0_tube-B.wav,./wav/fh_tube-B/fh006_conc-As4_writ-Es5_ovt-07_lvr-0_tube-B.wav
608,14,fh_tube-B,fh007_conc-B4_writ-F5_ovt-08_lvr-0_tube-B.wav,fh_tube-B/fh007_conc-B4_writ-F5_ovt-08_lvr-0_tube-B.wav,./wav/fh_tube-B/fh007_conc-B4_writ-F5_ovt-08_lvr-0_tube-B.wav
609,14,fh_tube-B,fh008_conc-C5_writ-G5_ovt-09_lvr-0_tube-B.wav,fh_tube-B/fh008_conc-C5_writ-G5_ovt-09_lvr-0_tube-B.wav,./wav/fh_tube-B/fh008_conc-C5_writ-G5_ovt-09_lvr-0_tube-B.wav
610,14,fh_tube-B,fh009_conc-D5_writ-A5_ovt-10_lvr-0_tube-B.wav,fh_tube-B/fh009_conc-D5_writ-A5_ovt-10_lvr-0_tube-B.wav,./wav/fh_tube-B/fh009_conc-D5_writ-A5_ovt-10_lvr-0_tube-B.wav
611,14,fh_tube-B,fh010_conc-F5_writ-C6_ovt-12_lvr-0_tube-B.wav,fh_tube-B/fh010_conc-F5_writ-C6_ovt-12_lvr-0_tube-B.wav,./wav/fh_tube-B/fh010_conc-F5_writ-C6_ovt-12_lvr-0_tube-B.wav
612,15,basstrb,basstrb000_E1_ovt-01_pos-VII.wav,basstrb/basstrb000_E1_ovt-01_pos-VII.wav,./wav/basstrb/basstrb000_E1_ovt-01_pos-VII.wav
613,15,basstrb,basstrb001_F1_ovt-01_pos-VI.wav,basstrb/basstrb001_F1_ovt-01_pos-VI.wav,./wav/basstrb/basstrb001_F1_ovt-01_pos-VI.wav
614,15,basstrb,basstrb002_Fis1_ovt-01_pos-V.wav,basstrb/basstrb002_Fis1_ovt-01_pos-V.wav,./wav/basstrb/basstrb002_Fis1_ovt-01_pos-V.wav
615,15,basstrb,basstrb003_G1_ovt-01_pos-IV.wav,basstrb/basstrb003_G1_ovt-01_pos-IV.wav,./wav/basstrb/basstrb003_G1_ovt-01_pos-IV.wav
616,15,basstrb,basstrb004_As1_ovt-01_pos-III.wav,basstrb/basstrb004_As1_ovt-01_pos-III.wav,./wav/basstrb/basstrb004_As1_ovt-01_pos-III.wav
617,15,basstrb,basstrb005_A1_ovt-01_pos-II.wav,basstrb/basstrb005_A1_ovt-01_pos-II.wav,./wav/basstrb/basstrb005_A1_ovt-01_pos-II.wav
618,15,basstrb,basstrb006_B1_ovt-01_pos-I.wav,basstrb/basstrb006_B1_ovt-01_pos-I.wav,./wav/basstrb/basstrb006_B1_ovt-01_pos-I.wav
619,15,basstrb,basstrb007_E2_ovt-02_pos-VII.wav,basstrb/basstrb007_E2_ovt-02_pos-VII.wav,./wav/basstrb/basstrb007_E2_ovt-02_pos-VII.wav
620,15,basstrb,basstrb008_F2_ovt-02_pos-VI.wav,basstrb/basstrb008_F2_ovt-02_pos-VI.wav,./wav/basstrb/basstrb008_F2_ovt-02_pos-VI.wav
621,15,basstrb,basstrb009_Fis2_ovt-02_pos-V.wav,basstrb/basstrb009_Fis2_ovt-02_pos-V.wav,./wav/basstrb/basstrb009_Fis2_ovt-02_pos-V.wav
622,15,basstrb,basstrb010_G2_ovt-02_pos-IV.wav,basstrb/basstrb010_G2_ovt-02_pos-IV.wav,./wav/basstrb/basstrb010_G2_ovt-02_pos-IV.wav
623,15,basstrb,basstrb011_As2_ovt-02_pos-III.wav,basstrb/basstrb011_As2_ovt-02_pos-III.wav,./wav/basstrb/basstrb011_As2_ovt-02_pos-III.wav
624,15,basstrb,basstrb012_A2_ovt-02_pos-II.wav,basstrb/basstrb012_A2_ovt-02_pos-II.wav,./wav/basstrb/basstrb012_A2_ovt-02_pos-II.wav
625,15,basstrb,basstrb013_B2_ovt-02_pos-I.wav,basstrb/basstrb013_B2_ovt-02_pos-I.wav,./wav/basstrb/basstrb013_B2_ovt-02_pos-I.wav
626,15,basstrb,basstrb014_H2_ovt-03_pos-VII.wav,basstrb/basstrb014_H2_ovt-03_pos-VII.wav,./wav/basstrb/basstrb014_H2_ovt-03_pos-VII.wav
627,15,basstrb,basstrb015_C3_ovt-03_pos-VI.wav,basstrb/basstrb015_C3_ovt-03_pos-VI.wav,./wav/basstrb/basstrb015_C3_ovt-03_pos-VI.wav
628,15,basstrb,basstrb016_Cis3_ovt-03_pos-V.wav,basstrb/basstrb016_Cis3_ovt-03_pos-V.wav,./wav/basstrb/basstrb016_Cis3_ovt-03_pos-V.wav
629,15,basstrb,basstrb017_D3_ovt-03_pos-IV.wav,basstrb/basstrb017_D3_ovt-03_pos-IV.wav,./wav/basstrb/basstrb017_D3_ovt-03_pos-IV.wav
630,15,basstrb,basstrb018_Es3_ovt-03_pos-III.wav,basstrb/basstrb018_Es3_ovt-03_pos-III.wav,./wav/basstrb/basstrb018_Es3_ovt-03_pos-III.wav
631,15,basstrb,basstrb019_E3_ovt-03_pos-II.wav,basstrb/basstrb019_E3_ovt-03_pos-II.wav,./wav/basstrb/basstrb019_E3_ovt-03_pos-II.wav
632,15,basstrb,basstrb020_E3_ovt-04_pos-VII.wav,basstrb/basstrb020_E3_ovt-04_pos-VII.wav,./wav/basstrb/basstrb020_E3_ovt-04_pos-VII.wav
633,15,basstrb,basstrb021_F3_ovt-03_pos-I.wav,basstrb/basstrb021_F3_ovt-03_pos-I.wav,./wav/basstrb/basstrb021_F3_ovt-03_pos-I.wav
634,15,basstrb,basstrb022_F3_ovt-04_pos-VI.wav,basstrb/basstrb022_F3_ovt-04_pos-VI.wav,./wav/basstrb/basstrb022_F3_ovt-04_pos-VI.wav
635,15,basstrb,basstrb023_Fis3_ovt-04_pos-V.wav,basstrb/basstrb023_Fis3_ovt-04_pos-V.wav,./wav/basstrb/basstrb023_Fis3_ovt-04_pos-V.wav
636,15,basstrb,basstrb024_G3_ovt-04_pos-IV.wav,basstrb/basstrb024_G3_ovt-04_pos-IV.wav,./wav/basstrb/basstrb024_G3_ovt-04_pos-IV.wav
637,15,basstrb,basstrb025_As3_ovt-04_pos-III.wav,basstrb/basstrb025_As3_ovt-04_pos-III.wav,./wav/basstrb/basstrb025_As3_ovt-04_pos-III.wav
638,15,basstrb,basstrb026_Gis3_ovt-05_pos-VII.wav,basstrb/basstrb026_Gis3_ovt-05_pos-VII.wav,./wav/basstrb/basstrb026_Gis3_ovt-05_pos-VII.wav
639,15,basstrb,basstrb027_A3_ovt-04_pos-II.wav,basstrb/basstrb027_A3_ovt-04_pos-II.wav,./wav/basstrb/basstrb027_A3_ovt-04_pos-II.wav
640,15,basstrb,basstrb028_A3_ovt-05_pos-VI.wav,basstrb/basstrb028_A3_ovt-05_pos-VI.wav,./wav/basstrb/basstrb028_A3_ovt-05_pos-VI.wav
641,15,basstrb,basstrb029_B3_ovt-04_pos-I.wav,basstrb/basstrb029_B3_ovt-04_pos-I.wav,./wav/basstrb/basstrb029_B3_ovt-04_pos-I.wav
642,15,basstrb,basstrb030_Ais3_ovt-05_pos-V.wav,basstrb/basstrb030_Ais3_ovt-05_pos-V.wav,./wav/basstrb/basstrb030_Ais3_ovt-05_pos-V.wav
643,15,basstrb,basstrb031_H3_ovt-05_pos-IV.wav,basstrb/basstrb031_H3_ovt-05_pos-IV.wav,./wav/basstrb/basstrb031_H3_ovt-05_pos-IV.wav
644,15,basstrb,basstrb032_H3_ovt-06_pos-VII.wav,basstrb/basstrb032_H3_ovt-06_pos-VII.wav,./wav/basstrb/basstrb032_H3_ovt-06_pos-VII.wav
645,15,basstrb,basstrb033_C4_ovt-05_pos-III.wav,basstrb/basstrb033_C4_ovt-05_pos-III.wav,./wav/basstrb/basstrb033_C4_ovt-05_pos-III.wav
646,15,basstrb,basstrb034_C4_ovt-06_pos-VI.wav,basstrb/basstrb034_C4_ovt-06_pos-VI.wav,./wav/basstrb/basstrb034_C4_ovt-06_pos-VI.wav
647,15,basstrb,basstrb035_Cis4_ovt-05_pos-II.wav,basstrb/basstrb035_Cis4_ovt-05_pos-II.wav,./wav/basstrb/basstrb035_Cis4_ovt-05_pos-II.wav
648,15,basstrb,basstrb036_Cis4_ovt-06_pos-V.wav,basstrb/basstrb036_Cis4_ovt-06_pos-V.wav,./wav/basstrb/basstrb036_Cis4_ovt-06_pos-V.wav
649,15,basstrb,basstrb037_D4_ovt-05_pos-I.wav,basstrb/basstrb037_D4_ovt-05_pos-I.wav,./wav/basstrb/basstrb037_D4_ovt-05_pos-I.wav
650,15,basstrb,basstrb038_D4_ovt-06_pos-IV.wav,basstrb/basstrb038_D4_ovt-06_pos-IV.wav,./wav/basstrb/basstrb038_D4_ovt-06_pos-IV.wav
651,15,basstrb,basstrb039_D4_ovt-07_pos-VII.wav,basstrb/basstrb039_D4_ovt-07_pos-VII.wav,./wav/basstrb/basstrb039_D4_ovt-07_pos-VII.wav
652,15,basstrb,basstrb040_Es4_ovt-06_pos-III.wav,basstrb/basstrb040_Es4_ovt-06_pos-III.wav,./wav/basstrb/basstrb040_Es4_ovt-06_pos-III.wav
653,15,basstrb,basstrb041_Es4_ovt-07_pos-VI.wav,basstrb/basstrb041_Es4_ovt-07_pos-VI.wav,./wav/basstrb/basstrb041_Es4_ovt-07_pos-VI.wav
654,15,basstrb,basstrb042_E4_ovt-06_pos-II.wav,basstrb/basstrb042_E4_ovt-06_pos-II.wav,./wav/basstrb/basstrb042_E4_ovt-06_pos-II.wav
655,15,basstrb,basstrb043_E4_ovt-07_pos-V.wav,basstrb/basstrb043_E4_ovt-07_pos-V.wav,./wav/basstrb/basstrb043_E4_ovt-07_pos-V.wav
656,15,basstrb,basstrb044_E4_ovt-08_pos-VII.wav,basstrb/basstrb044_E4_ovt-08_pos-VII.wav,./wav/basstrb/basstrb044_E4_ovt-08_pos-VII.wav
657,15,basstrb,basstrb045_F4_ovt-06_pos-I.wav,basstrb/basstrb045_F4_ovt-06_pos-I.wav,./wav/basstrb/basstrb045_F4_ovt-06_pos-I.wav
658,15,basstrb,basstrb046_F4_ovt-07_pos-IV.wav,basstrb/basstrb046_F4_ovt-07_pos-IV.wav,./wav/basstrb/basstrb046_F4_ovt-07_pos-IV.wav
659,15,basstrb,basstrb047_F4_ovt-08_pos-VI.wav,basstrb/basstrb047_F4_ovt-08_pos-VI.wav,./wav/basstrb/basstrb047_F4_ovt-08_pos-VI.wav
660,15,basstrb,basstrb048_Ges4_ovt-07_pos-III.wav,basstrb/basstrb048_Ges4_ovt-07_pos-III.wav,./wav/basstrb/basstrb048_Ges4_ovt-07_pos-III.wav
661,15,basstrb,basstrb049_Fis4_ovt-08_pos-V.wav,basstrb/basstrb049_Fis4_ovt-08_pos-V.wav,./wav/basstrb/basstrb049_Fis4_ovt-08_pos-V.wav
662,15,basstrb,basstrb050_G4_ovt-07_pos-II.wav,basstrb/basstrb050_G4_ovt-07_pos-II.wav,./wav/basstrb/basstrb050_G4_ovt-07_pos-II.wav
663,15,basstrb,basstrb051_G4_ovt-08_pos-IV.wav,basstrb/basstrb051_G4_ovt-08_pos-IV.wav,./wav/basstrb/basstrb051_G4_ovt-08_pos-IV.wav
664,15,basstrb,basstrb052_As4_ovt-07_pos-I.wav,basstrb/basstrb052_As4_ovt-07_pos-I.wav,./wav/basstrb/basstrb052_As4_ovt-07_pos-I.wav
665,15,basstrb,basstrb053_As4_ovt-08_pos-III.wav,basstrb/basstrb053_As4_ovt-08_pos-III.wav,./wav/basstrb/basstrb053_As4_ovt-08_pos-III.wav
666,15,basstrb,basstrb054_A4_ovt-08_pos-II.wav,basstrb/basstrb054_A4_ovt-08_pos-II.wav,./wav/basstrb/basstrb054_A4_ovt-08_pos-II.wav
667,15,basstrb,basstrb055_B4_ovt-08_pos-I.wav,basstrb/basstrb055_B4_ovt-08_pos-I.wav,./wav/basstrb/basstrb055_B4_ovt-08_pos-I.wav
668,16,basstrb_mute-straight,basstrb000_E1_ovt-01_pos-VII_mute-straight.wav,basstrb_mute-straight/basstrb000_E1_ovt-01_pos-VII_mute-straight.wav,./wav/basstrb_mute-straight/basstrb000_E1_ovt-01_pos-VII_mute-straight.wav
669,16,basstrb_mute-straight,basstrb001_F1_ovt-01_pos-VI_mute-straight.wav,basstrb_mute-straight/basstrb001_F1_ovt-01_pos-VI_mute-straight.wav,./wav/basstrb_mute-straight/basstrb001_F1_ovt-01_pos-VI_mute-straight.wav
670,16,basstrb_mute-straight,basstrb002_Fis1_ovt-01_pos-V_mute-straight.wav,basstrb_mute-straight/basstrb002_Fis1_ovt-01_pos-V_mute-straight.wav,./wav/basstrb_mute-straight/basstrb002_Fis1_ovt-01_pos-V_mute-straight.wav
671,16,basstrb_mute-straight,basstrb003_G1_ovt-01_pos-IV_mute-straight.wav,basstrb_mute-straight/basstrb003_G1_ovt-01_pos-IV_mute-straight.wav,./wav/basstrb_mute-straight/basstrb003_G1_ovt-01_pos-IV_mute-straight.wav
672,16,basstrb_mute-straight,basstrb004_As1_ovt-01_pos-III_mute-straight.wav,basstrb_mute-straight/basstrb004_As1_ovt-01_pos-III_mute-straight.wav,./wav/basstrb_mute-straight/basstrb004_As1_ovt-01_pos-III_mute-straight.wav
673,16,basstrb_mute-straight,basstrb005_A1_ovt-01_pos-II_mute-straight.wav,basstrb_mute-straight/basstrb005_A1_ovt-01_pos-II_mute-straight.wav,./wav/basstrb_mute-straight/basstrb005_A1_ovt-01_pos-II_mute-straight.wav
674,16,basstrb_mute-straight,basstrb006_B1_ovt-01_pos-I_mute-straight.wav,basstrb_mute-straight/basstrb006_B1_ovt-01_pos-I_mute-straight.wav,./wav/basstrb_mute-straight/basstrb006_B1_ovt-01_pos-I_mute-straight.wav
675,16,basstrb_mute-straight,basstrb007_E2_ovt-02_pos-VII_mute-straight.wav,basstrb_mute-straight/basstrb007_E2_ovt-02_pos-VII_mute-straight.wav,./wav/basstrb_mute-straight/basstrb007_E2_ovt-02_pos-VII_mute-straight.wav
676,16,basstrb_mute-straight,basstrb008_F2_ovt-02_pos-VI_mute-straight.wav,basstrb_mute-straight/basstrb008_F2_ovt-02_pos-VI_mute-straight.wav,./wav/basstrb_mute-straight/basstrb008_F2_ovt-02_pos-VI_mute-straight.wav
677,16,basstrb_mute-straight,basstrb009_Fis2_ovt-02_pos-V_mute-straight.wav,basstrb_mute-straight/basstrb009_Fis2_ovt-02_pos-V_mute-straight.wav,./wav/basstrb_mute-straight/basstrb009_Fis2_ovt-02_pos-V_mute-straight.wav
678,16,basstrb_mute-straight,basstrb010_G2_ovt-02_pos-IV_mute-straight.wav,basstrb_mute-straight/basstrb010_G2_ovt-02_pos-IV_mute-straight.wav,./wav/basstrb_mute-straight/basstrb010_G2_ovt-02_pos-IV_mute-straight.wav
679,16,basstrb_mute-straight,basstrb011_As2_ovt-02_pos-III_mute-straight.wav,basstrb_mute-straight/basstrb011_As2_ovt-02_pos-III_mute-straight.wav,./wav/basstrb_mute-straight/basstrb011_As2_ovt-02_pos-III_mute-straight.wav
680,16,basstrb_mute-straight,basstrb012_A2_ovt-02_pos-II_mute-straight.wav,basstrb_mute-straight/basstrb012_A2_ovt-02_pos-II_mute-straight.wav,./wav/basstrb_mute-straight/basstrb012_A2_ovt-02_pos-II_mute-straight.wav
681,16,basstrb_mute-straight,basstrb013_B2_ovt-02_pos-I_mute-straight.wav,basstrb_mute-straight/basstrb013_B2_ovt-02_pos-I_mute-straight.wav,./wav/basstrb_mute-straight/basstrb013_B2_ovt-02_pos-I_mute-straight.wav
682,16,basstrb_mute-straight,basstrb014_H2_ovt-03_pos-VII_mute-straight.wav,basstrb_mute-straight/basstrb014_H2_ovt-03_pos-VII_mute-straight.wav,./wav/basstrb_mute-straight/basstrb014_H2_ovt-03_pos-VII_mute-straight.wav
683,16,basstrb_mute-straight,basstrb015_C3_ovt-03_pos-VI_mute-straight.wav,basstrb_mute-straight/basstrb015_C3_ovt-03_pos-VI_mute-straight.wav,./wav/basstrb_mute-straight/basstrb015_C3_ovt-03_pos-VI_mute-straight.wav
684,16,basstrb_mute-straight,basstrb016_Cis3_ovt-03_pos-V_mute-straight.wav,basstrb_mute-straight/basstrb016_Cis3_ovt-03_pos-V_mute-straight.wav,./wav/basstrb_mute-straight/basstrb016_Cis3_ovt-03_pos-V_mute-straight.wav
685,16,basstrb_mute-straight,basstrb017_D3_ovt-03_pos-IV_mute-straight.wav,basstrb_mute-straight/basstrb017_D3_ovt-03_pos-IV_mute-straight.wav,./wav/basstrb_mute-straight/basstrb017_D3_ovt-03_pos-IV_mute-straight.wav
686,16,basstrb_mute-straight,basstrb018_Es3_ovt-03_pos-III_mute-straight.wav,basstrb_mute-straight/basstrb018_Es3_ovt-03_pos-III_mute-straight.wav,./wav/basstrb_mute-straight/basstrb018_Es3_ovt-03_pos-III_mute-straight.wav
687,16,basstrb_mute-straight,basstrb019_E3_ovt-03_pos-II_mute-straight.wav,basstrb_mute-straight/basstrb019_E3_ovt-03_pos-II_mute-straight.wav,./wav/basstrb_mute-straight/basstrb019_E3_ovt-03_pos-II_mute-straight.wav
688,16,basstrb_mute-straight,basstrb020_E3_ovt-04_pos-VII_mute-straight.wav,basstrb_mute-straight/basstrb020_E3_ovt-04_pos-VII_mute-straight.wav,./wav/basstrb_mute-straight/basstrb020_E3_ovt-04_pos-VII_mute-straight.wav
689,16,basstrb_mute-straight,basstrb021_F3_ovt-03_pos-I_mute-straight.wav,basstrb_mute-straight/basstrb021_F3_ovt-03_pos-I_mute-straight.wav,./wav/basstrb_mute-straight/basstrb021_F3_ovt-03_pos-I_mute-straight.wav
690,16,basstrb_mute-straight,basstrb022_F3_ovt-04_pos-VI_mute-straight.wav,basstrb_mute-straight/basstrb022_F3_ovt-04_pos-VI_mute-straight.wav,./wav/basstrb_mute-straight/basstrb022_F3_ovt-04_pos-VI_mute-straight.wav
691,16,basstrb_mute-straight,basstrb023_Fis3_ovt-04_pos-V_mute-straight.wav,basstrb_mute-straight/basstrb023_Fis3_ovt-04_pos-V_mute-straight.wav,./wav/basstrb_mute-straight/basstrb023_Fis3_ovt-04_pos-V_mute-straight.wav
692,16,basstrb_mute-straight,basstrb024_G3_ovt-04_pos-IV_mute-straight.wav,basstrb_mute-straight/basstrb024_G3_ovt-04_pos-IV_mute-straight.wav,./wav/basstrb_mute-straight/basstrb024_G3_ovt-04_pos-IV_mute-straight.wav
693,16,basstrb_mute-straight,basstrb025_As3_ovt-04_pos-III_mute-straight.wav,basstrb_mute-straight/basstrb025_As3_ovt-04_pos-III_mute-straight.wav,./wav/basstrb_mute-straight/basstrb025_As3_ovt-04_pos-III_mute-straight.wav
694,16,basstrb_mute-straight,basstrb026_Gis3_ovt-05_pos-VII_mute-straight.wav,basstrb_mute-straight/basstrb026_Gis3_ovt-05_pos-VII_mute-straight.wav,./wav/basstrb_mute-straight/basstrb026_Gis3_ovt-05_pos-VII_mute-straight.wav
695,16,basstrb_mute-straight,basstrb027_A3_ovt-04_pos-II_mute-straight.wav,basstrb_mute-straight/basstrb027_A3_ovt-04_pos-II_mute-straight.wav,./wav/basstrb_mute-straight/basstrb027_A3_ovt-04_pos-II_mute-straight.wav
696,16,basstrb_mute-straight,basstrb028_A3_ovt-05_pos-VI_mute-straight.wav,basstrb_mute-straight/basstrb028_A3_ovt-05_pos-VI_mute-straight.wav,./wav/basstrb_mute-straight/basstrb028_A3_ovt-05_pos-VI_mute-straight.wav
697,16,basstrb_mute-straight,basstrb029_B3_ovt-04_pos-I_mute-straight.wav,basstrb_mute-straight/basstrb029_B3_ovt-04_pos-I_mute-straight.wav,./wav/basstrb_mute-straight/basstrb029_B3_ovt-04_pos-I_mute-straight.wav
698,16,basstrb_mute-straight,basstrb030_Ais3_ovt-05_pos-V_mute-straight.wav,basstrb_mute-straight/basstrb030_Ais3_ovt-05_pos-V_mute-straight.wav,./wav/basstrb_mute-straight/basstrb030_Ais3_ovt-05_pos-V_mute-straight.wav
699,16,basstrb_mute-straight,basstrb031_H3_ovt-05_pos-IV_mute-straight.wav,basstrb_mute-straight/basstrb031_H3_ovt-05_pos-IV_mute-straight.wav,./wav/basstrb_mute-straight/basstrb031_H3_ovt-05_pos-IV_mute-straight.wav
700,16,basstrb_mute-straight,basstrb032_H3_ovt-06_pos-VII_mute-straight.wav,basstrb_mute-straight/basstrb032_H3_ovt-06_pos-VII_mute-straight.wav,./wav/basstrb_mute-straight/basstrb032_H3_ovt-06_pos-VII_mute-straight.wav
701,16,basstrb_mute-straight,basstrb033_C4_ovt-05_pos-III_mute-straight.wav,basstrb_mute-straight/basstrb033_C4_ovt-05_pos-III_mute-straight.wav,./wav/basstrb_mute-straight/basstrb033_C4_ovt-05_pos-III_mute-straight.wav
702,16,basstrb_mute-straight,basstrb034_C4_ovt-06_pos-VI_mute-straight.wav,basstrb_mute-straight/basstrb034_C4_ovt-06_pos-VI_mute-straight.wav,./wav/basstrb_mute-straight/basstrb034_C4_ovt-06_pos-VI_mute-straight.wav
703,16,basstrb_mute-straight,basstrb035_Cis4_ovt-05_pos-II_mute-straight.wav,basstrb_mute-straight/basstrb035_Cis4_ovt-05_pos-II_mute-straight.wav,./wav/basstrb_mute-straight/basstrb035_Cis4_ovt-05_pos-II_mute-straight.wav
704,16,basstrb_mute-straight,basstrb036_Cis4_ovt-06_pos-V_mute-straight.wav,basstrb_mute-straight/basstrb036_Cis4_ovt-06_pos-V_mute-straight.wav,./wav/basstrb_mute-straight/basstrb036_Cis4_ovt-06_pos-V_mute-straight.wav
705,16,basstrb_mute-straight,basstrb037_D4_ovt-05_pos-I_mute-straight.wav,basstrb_mute-straight/basstrb037_D4_ovt-05_pos-I_mute-straight.wav,./wav/basstrb_mute-straight/basstrb037_D4_ovt-05_pos-I_mute-straight.wav
706,16,basstrb_mute-straight,basstrb038_D4_ovt-06_pos-IV_mute-straight.wav,basstrb_mute-straight/basstrb038_D4_ovt-06_pos-IV_mute-straight.wav,./wav/basstrb_mute-straight/basstrb038_D4_ovt-06_pos-IV_mute-straight.wav
707,16,basstrb_mute-straight,basstrb039_D4_ovt-07_pos-VII_mute-straight.wav,basstrb_mute-straight/basstrb039_D4_ovt-07_pos-VII_mute-straight.wav,./wav/basstrb_mute-straight/basstrb039_D4_ovt-07_pos-VII_mute-straight.wav
708,16,basstrb_mute-straight,basstrb040_Es4_ovt-06_pos-III_mute-straight.wav,basstrb_mute-straight/basstrb040_Es4_ovt-06_pos-III_mute-straight.wav,./wav/basstrb_mute-straight/basstrb040_Es4_ovt-06_pos-III_mute-straight.wav
709,16,basstrb_mute-straight,basstrb041_Es4_ovt-07_pos-VI_mute-straight.wav,basstrb_mute-straight/basstrb041_Es4_ovt-07_pos-VI_mute-straight.wav,./wav/basstrb_mute-straight/basstrb041_Es4_ovt-07_pos-VI_mute-straight.wav
710,16,basstrb_mute-straight,basstrb042_E4_ovt-06_pos-II_mute-straight.wav,basstrb_mute-straight/basstrb042_E4_ovt-06_pos-II_mute-straight.wav,./wav/basstrb_mute-straight/basstrb042_E4_ovt-06_pos-II_mute-straight.wav
711,16,basstrb_mute-straight,basstrb043_E4_ovt-07_pos-V_mute-straight.wav,basstrb_mute-straight/basstrb043_E4_ovt-07_pos-V_mute-straight.wav,./wav/basstrb_mute-straight/basstrb043_E4_ovt-07_pos-V_mute-straight.wav
712,16,basstrb_mute-straight,basstrb044_E4_ovt-08_pos-VII_mute-straight.wav,basstrb_mute-straight/basstrb044_E4_ovt-08_pos-VII_mute-straight.wav,./wav/basstrb_mute-straight/basstrb044_E4_ovt-08_pos-VII_mute-straight.wav
713,16,basstrb_mute-straight,basstrb045_F4_ovt-06_pos-I_mute-straight.wav,basstrb_mute-straight/basstrb045_F4_ovt-06_pos-I_mute-straight.wav,./wav/basstrb_mute-straight/basstrb045_F4_ovt-06_pos-I_mute-straight.wav
714,16,basstrb_mute-straight,basstrb046_F4_ovt-07_pos-IV_mute-straight.wav,basstrb_mute-straight/basstrb046_F4_ovt-07_pos-IV_mute-straight.wav,./wav/basstrb_mute-straight/basstrb046_F4_ovt-07_pos-IV_mute-straight.wav
715,16,basstrb_mute-straight,basstrb047_F4_ovt-08_pos-VI_mute-straight.wav,basstrb_mute-straight/basstrb047_F4_ovt-08_pos-VI_mute-straight.wav,./wav/basstrb_mute-straight/basstrb047_F4_ovt-08_pos-VI_mute-straight.wav
716,16,basstrb_mute-straight,basstrb048_Ges4_ovt-07_pos-III_mute-straight.wav,basstrb_mute-straight/basstrb048_Ges4_ovt-07_pos-III_mute-straight.wav,./wav/basstrb_mute-straight/basstrb048_Ges4_ovt-07_pos-III_mute-straight.wav
717,16,basstrb_mute-straight,basstrb049_Fis4_ovt-08_pos-V_mute-straight.wav,basstrb_mute-straight/basstrb049_Fis4_ovt-08_pos-V_mute-straight.wav,./wav/basstrb_mute-straight/basstrb049_Fis4_ovt-08_pos-V_mute-straight.wav
718,16,basstrb_mute-straight,basstrb050_G4_ovt-07_pos-II_mute-straight.wav,basstrb_mute-straight/basstrb050_G4_ovt-07_pos-II_mute-straight.wav,./wav/basstrb_mute-straight/basstrb050_G4_ovt-07_pos-II_mute-straight.wav
719,16,basstrb_mute-straight,basstrb051_G4_ovt-08_pos-IV_mute-straight.wav,basstrb_mute-straight/basstrb051_G4_ovt-08_pos-IV_mute-straight.wav,./wav/basstrb_mute-straight/basstrb051_G4_ovt-08_pos-IV_mute-straight.wav
720,16,basstrb_mute-straight,basstrb052_As4_ovt-07_pos-I_mute-straight.wav,basstrb_mute-straight/basstrb052_As4_ovt-07_pos-I_mute-straight.wav,./wav/basstrb_mute-straight/basstrb052_As4_ovt-07_pos-I_mute-straight.wav
721,16,basstrb_mute-straight,basstrb053_As4_ovt-08_pos-III_mute-straight.wav,basstrb_mute-straight/basstrb053_As4_ovt-08_pos-III_mute-straight.wav,./wav/basstrb_mute-straight/basstrb053_As4_ovt-08_pos-III_mute-straight.wav
722,16,basstrb_mute-straight,basstrb054_A4_ovt-08_pos-II_mute-straight.wav,basstrb_mute-straight/basstrb054_A4_ovt-08_pos-II_mute-straight.wav,./wav/basstrb_mute-straight/basstrb054_A4_ovt-08_pos-II_mute-straight.wav
723,16,basstrb_mute-straight,basstrb055_B4_ovt-08_pos-I_mute-straight.wav,basstrb_mute-straight/basstrb055_B4_ovt-08_pos-I_mute-straight.wav,./wav/basstrb_mute-straight/basstrb055_B4_ovt-08_pos-I_mute-straight.wav
724,17,basstrb_mute-straightMetal,basstrb000_E1_ovt-01_pos-VII_mute-straightMetal.wav,basstrb_mute-straightMetal/basstrb000_E1_ovt-01_pos-VII_mute-straightMetal.wav,./wav/basstrb_mute-straightMetal/basstrb000_E1_ovt-01_pos-VII_mute-straightMetal.wav
725,17,basstrb_mute-straightMetal,basstrb001_F1_ovt-01_pos-VI_mute-straightMetal.wav,basstrb_mute-straightMetal/basstrb001_F1_ovt-01_pos-VI_mute-straightMetal.wav,./wav/basstrb_mute-straightMetal/basstrb001_F1_ovt-01_pos-VI_mute-straightMetal.wav
726,17,basstrb_mute-straightMetal,basstrb002_Fis1_ovt-01_pos-V_mute-straightMetal.wav,basstrb_mute-straightMetal/basstrb002_Fis1_ovt-01_pos-V_mute-straightMetal.wav,./wav/basstrb_mute-straightMetal/basstrb002_Fis1_ovt-01_pos-V_mute-straightMetal.wav
727,17,basstrb_mute-straightMetal,basstrb003_G1_ovt-01_pos-IV_mute-straightMetal.wav,basstrb_mute-straightMetal/basstrb003_G1_ovt-01_pos-IV_mute-straightMetal.wav,./wav/basstrb_mute-straightMetal/basstrb003_G1_ovt-01_pos-IV_mute-straightMetal.wav
728,17,basstrb_mute-straightMetal,basstrb004_As1_ovt-01_pos-III_mute-straightMetal.wav,basstrb_mute-straightMetal/basstrb004_As1_ovt-01_pos-III_mute-straightMetal.wav,./wav/basstrb_mute-straightMetal/basstrb004_As1_ovt-01_pos-III_mute-straightMetal.wav
729,17,basstrb_mute-straightMetal,basstrb005_A1_ovt-01_pos-II_mute-straightMetal.wav,basstrb_mute-straightMetal/basstrb005_A1_ovt-01_pos-II_mute-straightMetal.wav,./wav/basstrb_mute-straightMetal/basstrb005_A1_ovt-01_pos-II_mute-straightMetal.wav
730,17,basstrb_mute-straightMetal,basstrb006_B1_ovt-01_pos-I_mute-straightMetal.wav,basstrb_mute-straightMetal/basstrb006_B1_ovt-01_pos-I_mute-straightMetal.wav,./wav/basstrb_mute-straightMetal/basstrb006_B1_ovt-01_pos-I_mute-straightMetal.wav
731,17,basstrb_mute-straightMetal,basstrb007_E2_ovt-02_pos-VII_mute-straightMetal.wav,basstrb_mute-straightMetal/basstrb007_E2_ovt-02_pos-VII_mute-straightMetal.wav,./wav/basstrb_mute-straightMetal/basstrb007_E2_ovt-02_pos-VII_mute-straightMetal.wav
732,17,basstrb_mute-straightMetal,basstrb008_F2_ovt-02_pos-VI_mute-straightMetal.wav,basstrb_mute-straightMetal/basstrb008_F2_ovt-02_pos-VI_mute-straightMetal.wav,./wav/basstrb_mute-straightMetal/basstrb008_F2_ovt-02_pos-VI_mute-straightMetal.wav
733,17,basstrb_mute-straightMetal,basstrb009_Fis2_ovt-02_pos-V_mute-straightMetal.wav,basstrb_mute-straightMetal/basstrb009_Fis2_ovt-02_pos-V_mute-straightMetal.wav,./wav/basstrb_mute-straightMetal/basstrb009_Fis2_ovt-02_pos-V_mute-straightMetal.wav
734,17,basstrb_mute-straightMetal,basstrb010_G2_ovt-02_pos-IV_mute-straightMetal.wav,basstrb_mute-straightMetal/basstrb010_G2_ovt-02_pos-IV_mute-straightMetal.wav,./wav/basstrb_mute-straightMetal/basstrb010_G2_ovt-02_pos-IV_mute-straightMetal.wav
735,17,basstrb_mute-straightMetal,basstrb011_As2_ovt-02_pos-III_mute-straightMetal.wav,basstrb_mute-straightMetal/basstrb011_As2_ovt-02_pos-III_mute-straightMetal.wav,./wav/basstrb_mute-straightMetal/basstrb011_As2_ovt-02_pos-III_mute-straightMetal.wav
736,17,basstrb_mute-straightMetal,basstrb012_A2_ovt-02_pos-II_mute-straightMetal.wav,basstrb_mute-straightMetal/basstrb012_A2_ovt-02_pos-II_mute-straightMetal.wav,./wav/basstrb_mute-straightMetal/basstrb012_A2_ovt-02_pos-II_mute-straightMetal.wav
737,17,basstrb_mute-straightMetal,basstrb013_B2_ovt-02_pos-I_mute-straightMetal.wav,basstrb_mute-straightMetal/basstrb013_B2_ovt-02_pos-I_mute-straightMetal.wav,./wav/basstrb_mute-straightMetal/basstrb013_B2_ovt-02_pos-I_mute-straightMetal.wav
738,17,basstrb_mute-straightMetal,basstrb014_C3_ovt-03_pos-VI_mute-straightMetal.wav,basstrb_mute-straightMetal/basstrb014_C3_ovt-03_pos-VI_mute-straightMetal.wav,./wav/basstrb_mute-straightMetal/basstrb014_C3_ovt-03_pos-VI_mute-straightMetal.wav
739,17,basstrb_mute-straightMetal,basstrb015_H2_ovt-03_pos-VII_mute-straightMetal.wav,basstrb_mute-straightMetal/basstrb015_H2_ovt-03_pos-VII_mute-straightMetal.wav,./wav/basstrb_mute-straightMetal/basstrb015_H2_ovt-03_pos-VII_mute-straightMetal.wav
740,17,basstrb_mute-straightMetal,basstrb016_Cis3_ovt-03_pos-V_mute-straightMetal.wav,basstrb_mute-straightMetal/basstrb016_Cis3_ovt-03_pos-V_mute-straightMetal.wav,./wav/basstrb_mute-straightMetal/basstrb016_Cis3_ovt-03_pos-V_mute-straightMetal.wav
741,17,basstrb_mute-straightMetal,basstrb017_D3_ovt-03_pos-IV_mute-straightMetal.wav,basstrb_mute-straightMetal/basstrb017_D3_ovt-03_pos-IV_mute-straightMetal.wav,./wav/basstrb_mute-straightMetal/basstrb017_D3_ovt-03_pos-IV_mute-straightMetal.wav
742,17,basstrb_mute-straightMetal,basstrb018_Es3_ovt-03_pos-III_mute-straightMetal.wav,basstrb_mute-straightMetal/basstrb018_Es3_ovt-03_pos-III_mute-straightMetal.wav,./wav/basstrb_mute-straightMetal/basstrb018_Es3_ovt-03_pos-III_mute-straightMetal.wav
743,17,basstrb_mute-straightMetal,basstrb019_E3_ovt-03_pos-II_mute-straightMetal.wav,basstrb_mute-straightMetal/basstrb019_E3_ovt-03_pos-II_mute-straightMetal.wav,./wav/basstrb_mute-straightMetal/basstrb019_E3_ovt-03_pos-II_mute-straightMetal.wav
744,17,basstrb_mute-straightMetal,basstrb020_E3_ovt-04_pos-VII_mute-straightMetal.wav,basstrb_mute-straightMetal/basstrb020_E3_ovt-04_pos-VII_mute-straightMetal.wav,./wav/basstrb_mute-straightMetal/basstrb020_E3_ovt-04_pos-VII_mute-straightMetal.wav
745,17,basstrb_mute-straightMetal,basstrb021_F3_ovt-03_pos-I_mute-straightMetal.wav,basstrb_mute-straightMetal/basstrb021_F3_ovt-03_pos-I_mute-straightMetal.wav,./wav/basstrb_mute-straightMetal/basstrb021_F3_ovt-03_pos-I_mute-straightMetal.wav
746,17,basstrb_mute-straightMetal,basstrb022_F3_ovt-04_pos-VI_mute-straightMetal.wav,basstrb_mute-straightMetal/basstrb022_F3_ovt-04_pos-VI_mute-straightMetal.wav,./wav/basstrb_mute-straightMetal/basstrb022_F3_ovt-04_pos-VI_mute-straightMetal.wav
747,17,basstrb_mute-straightMetal,basstrb023_Fis3_ovt-04_pos-V_mute-straightMetal.wav,basstrb_mute-straightMetal/basstrb023_Fis3_ovt-04_pos-V_mute-straightMetal.wav,./wav/basstrb_mute-straightMetal/basstrb023_Fis3_ovt-04_pos-V_mute-straightMetal.wav
748,17,basstrb_mute-straightMetal,basstrb024_G3_ovt-04_pos-IV_mute-straightMetal.wav,basstrb_mute-straightMetal/basstrb024_G3_ovt-04_pos-IV_mute-straightMetal.wav,./wav/basstrb_mute-straightMetal/basstrb024_G3_ovt-04_pos-IV_mute-straightMetal.wav
749,17,basstrb_mute-straightMetal,basstrb025_As3_ovt-04_pos-III_mute-straightMetal.wav,basstrb_mute-straightMetal/basstrb025_As3_ovt-04_pos-III_mute-straightMetal.wav,./wav/basstrb_mute-straightMetal/basstrb025_As3_ovt-04_pos-III_mute-straightMetal.wav
750,17,basstrb_mute-straightMetal,basstrb026_Gis3_ovt-05_pos-V_mute-straightMetal.wav,basstrb_mute-straightMetal/basstrb026_Gis3_ovt-05_pos-V_mute-straightMetal.wav,./wav/basstrb_mute-straightMetal/basstrb026_Gis3_ovt-05_pos-V_mute-straightMetal.wav
751,17,basstrb_mute-straightMetal,basstrb027_A3_ovt-04_pos-II_mute-straightMetal.wav,basstrb_mute-straightMetal/basstrb027_A3_ovt-04_pos-II_mute-straightMetal.wav,./wav/basstrb_mute-straightMetal/basstrb027_A3_ovt-04_pos-II_mute-straightMetal.wav
752,17,basstrb_mute-straightMetal,basstrb028_A3_ovt-05_pos-VI_mute-straightMetal.wav,basstrb_mute-straightMetal/basstrb028_A3_ovt-05_pos-VI_mute-straightMetal.wav,./wav/basstrb_mute-straightMetal/basstrb028_A3_ovt-05_pos-VI_mute-straightMetal.wav
753,17,basstrb_mute-straightMetal,basstrb029_Ais3_ovt-05_pos-V_mute-straightMetal.wav,basstrb_mute-straightMetal/basstrb029_Ais3_ovt-05_pos-V_mute-straightMetal.wav,./wav/basstrb_mute-straightMetal/basstrb029_Ais3_ovt-05_pos-V_mute-straightMetal.wav
754,17,basstrb_mute-straightMetal,basstrb030_B3_ovt-04_pos-I_mute-straightMetal.wav,basstrb_mute-straightMetal/basstrb030_B3_ovt-04_pos-I_mute-straightMetal.wav,./wav/basstrb_mute-straightMetal/basstrb030_B3_ovt-04_pos-I_mute-straightMetal.wav
755,17,basstrb_mute-straightMetal,basstrb031_H3_ovt-05_pos-IV_mute-straightMetal.wav,basstrb_mute-straightMetal/basstrb031_H3_ovt-05_pos-IV_mute-straightMetal.wav,./wav/basstrb_mute-straightMetal/basstrb031_H3_ovt-05_pos-IV_mute-straightMetal.wav
756,17,basstrb_mute-straightMetal,basstrb032_C4_ovt-05_pos-III_mute-straightMetal.wav,basstrb_mute-straightMetal/basstrb032_C4_ovt-05_pos-III_mute-straightMetal.wav,./wav/basstrb_mute-straightMetal/basstrb032_C4_ovt-05_pos-III_mute-straightMetal.wav
757,17,basstrb_mute-straightMetal,basstrb033_C4_ovt-06_pos-VI_mute-straightMetal.wav,basstrb_mute-straightMetal/basstrb033_C4_ovt-06_pos-VI_mute-straightMetal.wav,./wav/basstrb_mute-straightMetal/basstrb033_C4_ovt-06_pos-VI_mute-straightMetal.wav
758,17,basstrb_mute-straightMetal,basstrb034_H3_ovt-06_pos-VII_mute-straightMetal.wav,basstrb_mute-straightMetal/basstrb034_H3_ovt-06_pos-VII_mute-straightMetal.wav,./wav/basstrb_mute-straightMetal/basstrb034_H3_ovt-06_pos-VII_mute-straightMetal.wav
759,17,basstrb_mute-straightMetal,basstrb035_Cis4_ovt-05_pos-II_mute-straightMetal.wav,basstrb_mute-straightMetal/basstrb035_Cis4_ovt-05_pos-II_mute-straightMetal.wav,./wav/basstrb_mute-straightMetal/basstrb035_Cis4_ovt-05_pos-II_mute-straightMetal.wav
760,17,basstrb_mute-straightMetal,basstrb036_Cis4_ovt-06_pos-V_mute-straightMetal.wav,basstrb_mute-straightMetal/basstrb036_Cis4_ovt-06_pos-V_mute-straightMetal.wav,./wav/basstrb_mute-straightMetal/basstrb036_Cis4_ovt-06_pos-V_mute-straightMetal.wav
761,17,basstrb_mute-straightMetal,basstrb037_D4_ovt-05_pos-I_mute-straightMetal.wav,basstrb_mute-straightMetal/basstrb037_D4_ovt-05_pos-I_mute-straightMetal.wav,./wav/basstrb_mute-straightMetal/basstrb037_D4_ovt-05_pos-I_mute-straightMetal.wav
762,17,basstrb_mute-straightMetal,basstrb038_D4_ovt-06_pos-IV_mute-straightMetal.wav,basstrb_mute-straightMetal/basstrb038_D4_ovt-06_pos-IV_mute-straightMetal.wav,./wav/basstrb_mute-straightMetal/basstrb038_D4_ovt-06_pos-IV_mute-straightMetal.wav
763,17,basstrb_mute-straightMetal,basstrb039_D4_ovt-07_pos-VII_mute-straightMetal.wav,basstrb_mute-straightMetal/basstrb039_D4_ovt-07_pos-VII_mute-straightMetal.wav,./wav/basstrb_mute-straightMetal/basstrb039_D4_ovt-07_pos-VII_mute-straightMetal.wav
764,17,basstrb_mute-straightMetal,basstrb040_Es4_ovt-06_pos-III_mute-straightMetal.wav,basstrb_mute-straightMetal/basstrb040_Es4_ovt-06_pos-III_mute-straightMetal.wav,./wav/basstrb_mute-straightMetal/basstrb040_Es4_ovt-06_pos-III_mute-straightMetal.wav
765,17,basstrb_mute-straightMetal,basstrb041_Es4_ovt-07_pos-VI_mute-straightMetal.wav,basstrb_mute-straightMetal/basstrb041_Es4_ovt-07_pos-VI_mute-straightMetal.wav,./wav/basstrb_mute-straightMetal/basstrb041_Es4_ovt-07_pos-VI_mute-straightMetal.wav
766,17,basstrb_mute-straightMetal,basstrb042_E4_ovt-06_pos-II_mute-straightMetal.wav,basstrb_mute-straightMetal/basstrb042_E4_ovt-06_pos-II_mute-straightMetal.wav,./wav/basstrb_mute-straightMetal/basstrb042_E4_ovt-06_pos-II_mute-straightMetal.wav
767,17,basstrb_mute-straightMetal,basstrb043_E4_ovt-07_pos-V_mute-straightMetal.wav,basstrb_mute-straightMetal/basstrb043_E4_ovt-07_pos-V_mute-straightMetal.wav,./wav/basstrb_mute-straightMetal/basstrb043_E4_ovt-07_pos-V_mute-straightMetal.wav
768,17,basstrb_mute-straightMetal,basstrb044_E4_ovt-08_pos-VII_mute-straightMetal.wav,basstrb_mute-straightMetal/basstrb044_E4_ovt-08_pos-VII_mute-straightMetal.wav,./wav/basstrb_mute-straightMetal/basstrb044_E4_ovt-08_pos-VII_mute-straightMetal.wav
769,17,basstrb_mute-straightMetal,basstrb045_F4_ovt-06_pos-I_mute-straightMetal.wav,basstrb_mute-straightMetal/basstrb045_F4_ovt-06_pos-I_mute-straightMetal.wav,./wav/basstrb_mute-straightMetal/basstrb045_F4_ovt-06_pos-I_mute-straightMetal.wav
770,17,basstrb_mute-straightMetal,basstrb046_F4_ovt-07_pos-IV_mute-straightMetal.wav,basstrb_mute-straightMetal/basstrb046_F4_ovt-07_pos-IV_mute-straightMetal.wav,./wav/basstrb_mute-straightMetal/basstrb046_F4_ovt-07_pos-IV_mute-straightMetal.wav
771,17,basstrb_mute-straightMetal,basstrb047_F4_ovt-08_pos-VI_mute-straightMetal.wav,basstrb_mute-straightMetal/basstrb047_F4_ovt-08_pos-VI_mute-straightMetal.wav,./wav/basstrb_mute-straightMetal/basstrb047_F4_ovt-08_pos-VI_mute-straightMetal.wav
772,17,basstrb_mute-straightMetal,basstrb048_Ges4_ovt-07_pos-III_mute-straightMetal.wav,basstrb_mute-straightMetal/basstrb048_Ges4_ovt-07_pos-III_mute-straightMetal.wav,./wav/basstrb_mute-straightMetal/basstrb048_Ges4_ovt-07_pos-III_mute-straightMetal.wav
773,17,basstrb_mute-straightMetal,basstrb049_Fis4_ovt-08_pos-V_mute-straightMetal.wav,basstrb_mute-straightMetal/basstrb049_Fis4_ovt-08_pos-V_mute-straightMetal.wav,./wav/basstrb_mute-straightMetal/basstrb049_Fis4_ovt-08_pos-V_mute-straightMetal.wav
774,17,basstrb_mute-straightMetal,basstrb050_G4_ovt-07_pos-II_mute-straightMetal.wav,basstrb_mute-straightMetal/basstrb050_G4_ovt-07_pos-II_mute-straightMetal.wav,./wav/basstrb_mute-straightMetal/basstrb050_G4_ovt-07_pos-II_mute-straightMetal.wav
775,17,basstrb_mute-straightMetal,basstrb051_G4_ovt-08_pos-IV_mute-straightMetal.wav,basstrb_mute-straightMetal/basstrb051_G4_ovt-08_pos-IV_mute-straightMetal.wav,./wav/basstrb_mute-straightMetal/basstrb051_G4_ovt-08_pos-IV_mute-straightMetal.wav
776,17,basstrb_mute-straightMetal,basstrb052_As4_ovt-07_pos-I_mute-straightMetal.wav,basstrb_mute-straightMetal/basstrb052_As4_ovt-07_pos-I_mute-straightMetal.wav,./wav/basstrb_mute-straightMetal/basstrb052_As4_ovt-07_pos-I_mute-straightMetal.wav
777,17,basstrb_mute-straightMetal,basstrb053_As4_ovt-08_pos-III_mute-straightMetal.wav,basstrb_mute-straightMetal/basstrb053_As4_ovt-08_pos-III_mute-straightMetal.wav,./wav/basstrb_mute-straightMetal/basstrb053_As4_ovt-08_pos-III_mute-straightMetal.wav
778,17,basstrb_mute-straightMetal,basstrb054_A4_ovt-08_pos-II_mute-straightMetal.wav,basstrb_mute-straightMetal/basstrb054_A4_ovt-08_pos-II_mute-straightMetal.wav,./wav/basstrb_mute-straightMetal/basstrb054_A4_ovt-08_pos-II_mute-straightMetal.wav
779,17,basstrb_mute-straightMetal,basstrb055_B4_ovt-08_pos-I_mute-straightMetal.wav,basstrb_mute-straightMetal/basstrb055_B4_ovt-08_pos-I_mute-straightMetal.wav,./wav/basstrb_mute-straightMetal/basstrb055_B4_ovt-08_pos-I_mute-straightMetal.wav
780,18,basstrb_mute-cup,basstrb000_E1_ovt-01_pos-VII_mute-cup.wav,basstrb_mute-cup/basstrb000_E1_ovt-01_pos-VII_mute-cup.wav,./wav/basstrb_mute-cup/basstrb000_E1_ovt-01_pos-VII_mute-cup.wav
781,18,basstrb_mute-cup,basstrb001_F1_ovt-01_pos-VI_mute-cup.wav,basstrb_mute-cup/basstrb001_F1_ovt-01_pos-VI_mute-cup.wav,./wav/basstrb_mute-cup/basstrb001_F1_ovt-01_pos-VI_mute-cup.wav
782,18,basstrb_mute-cup,basstrb002_Fis1_ovt-01_pos-V_mute-cup.wav,basstrb_mute-cup/basstrb002_Fis1_ovt-01_pos-V_mute-cup.wav,./wav/basstrb_mute-cup/basstrb002_Fis1_ovt-01_pos-V_mute-cup.wav
783,18,basstrb_mute-cup,basstrb003_G1_ovt-01_pos-IV_mute-cup.wav,basstrb_mute-cup/basstrb003_G1_ovt-01_pos-IV_mute-cup.wav,./wav/basstrb_mute-cup/basstrb003_G1_ovt-01_pos-IV_mute-cup.wav
784,18,basstrb_mute-cup,basstrb004_As1_ovt-01_pos-III_mute-cup.wav,basstrb_mute-cup/basstrb004_As1_ovt-01_pos-III_mute-cup.wav,./wav/basstrb_mute-cup/basstrb004_As1_ovt-01_pos-III_mute-cup.wav
785,18,basstrb_mute-cup,basstrb005_A1_ovt-01_pos-II_mute-cup.wav,basstrb_mute-cup/basstrb005_A1_ovt-01_pos-II_mute-cup.wav,./wav/basstrb_mute-cup/basstrb005_A1_ovt-01_pos-II_mute-cup.wav
786,18,basstrb_mute-cup,basstrb006_B1_ovt-01_pos-I_mute-cup.wav,basstrb_mute-cup/basstrb006_B1_ovt-01_pos-I_mute-cup.wav,./wav/basstrb_mute-cup/basstrb006_B1_ovt-01_pos-I_mute-cup.wav
787,18,basstrb_mute-cup,basstrb007_E2_ovt-02_pos-VII_mute-cup.wav,basstrb_mute-cup/basstrb007_E2_ovt-02_pos-VII_mute-cup.wav,./wav/basstrb_mute-cup/basstrb007_E2_ovt-02_pos-VII_mute-cup.wav
788,18,basstrb_mute-cup,basstrb008_F2_ovt-02_pos-VI_mute-cup.wav,basstrb_mute-cup/basstrb008_F2_ovt-02_pos-VI_mute-cup.wav,./wav/basstrb_mute-cup/basstrb008_F2_ovt-02_pos-VI_mute-cup.wav
789,18,basstrb_mute-cup,basstrb009_Fis2_ovt-02_pos-V_mute-cup.wav,basstrb_mute-cup/basstrb009_Fis2_ovt-02_pos-V_mute-cup.wav,./wav/basstrb_mute-cup/basstrb009_Fis2_ovt-02_pos-V_mute-cup.wav
790,18,basstrb_mute-cup,basstrb010_G2_ovt-02_pos-IV_mute-cup.wav,basstrb_mute-cup/basstrb010_G2_ovt-02_pos-IV_mute-cup.wav,./wav/basstrb_mute-cup/basstrb010_G2_ovt-02_pos-IV_mute-cup.wav
791,18,basstrb_mute-cup,basstrb011_As2_ovt-02_pos-III_mute-cup.wav,basstrb_mute-cup/basstrb011_As2_ovt-02_pos-III_mute-cup.wav,./wav/basstrb_mute-cup/basstrb011_As2_ovt-02_pos-III_mute-cup.wav
792,18,basstrb_mute-cup,basstrb012_A2_ovt-02_pos-II_mute-cup.wav,basstrb_mute-cup/basstrb012_A2_ovt-02_pos-II_mute-cup.wav,./wav/basstrb_mute-cup/basstrb012_A2_ovt-02_pos-II_mute-cup.wav
793,18,basstrb_mute-cup,basstrb013_B2_ovt-02_pos-I_mute-cup.wav,basstrb_mute-cup/basstrb013_B2_ovt-02_pos-I_mute-cup.wav,./wav/basstrb_mute-cup/basstrb013_B2_ovt-02_pos-I_mute-cup.wav
794,18,basstrb_mute-cup,basstrb014_H2_ovt-03_pos-VII_mute-cup.wav,basstrb_mute-cup/basstrb014_H2_ovt-03_pos-VII_mute-cup.wav,./wav/basstrb_mute-cup/basstrb014_H2_ovt-03_pos-VII_mute-cup.wav
795,18,basstrb_mute-cup,basstrb015_C3_ovt-03_pos-VI_mute-cup.wav,basstrb_mute-cup/basstrb015_C3_ovt-03_pos-VI_mute-cup.wav,./wav/basstrb_mute-cup/basstrb015_C3_ovt-03_pos-VI_mute-cup.wav
796,18,basstrb_mute-cup,basstrb016_Cis3_ovt-03_pos-V_mute-cup.wav,basstrb_mute-cup/basstrb016_Cis3_ovt-03_pos-V_mute-cup.wav,./wav/basstrb_mute-cup/basstrb016_Cis3_ovt-03_pos-V_mute-cup.wav
797,18,basstrb_mute-cup,basstrb017_D3_ovt-03_pos-IV_mute-cup.wav,basstrb_mute-cup/basstrb017_D3_ovt-03_pos-IV_mute-cup.wav,./wav/basstrb_mute-cup/basstrb017_D3_ovt-03_pos-IV_mute-cup.wav
798,18,basstrb_mute-cup,basstrb018_Es3_ovt-03_pos-III_mute-cup.wav,basstrb_mute-cup/basstrb018_Es3_ovt-03_pos-III_mute-cup.wav,./wav/basstrb_mute-cup/basstrb018_Es3_ovt-03_pos-III_mute-cup.wav
799,18,basstrb_mute-cup,basstrb019_E3_ovt-03_pos-II_mute-cup.wav,basstrb_mute-cup/basstrb019_E3_ovt-03_pos-II_mute-cup.wav,./wav/basstrb_mute-cup/basstrb019_E3_ovt-03_pos-II_mute-cup.wav
800,18,basstrb_mute-cup,basstrb020_E3_ovt-04_pos-VII_mute-cup.wav,basstrb_mute-cup/basstrb020_E3_ovt-04_pos-VII_mute-cup.wav,./wav/basstrb_mute-cup/basstrb020_E3_ovt-04_pos-VII_mute-cup.wav
801,18,basstrb_mute-cup,basstrb021_F3_ovt-03_pos-I_mute-cup.wav,basstrb_mute-cup/basstrb021_F3_ovt-03_pos-I_mute-cup.wav,./wav/basstrb_mute-cup/basstrb021_F3_ovt-03_pos-I_mute-cup.wav
802,18,basstrb_mute-cup,basstrb022_F3_ovt-04_pos-VI_mute-cup.wav,basstrb_mute-cup/basstrb022_F3_ovt-04_pos-VI_mute-cup.wav,./wav/basstrb_mute-cup/basstrb022_F3_ovt-04_pos-VI_mute-cup.wav
803,18,basstrb_mute-cup,basstrb023_Fis3_ovt-04_pos-V_mute-cup.wav,basstrb_mute-cup/basstrb023_Fis3_ovt-04_pos-V_mute-cup.wav,./wav/basstrb_mute-cup/basstrb023_Fis3_ovt-04_pos-V_mute-cup.wav
804,18,basstrb_mute-cup,basstrb024_G3_ovt-04_pos-IV_mute-cup.wav,basstrb_mute-cup/basstrb024_G3_ovt-04_pos-IV_mute-cup.wav,./wav/basstrb_mute-cup/basstrb024_G3_ovt-04_pos-IV_mute-cup.wav
805,18,basstrb_mute-cup,basstrb025_As3_ovt-04_pos-III_mute-cup.wav,basstrb_mute-cup/basstrb025_As3_ovt-04_pos-III_mute-cup.wav,./wav/basstrb_mute-cup/basstrb025_As3_ovt-04_pos-III_mute-cup.wav
806,18,basstrb_mute-cup,basstrb026_Gis3_ovt-05_pos-VII_mute-cup.wav,basstrb_mute-cup/basstrb026_Gis3_ovt-05_pos-VII_mute-cup.wav,./wav/basstrb_mute-cup/basstrb026_Gis3_ovt-05_pos-VII_mute-cup.wav
807,18,basstrb_mute-cup,basstrb027_A3_ovt-04_pos-II_mute-cup.wav,basstrb_mute-cup/basstrb027_A3_ovt-04_pos-II_mute-cup.wav,./wav/basstrb_mute-cup/basstrb027_A3_ovt-04_pos-II_mute-cup.wav
808,18,basstrb_mute-cup,basstrb028_A3_ovt-05_pos-VI_mute-cup.wav,basstrb_mute-cup/basstrb028_A3_ovt-05_pos-VI_mute-cup.wav,./wav/basstrb_mute-cup/basstrb028_A3_ovt-05_pos-VI_mute-cup.wav
809,18,basstrb_mute-cup,basstrb029_B3_ovt-04_pos-I_mute-cup.wav,basstrb_mute-cup/basstrb029_B3_ovt-04_pos-I_mute-cup.wav,./wav/basstrb_mute-cup/basstrb029_B3_ovt-04_pos-I_mute-cup.wav
810,18,basstrb_mute-cup,basstrb030_Ais3_ovt-05_pos-V_mute-cup.wav,basstrb_mute-cup/basstrb030_Ais3_ovt-05_pos-V_mute-cup.wav,./wav/basstrb_mute-cup/basstrb030_Ais3_ovt-05_pos-V_mute-cup.wav
811,18,basstrb_mute-cup,basstrb031_H3_ovt-05_pos-IV_mute-cup.wav,basstrb_mute-cup/basstrb031_H3_ovt-05_pos-IV_mute-cup.wav,./wav/basstrb_mute-cup/basstrb031_H3_ovt-05_pos-IV_mute-cup.wav
812,18,basstrb_mute-cup,basstrb032_H3_ovt-06_pos-VII_mute-cup.wav,basstrb_mute-cup/basstrb032_H3_ovt-06_pos-VII_mute-cup.wav,./wav/basstrb_mute-cup/basstrb032_H3_ovt-06_pos-VII_mute-cup.wav
813,18,basstrb_mute-cup,basstrb033_C4_ovt-05_pos-III_mute-cup.wav,basstrb_mute-cup/basstrb033_C4_ovt-05_pos-III_mute-cup.wav,./wav/basstrb_mute-cup/basstrb033_C4_ovt-05_pos-III_mute-cup.wav
814,18,basstrb_mute-cup,basstrb034_C4_ovt-06_pos-VI_mute-cup.wav,basstrb_mute-cup/basstrb034_C4_ovt-06_pos-VI_mute-cup.wav,./wav/basstrb_mute-cup/basstrb034_C4_ovt-06_pos-VI_mute-cup.wav
815,18,basstrb_mute-cup,basstrb035_Cis4_ovt-05_pos-II_mute-cup.wav,basstrb_mute-cup/basstrb035_Cis4_ovt-05_pos-II_mute-cup.wav,./wav/basstrb_mute-cup/basstrb035_Cis4_ovt-05_pos-II_mute-cup.wav
816,18,basstrb_mute-cup,basstrb036_Cis4_ovt-06_pos-V_mute-cup.wav,basstrb_mute-cup/basstrb036_Cis4_ovt-06_pos-V_mute-cup.wav,./wav/basstrb_mute-cup/basstrb036_Cis4_ovt-06_pos-V_mute-cup.wav
817,18,basstrb_mute-cup,basstrb037_D4_ovt-05_pos-I_mute-cup.wav,basstrb_mute-cup/basstrb037_D4_ovt-05_pos-I_mute-cup.wav,./wav/basstrb_mute-cup/basstrb037_D4_ovt-05_pos-I_mute-cup.wav
818,18,basstrb_mute-cup,basstrb038_D4_ovt-06_pos-IV_mute-cup.wav,basstrb_mute-cup/basstrb038_D4_ovt-06_pos-IV_mute-cup.wav,./wav/basstrb_mute-cup/basstrb038_D4_ovt-06_pos-IV_mute-cup.wav
819,18,basstrb_mute-cup,basstrb039_D4_ovt-07_pos-VII_mute-cup.wav,basstrb_mute-cup/basstrb039_D4_ovt-07_pos-VII_mute-cup.wav,./wav/basstrb_mute-cup/basstrb039_D4_ovt-07_pos-VII_mute-cup.wav
820,18,basstrb_mute-cup,basstrb040_Es4_ovt-06_pos-III_mute-cup.wav,basstrb_mute-cup/basstrb040_Es4_ovt-06_pos-III_mute-cup.wav,./wav/basstrb_mute-cup/basstrb040_Es4_ovt-06_pos-III_mute-cup.wav
821,18,basstrb_mute-cup,basstrb041_Es4_ovt-07_pos-VI_mute-cup.wav,basstrb_mute-cup/basstrb041_Es4_ovt-07_pos-VI_mute-cup.wav,./wav/basstrb_mute-cup/basstrb041_Es4_ovt-07_pos-VI_mute-cup.wav
822,18,basstrb_mute-cup,basstrb042_E4_ovt-06_pos-II_mute-cup.wav,basstrb_mute-cup/basstrb042_E4_ovt-06_pos-II_mute-cup.wav,./wav/basstrb_mute-cup/basstrb042_E4_ovt-06_pos-II_mute-cup.wav
823,18,basstrb_mute-cup,basstrb043_E4_ovt-07_pos-V_mute-cup.wav,basstrb_mute-cup/basstrb043_E4_ovt-07_pos-V_mute-cup.wav,./wav/basstrb_mute-cup/basstrb043_E4_ovt-07_pos-V_mute-cup.wav
824,18,basstrb_mute-cup,basstrb044_E4_ovt-08_pos-VII_mute-cup.wav,basstrb_mute-cup/basstrb044_E4_ovt-08_pos-VII_mute-cup.wav,./wav/basstrb_mute-cup/basstrb044_E4_ovt-08_pos-VII_mute-cup.wav
825,18,basstrb_mute-cup,basstrb045_F4_ovt-06_pos-I_mute-cup.wav,basstrb_mute-cup/basstrb045_F4_ovt-06_pos-I_mute-cup.wav,./wav/basstrb_mute-cup/basstrb045_F4_ovt-06_pos-I_mute-cup.wav
826,18,basstrb_mute-cup,basstrb046_F4_ovt-07_pos-IV_mute-cup.wav,basstrb_mute-cup/basstrb046_F4_ovt-07_pos-IV_mute-cup.wav,./wav/basstrb_mute-cup/basstrb046_F4_ovt-07_pos-IV_mute-cup.wav
827,18,basstrb_mute-cup,basstrb047_F4_ovt-08_pos-VI_mute-cup.wav,basstrb_mute-cup/basstrb047_F4_ovt-08_pos-VI_mute-cup.wav,./wav/basstrb_mute-cup/basstrb047_F4_ovt-08_pos-VI_mute-cup.wav
828,18,basstrb_mute-cup,basstrb048_Ges4_ovt-07_pos-III_mute-cup.wav,basstrb_mute-cup/basstrb048_Ges4_ovt-07_pos-III_mute-cup.wav,./wav/basstrb_mute-cup/basstrb048_Ges4_ovt-07_pos-III_mute-cup.wav
829,18,basstrb_mute-cup,basstrb049_Fis4_ovt-08_pos-V_mute-cup.wav,basstrb_mute-cup/basstrb049_Fis4_ovt-08_pos-V_mute-cup.wav,./wav/basstrb_mute-cup/basstrb049_Fis4_ovt-08_pos-V_mute-cup.wav
830,18,basstrb_mute-cup,basstrb050_G4_ovt-07_pos-II_mute-cup.wav,basstrb_mute-cup/basstrb050_G4_ovt-07_pos-II_mute-cup.wav,./wav/basstrb_mute-cup/basstrb050_G4_ovt-07_pos-II_mute-cup.wav
831,18,basstrb_mute-cup,basstrb051_G4_ovt-08_pos-IV_mute-cup.wav,basstrb_mute-cup/basstrb051_G4_ovt-08_pos-IV_mute-cup.wav,./wav/basstrb_mute-cup/basstrb051_G4_ovt-08_pos-IV_mute-cup.wav
832,18,basstrb_mute-cup,basstrb052_As4_ovt-07_pos-I_mute-cup.wav,basstrb_mute-cup/basstrb052_As4_ovt-07_pos-I_mute-cup.wav,./wav/basstrb_mute-cup/basstrb052_As4_ovt-07_pos-I_mute-cup.wav
833,18,basstrb_mute-cup,basstrb053_As4_ovt-08_pos-III_mute-cup.wav,basstrb_mute-cup/basstrb053_As4_ovt-08_pos-III_mute-cup.wav,./wav/basstrb_mute-cup/basstrb053_As4_ovt-08_pos-III_mute-cup.wav
834,18,basstrb_mute-cup,basstrb054_A4_ovt-08_pos-II_mute-cup.wav,basstrb_mute-cup/basstrb054_A4_ovt-08_pos-II_mute-cup.wav,./wav/basstrb_mute-cup/basstrb054_A4_ovt-08_pos-II_mute-cup.wav
835,18,basstrb_mute-cup,basstrb055_B4_ovt-08_pos-I_mute-cup.wav,basstrb_mute-cup/basstrb055_B4_ovt-08_pos-I_mute-cup.wav,./wav/basstrb_mute-cup/basstrb055_B4_ovt-08_pos-I_mute-cup.wav
836,19,basstrb_mute-harmonNOstemOPENED,basstrb000_E1_ovt-01_pos-VII_mute-harmonNOstemOPENED.wav,basstrb_mute-harmonNOstemOPENED/basstrb000_E1_ovt-01_pos-VII_mute-harmonNOstemOPENED.wav,./wav/basstrb_mute-harmonNOstemOPENED/basstrb000_E1_ovt-01_pos-VII_mute-harmonNOstemOPENED.wav
837,19,basstrb_mute-harmonNOstemOPENED,basstrb001_F1_ovt-01_pos-VI_mute-harmonNOstemOPENED.wav,basstrb_mute-harmonNOstemOPENED/basstrb001_F1_ovt-01_pos-VI_mute-harmonNOstemOPENED.wav,./wav/basstrb_mute-harmonNOstemOPENED/basstrb001_F1_ovt-01_pos-VI_mute-harmonNOstemOPENED.wav
838,19,basstrb_mute-harmonNOstemOPENED,basstrb002_Fis1_ovt-01_pos-V_mute-harmonNOstemOPENED.wav,basstrb_mute-harmonNOstemOPENED/basstrb002_Fis1_ovt-01_pos-V_mute-harmonNOstemOPENED.wav,./wav/basstrb_mute-harmonNOstemOPENED/basstrb002_Fis1_ovt-01_pos-V_mute-harmonNOstemOPENED.wav
839,19,basstrb_mute-harmonNOstemOPENED,basstrb003_G1_ovt-01_pos-IV_mute-harmonNOstemOPENED.wav,basstrb_mute-harmonNOstemOPENED/basstrb003_G1_ovt-01_pos-IV_mute-harmonNOstemOPENED.wav,./wav/basstrb_mute-harmonNOstemOPENED/basstrb003_G1_ovt-01_pos-IV_mute-harmonNOstemOPENED.wav
840,19,basstrb_mute-harmonNOstemOPENED,basstrb004_As1_ovt-01_pos-III_mute-harmonNOstemOPENED.wav,basstrb_mute-harmonNOstemOPENED/basstrb004_As1_ovt-01_pos-III_mute-harmonNOstemOPENED.wav,./wav/basstrb_mute-harmonNOstemOPENED/basstrb004_As1_ovt-01_pos-III_mute-harmonNOstemOPENED.wav
841,19,basstrb_mute-harmonNOstemOPENED,basstrb005_A1_ovt-01_pos-II_mute-harmonNOstemOPENED.wav,basstrb_mute-harmonNOstemOPENED/basstrb005_A1_ovt-01_pos-II_mute-harmonNOstemOPENED.wav,./wav/basstrb_mute-harmonNOstemOPENED/basstrb005_A1_ovt-01_pos-II_mute-harmonNOstemOPENED.wav
842,19,basstrb_mute-harmonNOstemOPENED,basstrb006_B1_ovt-01_pos-I_mute-harmonNOstemOPENED.wav,basstrb_mute-harmonNOstemOPENED/basstrb006_B1_ovt-01_pos-I_mute-harmonNOstemOPENED.wav,./wav/basstrb_mute-harmonNOstemOPENED/basstrb006_B1_ovt-01_pos-I_mute-harmonNOstemOPENED.wav
843,19,basstrb_mute-harmonNOstemOPENED,basstrb007_E2_ovt-02_pos-VII_mute-harmonNOstemOPENED.wav,basstrb_mute-harmonNOstemOPENED/basstrb007_E2_ovt-02_pos-VII_mute-harmonNOstemOPENED.wav,./wav/basstrb_mute-harmonNOstemOPENED/basstrb007_E2_ovt-02_pos-VII_mute-harmonNOstemOPENED.wav
844,19,basstrb_mute-harmonNOstemOPENED,basstrb008_F2_ovt-02_pos-VI_mute-harmonNOstemOPENED.wav,basstrb_mute-harmonNOstemOPENED/basstrb008_F2_ovt-02_pos-VI_mute-harmonNOstemOPENED.wav,./wav/basstrb_mute-harmonNOstemOPENED/basstrb008_F2_ovt-02_pos-VI_mute-harmonNOstemOPENED.wav
845,19,basstrb_mute-harmonNOstemOPENED,basstrb009_Fis2_ovt-02_pos-V_mute-harmonNOstemOPENED.wav,basstrb_mute-harmonNOstemOPENED/basstrb009_Fis2_ovt-02_pos-V_mute-harmonNOstemOPENED.wav,./wav/basstrb_mute-harmonNOstemOPENED/basstrb009_Fis2_ovt-02_pos-V_mute-harmonNOstemOPENED.wav
846,19,basstrb_mute-harmonNOstemOPENED,basstrb010_G2_ovt-02_pos-IV_mute-harmonNOstemOPENED.wav,basstrb_mute-harmonNOstemOPENED/basstrb010_G2_ovt-02_pos-IV_mute-harmonNOstemOPENED.wav,./wav/basstrb_mute-harmonNOstemOPENED/basstrb010_G2_ovt-02_pos-IV_mute-harmonNOstemOPENED.wav
847,19,basstrb_mute-harmonNOstemOPENED,basstrb011_As2_ovt-02_pos-III_mute-harmonNOstemOPENED.wav,basstrb_mute-harmonNOstemOPENED/basstrb011_As2_ovt-02_pos-III_mute-harmonNOstemOPENED.wav,./wav/basstrb_mute-harmonNOstemOPENED/basstrb011_As2_ovt-02_pos-III_mute-harmonNOstemOPENED.wav
848,19,basstrb_mute-harmonNOstemOPENED,basstrb012_A2_ovt-02_pos-II_mute-harmonNOstemOPENED.wav,basstrb_mute-harmonNOstemOPENED/basstrb012_A2_ovt-02_pos-II_mute-harmonNOstemOPENED.wav,./wav/basstrb_mute-harmonNOstemOPENED/basstrb012_A2_ovt-02_pos-II_mute-harmonNOstemOPENED.wav
849,19,basstrb_mute-harmonNOstemOPENED,basstrb013_B2_ovt-02_pos-I_mute-harmonNOstemOPENED.wav,basstrb_mute-harmonNOstemOPENED/basstrb013_B2_ovt-02_pos-I_mute-harmonNOstemOPENED.wav,./wav/basstrb_mute-harmonNOstemOPENED/basstrb013_B2_ovt-02_pos-I_mute-harmonNOstemOPENED.wav
850,19,basstrb_mute-harmonNOstemOPENED,basstrb014_H2_ovt-03_pos-VII_mute-harmonNOstemOPENED.wav,basstrb_mute-harmonNOstemOPENED/basstrb014_H2_ovt-03_pos-VII_mute-harmonNOstemOPENED.wav,./wav/basstrb_mute-harmonNOstemOPENED/basstrb014_H2_ovt-03_pos-VII_mute-harmonNOstemOPENED.wav
851,19,basstrb_mute-harmonNOstemOPENED,basstrb015_C3_ovt-03_pos-VI_mute-harmonNOstemOPENED.wav,basstrb_mute-harmonNOstemOPENED/basstrb015_C3_ovt-03_pos-VI_mute-harmonNOstemOPENED.wav,./wav/basstrb_mute-harmonNOstemOPENED/basstrb015_C3_ovt-03_pos-VI_mute-harmonNOstemOPENED.wav
852,19,basstrb_mute-harmonNOstemOPENED,basstrb016_Cis3_ovt-03_pos-V_mute-harmonNOstemOPENED.wav,basstrb_mute-harmonNOstemOPENED/basstrb016_Cis3_ovt-03_pos-V_mute-harmonNOstemOPENED.wav,./wav/basstrb_mute-harmonNOstemOPENED/basstrb016_Cis3_ovt-03_pos-V_mute-harmonNOstemOPENED.wav
853,19,basstrb_mute-harmonNOstemOPENED,basstrb017_D3_ovt-03_pos-IV_mute-harmonNOstemOPENED.wav,basstrb_mute-harmonNOstemOPENED/basstrb017_D3_ovt-03_pos-IV_mute-harmonNOstemOPENED.wav,./wav/basstrb_mute-harmonNOstemOPENED/basstrb017_D3_ovt-03_pos-IV_mute-harmonNOstemOPENED.wav
854,19,basstrb_mute-harmonNOstemOPENED,basstrb018_Es3_ovt-03_pos-III_mute-harmonNOstemOPENED.wav,basstrb_mute-harmonNOstemOPENED/basstrb018_Es3_ovt-03_pos-III_mute-harmonNOstemOPENED.wav,./wav/basstrb_mute-harmonNOstemOPENED/basstrb018_Es3_ovt-03_pos-III_mute-harmonNOstemOPENED.wav
855,19,basstrb_mute-harmonNOstemOPENED,basstrb019_E3_ovt-03_pos-II_mute-harmonNOstemOPENED.wav,basstrb_mute-harmonNOstemOPENED/basstrb019_E3_ovt-03_pos-II_mute-harmonNOstemOPENED.wav,./wav/basstrb_mute-harmonNOstemOPENED/basstrb019_E3_ovt-03_pos-II_mute-harmonNOstemOPENED.wav
856,19,basstrb_mute-harmonNOstemOPENED,basstrb020_E3_ovt-04_pos-VII_mute-harmonNOstemOPENED.wav,basstrb_mute-harmonNOstemOPENED/basstrb020_E3_ovt-04_pos-VII_mute-harmonNOstemOPENED.wav,./wav/basstrb_mute-harmonNOstemOPENED/basstrb020_E3_ovt-04_pos-VII_mute-harmonNOstemOPENED.wav
857,19,basstrb_mute-harmonNOstemOPENED,basstrb021_F3_ovt-03_pos-I_mute-harmonNOstemOPENED.wav,basstrb_mute-harmonNOstemOPENED/basstrb021_F3_ovt-03_pos-I_mute-harmonNOstemOPENED.wav,./wav/basstrb_mute-harmonNOstemOPENED/basstrb021_F3_ovt-03_pos-I_mute-harmonNOstemOPENED.wav
858,19,basstrb_mute-harmonNOstemOPENED,basstrb022_F3_ovt-04_pos-VI_mute-harmonNOstemOPENED.wav,basstrb_mute-harmonNOstemOPENED/basstrb022_F3_ovt-04_pos-VI_mute-harmonNOstemOPENED.wav,./wav/basstrb_mute-harmonNOstemOPENED/basstrb022_F3_ovt-04_pos-VI_mute-harmonNOstemOPENED.wav
859,19,basstrb_mute-harmonNOstemOPENED,basstrb023_Fis3_ovt-04_pos-V_mute-harmonNOstemOPENED.wav,basstrb_mute-harmonNOstemOPENED/basstrb023_Fis3_ovt-04_pos-V_mute-harmonNOstemOPENED.wav,./wav/basstrb_mute-harmonNOstemOPENED/basstrb023_Fis3_ovt-04_pos-V_mute-harmonNOstemOPENED.wav
860,19,basstrb_mute-harmonNOstemOPENED,basstrb024_G3_ovt-04_pos-IV_mute-harmonNOstemOPENED.wav,basstrb_mute-harmonNOstemOPENED/basstrb024_G3_ovt-04_pos-IV_mute-harmonNOstemOPENED.wav,./wav/basstrb_mute-harmonNOstemOPENED/basstrb024_G3_ovt-04_pos-IV_mute-harmonNOstemOPENED.wav
861,19,basstrb_mute-harmonNOstemOPENED,basstrb025_As3_ovt-04_pos-III_mute-harmonNOstemOPENED.wav,basstrb_mute-harmonNOstemOPENED/basstrb025_As3_ovt-04_pos-III_mute-harmonNOstemOPENED.wav,./wav/basstrb_mute-harmonNOstemOPENED/basstrb025_As3_ovt-04_pos-III_mute-harmonNOstemOPENED.wav
862,19,basstrb_mute-harmonNOstemOPENED,basstrb026_Gis3_ovt-05_pos-V_mute-harmonNOstemOPENED.wav,basstrb_mute-harmonNOstemOPENED/basstrb026_Gis3_ovt-05_pos-V_mute-harmonNOstemOPENED.wav,./wav/basstrb_mute-harmonNOstemOPENED/basstrb026_Gis3_ovt-05_pos-V_mute-harmonNOstemOPENED.wav
863,19,basstrb_mute-harmonNOstemOPENED,basstrb027_A3_ovt-04_pos-II_mute-harmonNOstemOPENED.wav,basstrb_mute-harmonNOstemOPENED/basstrb027_A3_ovt-04_pos-II_mute-harmonNOstemOPENED.wav,./wav/basstrb_mute-harmonNOstemOPENED/basstrb027_A3_ovt-04_pos-II_mute-harmonNOstemOPENED.wav
864,19,basstrb_mute-harmonNOstemOPENED,basstrb028_A3_ovt-05_pos-VI_mute-harmonNOstemOPENED.wav,basstrb_mute-harmonNOstemOPENED/basstrb028_A3_ovt-05_pos-VI_mute-harmonNOstemOPENED.wav,./wav/basstrb_mute-harmonNOstemOPENED/basstrb028_A3_ovt-05_pos-VI_mute-harmonNOstemOPENED.wav
865,19,basstrb_mute-harmonNOstemOPENED,basstrb029_Ais3_ovt-05_pos-V_mute-harmonNOstemOPENED.wav,basstrb_mute-harmonNOstemOPENED/basstrb029_Ais3_ovt-05_pos-V_mute-harmonNOstemOPENED.wav,./wav/basstrb_mute-harmonNOstemOPENED/basstrb029_Ais3_ovt-05_pos-V_mute-harmonNOstemOPENED.wav
866,19,basstrb_mute-harmonNOstemOPENED,basstrb030_B3_ovt-04_pos-I_mute-harmonNOstemOPENED.wav,basstrb_mute-harmonNOstemOPENED/basstrb030_B3_ovt-04_pos-I_mute-harmonNOstemOPENED.wav,./wav/basstrb_mute-harmonNOstemOPENED/basstrb030_B3_ovt-04_pos-I_mute-harmonNOstemOPENED.wav
867,19,basstrb_mute-harmonNOstemOPENED,basstrb031_H3_ovt-05_pos-IV_mute-harmonNOstemOPENED.wav,basstrb_mute-harmonNOstemOPENED/basstrb031_H3_ovt-05_pos-IV_mute-harmonNOstemOPENED.wav,./wav/basstrb_mute-harmonNOstemOPENED/basstrb031_H3_ovt-05_pos-IV_mute-harmonNOstemOPENED.wav
868,19,basstrb_mute-harmonNOstemOPENED,basstrb032_H3_ovt-06_pos-VII_mute-harmonNOstemOPENED.wav,basstrb_mute-harmonNOstemOPENED/basstrb032_H3_ovt-06_pos-VII_mute-harmonNOstemOPENED.wav,./wav/basstrb_mute-harmonNOstemOPENED/basstrb032_H3_ovt-06_pos-VII_mute-harmonNOstemOPENED.wav
869,19,basstrb_mute-harmonNOstemOPENED,basstrb033_C4_ovt-05_pos-III_mute-harmonNOstemOPENED.wav,basstrb_mute-harmonNOstemOPENED/basstrb033_C4_ovt-05_pos-III_mute-harmonNOstemOPENED.wav,./wav/basstrb_mute-harmonNOstemOPENED/basstrb033_C4_ovt-05_pos-III_mute-harmonNOstemOPENED.wav
870,19,basstrb_mute-harmonNOstemOPENED,basstrb034_C4_ovt-06_pos-VI_mute-harmonNOstemOPENED.wav,basstrb_mute-harmonNOstemOPENED/basstrb034_C4_ovt-06_pos-VI_mute-harmonNOstemOPENED.wav,./wav/basstrb_mute-harmonNOstemOPENED/basstrb034_C4_ovt-06_pos-VI_mute-harmonNOstemOPENED.wav
871,19,basstrb_mute-harmonNOstemOPENED,basstrb035_Cis4_ovt-05_pos-II_mute-harmonNOstemOPENED.wav,basstrb_mute-harmonNOstemOPENED/basstrb035_Cis4_ovt-05_pos-II_mute-harmonNOstemOPENED.wav,./wav/basstrb_mute-harmonNOstemOPENED/basstrb035_Cis4_ovt-05_pos-II_mute-harmonNOstemOPENED.wav
872,19,basstrb_mute-harmonNOstemOPENED,basstrb036_Cis4_ovt-06_pos-V_mute-harmonNOstemOPENED.wav,basstrb_mute-harmonNOstemOPENED/basstrb036_Cis4_ovt-06_pos-V_mute-harmonNOstemOPENED.wav,./wav/basstrb_mute-harmonNOstemOPENED/basstrb036_Cis4_ovt-06_pos-V_mute-harmonNOstemOPENED.wav
873,19,basstrb_mute-harmonNOstemOPENED,basstrb037_D4_ovt-05_pos-I_mute-harmonNOstemOPENED.wav,basstrb_mute-harmonNOstemOPENED/basstrb037_D4_ovt-05_pos-I_mute-harmonNOstemOPENED.wav,./wav/basstrb_mute-harmonNOstemOPENED/basstrb037_D4_ovt-05_pos-I_mute-harmonNOstemOPENED.wav
874,19,basstrb_mute-harmonNOstemOPENED,basstrb038_D4_ovt-06_pos-IV_mute-harmonNOstemOPENED.wav,basstrb_mute-harmonNOstemOPENED/basstrb038_D4_ovt-06_pos-IV_mute-harmonNOstemOPENED.wav,./wav/basstrb_mute-harmonNOstemOPENED/basstrb038_D4_ovt-06_pos-IV_mute-harmonNOstemOPENED.wav
875,19,basstrb_mute-harmonNOstemOPENED,basstrb039_D4_ovt-07_pos-VII_mute-harmonNOstemOPENED.wav,basstrb_mute-harmonNOstemOPENED/basstrb039_D4_ovt-07_pos-VII_mute-harmonNOstemOPENED.wav,./wav/basstrb_mute-harmonNOstemOPENED/basstrb039_D4_ovt-07_pos-VII_mute-harmonNOstemOPENED.wav
876,19,basstrb_mute-harmonNOstemOPENED,basstrb040_Es4_ovt-06_pos-III_mute-harmonNOstemOPENED.wav,basstrb_mute-harmonNOstemOPENED/basstrb040_Es4_ovt-06_pos-III_mute-harmonNOstemOPENED.wav,./wav/basstrb_mute-harmonNOstemOPENED/basstrb040_Es4_ovt-06_pos-III_mute-harmonNOstemOPENED.wav
877,19,basstrb_mute-harmonNOstemOPENED,basstrb041_Es4_ovt-07_pos-VI_mute-harmonNOstemOPENED.wav,basstrb_mute-harmonNOstemOPENED/basstrb041_Es4_ovt-07_pos-VI_mute-harmonNOstemOPENED.wav,./wav/basstrb_mute-harmonNOstemOPENED/basstrb041_Es4_ovt-07_pos-VI_mute-harmonNOstemOPENED.wav
878,19,basstrb_mute-harmonNOstemOPENED,basstrb042_E4_ovt-06_pos-II_mute-harmonNOstemOPENED.wav,basstrb_mute-harmonNOstemOPENED/basstrb042_E4_ovt-06_pos-II_mute-harmonNOstemOPENED.wav,./wav/basstrb_mute-harmonNOstemOPENED/basstrb042_E4_ovt-06_pos-II_mute-harmonNOstemOPENED.wav
879,19,basstrb_mute-harmonNOstemOPENED,basstrb043_E4_ovt-07_pos-V_mute-harmonNOstemOPENED.wav,basstrb_mute-harmonNOstemOPENED/basstrb043_E4_ovt-07_pos-V_mute-harmonNOstemOPENED.wav,./wav/basstrb_mute-harmonNOstemOPENED/basstrb043_E4_ovt-07_pos-V_mute-harmonNOstemOPENED.wav
880,19,basstrb_mute-harmonNOstemOPENED,basstrb044_E4_ovt-08_pos-VII_mute-harmonNOstemOPENED.wav,basstrb_mute-harmonNOstemOPENED/basstrb044_E4_ovt-08_pos-VII_mute-harmonNOstemOPENED.wav,./wav/basstrb_mute-harmonNOstemOPENED/basstrb044_E4_ovt-08_pos-VII_mute-harmonNOstemOPENED.wav
881,19,basstrb_mute-harmonNOstemOPENED,basstrb045_F4_ovt-06_pos-I_mute-harmonNOstemOPENED.wav,basstrb_mute-harmonNOstemOPENED/basstrb045_F4_ovt-06_pos-I_mute-harmonNOstemOPENED.wav,./wav/basstrb_mute-harmonNOstemOPENED/basstrb045_F4_ovt-06_pos-I_mute-harmonNOstemOPENED.wav
882,19,basstrb_mute-harmonNOstemOPENED,basstrb046_F4_ovt-07_pos-IV_mute-harmonNOstemOPENED.wav,basstrb_mute-harmonNOstemOPENED/basstrb046_F4_ovt-07_pos-IV_mute-harmonNOstemOPENED.wav,./wav/basstrb_mute-harmonNOstemOPENED/basstrb046_F4_ovt-07_pos-IV_mute-harmonNOstemOPENED.wav
883,19,basstrb_mute-harmonNOstemOPENED,basstrb047_F4_ovt-08_pos-VI_mute-harmonNOstemOPENED.wav,basstrb_mute-harmonNOstemOPENED/basstrb047_F4_ovt-08_pos-VI_mute-harmonNOstemOPENED.wav,./wav/basstrb_mute-harmonNOstemOPENED/basstrb047_F4_ovt-08_pos-VI_mute-harmonNOstemOPENED.wav
884,19,basstrb_mute-harmonNOstemOPENED,basstrb048_Ges4_ovt-07_pos-III_mute-harmonNOstemOPENED.wav,basstrb_mute-harmonNOstemOPENED/basstrb048_Ges4_ovt-07_pos-III_mute-harmonNOstemOPENED.wav,./wav/basstrb_mute-harmonNOstemOPENED/basstrb048_Ges4_ovt-07_pos-III_mute-harmonNOstemOPENED.wav
885,19,basstrb_mute-harmonNOstemOPENED,basstrb049_Fis4_ovt-08_pos-V_mute-harmonNOstemOPENED.wav,basstrb_mute-harmonNOstemOPENED/basstrb049_Fis4_ovt-08_pos-V_mute-harmonNOstemOPENED.wav,./wav/basstrb_mute-harmonNOstemOPENED/basstrb049_Fis4_ovt-08_pos-V_mute-harmonNOstemOPENED.wav
886,19,basstrb_mute-harmonNOstemOPENED,basstrb050_G4_ovt-07_pos-II_mute-harmonNOstemOPENED.wav,basstrb_mute-harmonNOstemOPENED/basstrb050_G4_ovt-07_pos-II_mute-harmonNOstemOPENED.wav,./wav/basstrb_mute-harmonNOstemOPENED/basstrb050_G4_ovt-07_pos-II_mute-harmonNOstemOPENED.wav
887,19,basstrb_mute-harmonNOstemOPENED,basstrb051_G4_ovt-08_pos-IV_mute-harmonNOstemOPENED.wav,basstrb_mute-harmonNOstemOPENED/basstrb051_G4_ovt-08_pos-IV_mute-harmonNOstemOPENED.wav,./wav/basstrb_mute-harmonNOstemOPENED/basstrb051_G4_ovt-08_pos-IV_mute-harmonNOstemOPENED.wav
888,19,basstrb_mute-harmonNOstemOPENED,basstrb052_As4_ovt-07_pos-I_mute-harmonNOstemOPENED.wav,basstrb_mute-harmonNOstemOPENED/basstrb052_As4_ovt-07_pos-I_mute-harmonNOstemOPENED.wav,./wav/basstrb_mute-harmonNOstemOPENED/basstrb052_As4_ovt-07_pos-I_mute-harmonNOstemOPENED.wav
889,19,basstrb_mute-harmonNOstemOPENED,basstrb053_As4_ovt-08_pos-III_mute-harmonNOstemOPENED.wav,basstrb_mute-harmonNOstemOPENED/basstrb053_As4_ovt-08_pos-III_mute-harmonNOstemOPENED.wav,./wav/basstrb_mute-harmonNOstemOPENED/basstrb053_As4_ovt-08_pos-III_mute-harmonNOstemOPENED.wav
890,19,basstrb_mute-harmonNOstemOPENED,basstrb054_A4_ovt-08_pos-II_mute-harmonNOstemOPENED.wav,basstrb_mute-harmonNOstemOPENED/basstrb054_A4_ovt-08_pos-II_mute-harmonNOstemOPENED.wav,./wav/basstrb_mute-harmonNOstemOPENED/basstrb054_A4_ovt-08_pos-II_mute-harmonNOstemOPENED.wav
891,19,basstrb_mute-harmonNOstemOPENED,basstrb055_B4_ovt-08_pos-I_mute-harmonNOstemOPENED.wav,basstrb_mute-harmonNOstemOPENED/basstrb055_B4_ovt-08_pos-I_mute-harmonNOstemOPENED.wav,./wav/basstrb_mute-harmonNOstemOPENED/basstrb055_B4_ovt-08_pos-I_mute-harmonNOstemOPENED.wav
892,20,basstrb_mute-harmonNOstemCLOSED,basstrb000_E1_ovt-01_pos-VII_mute-harmonNOstemmCLOSED.wav,basstrb_mute-harmonNOstemCLOSED/basstrb000_E1_ovt-01_pos-VII_mute-harmonNOstemmCLOSED.wav,./wav/basstrb_mute-harmonNOstemCLOSED/basstrb000_E1_ovt-01_pos-VII_mute-harmonNOstemmCLOSED.wav
893,20,basstrb_mute-harmonNOstemCLOSED,basstrb001_F1_ovt-01_pos-VI_mute-harmonNOstemmCLOSED.wav,basstrb_mute-harmonNOstemCLOSED/basstrb001_F1_ovt-01_pos-VI_mute-harmonNOstemmCLOSED.wav,./wav/basstrb_mute-harmonNOstemCLOSED/basstrb001_F1_ovt-01_pos-VI_mute-harmonNOstemmCLOSED.wav
894,20,basstrb_mute-harmonNOstemCLOSED,basstrb002_Fis1_ovt-01_pos-V_mute-harmonNOstemmCLOSED.wav,basstrb_mute-harmonNOstemCLOSED/basstrb002_Fis1_ovt-01_pos-V_mute-harmonNOstemmCLOSED.wav,./wav/basstrb_mute-harmonNOstemCLOSED/basstrb002_Fis1_ovt-01_pos-V_mute-harmonNOstemmCLOSED.wav
895,20,basstrb_mute-harmonNOstemCLOSED,basstrb003_G1_ovt-01_pos-IV_mute-harmonNOstemmCLOSED.wav,basstrb_mute-harmonNOstemCLOSED/basstrb003_G1_ovt-01_pos-IV_mute-harmonNOstemmCLOSED.wav,./wav/basstrb_mute-harmonNOstemCLOSED/basstrb003_G1_ovt-01_pos-IV_mute-harmonNOstemmCLOSED.wav
896,20,basstrb_mute-harmonNOstemCLOSED,basstrb004_As1_ovt-01_pos-III_mute-harmonNOstemmCLOSED.wav,basstrb_mute-harmonNOstemCLOSED/basstrb004_As1_ovt-01_pos-III_mute-harmonNOstemmCLOSED.wav,./wav/basstrb_mute-harmonNOstemCLOSED/basstrb004_As1_ovt-01_pos-III_mute-harmonNOstemmCLOSED.wav
897,20,basstrb_mute-harmonNOstemCLOSED,basstrb005_A1_ovt-01_pos-II_mute-harmonNOstemmCLOSED.wav,basstrb_mute-harmonNOstemCLOSED/basstrb005_A1_ovt-01_pos-II_mute-harmonNOstemmCLOSED.wav,./wav/basstrb_mute-harmonNOstemCLOSED/basstrb005_A1_ovt-01_pos-II_mute-harmonNOstemmCLOSED.wav
898,20,basstrb_mute-harmonNOstemCLOSED,basstrb006_B1_ovt-01_pos-I_mute-harmonNOstemmCLOSED.wav,basstrb_mute-harmonNOstemCLOSED/basstrb006_B1_ovt-01_pos-I_mute-harmonNOstemmCLOSED.wav,./wav/basstrb_mute-harmonNOstemCLOSED/basstrb006_B1_ovt-01_pos-I_mute-harmonNOstemmCLOSED.wav
899,20,basstrb_mute-harmonNOstemCLOSED,basstrb007_E2_ovt-02_pos-VII_mute-harmonNOstemmCLOSED.wav,basstrb_mute-harmonNOstemCLOSED/basstrb007_E2_ovt-02_pos-VII_mute-harmonNOstemmCLOSED.wav,./wav/basstrb_mute-harmonNOstemCLOSED/basstrb007_E2_ovt-02_pos-VII_mute-harmonNOstemmCLOSED.wav
900,20,basstrb_mute-harmonNOstemCLOSED,basstrb008_F2_ovt-02_pos-VI_mute-harmonNOstemmCLOSED.wav,basstrb_mute-harmonNOstemCLOSED/basstrb008_F2_ovt-02_pos-VI_mute-harmonNOstemmCLOSED.wav,./wav/basstrb_mute-harmonNOstemCLOSED/basstrb008_F2_ovt-02_pos-VI_mute-harmonNOstemmCLOSED.wav
901,20,basstrb_mute-harmonNOstemCLOSED,basstrb009_Fis2_ovt-02_pos-V_mute-harmonNOstemmCLOSED.wav,basstrb_mute-harmonNOstemCLOSED/basstrb009_Fis2_ovt-02_pos-V_mute-harmonNOstemmCLOSED.wav,./wav/basstrb_mute-harmonNOstemCLOSED/basstrb009_Fis2_ovt-02_pos-V_mute-harmonNOstemmCLOSED.wav
902,20,basstrb_mute-harmonNOstemCLOSED,basstrb010_G2_ovt-02_pos-IV_mute-harmonNOstemmCLOSED.wav,basstrb_mute-harmonNOstemCLOSED/basstrb010_G2_ovt-02_pos-IV_mute-harmonNOstemmCLOSED.wav,./wav/basstrb_mute-harmonNOstemCLOSED/basstrb010_G2_ovt-02_pos-IV_mute-harmonNOstemmCLOSED.wav
903,20,basstrb_mute-harmonNOstemCLOSED,basstrb011_As2_ovt-02_pos-III_mute-harmonNOstemmCLOSED.wav,basstrb_mute-harmonNOstemCLOSED/basstrb011_As2_ovt-02_pos-III_mute-harmonNOstemmCLOSED.wav,./wav/basstrb_mute-harmonNOstemCLOSED/basstrb011_As2_ovt-02_pos-III_mute-harmonNOstemmCLOSED.wav
904,20,basstrb_mute-harmonNOstemCLOSED,basstrb012_A2_ovt-02_pos-II_mute-harmonNOstemmCLOSED.wav,basstrb_mute-harmonNOstemCLOSED/basstrb012_A2_ovt-02_pos-II_mute-harmonNOstemmCLOSED.wav,./wav/basstrb_mute-harmonNOstemCLOSED/basstrb012_A2_ovt-02_pos-II_mute-harmonNOstemmCLOSED.wav
905,20,basstrb_mute-harmonNOstemCLOSED,basstrb013_B2_ovt-02_pos-I_mute-harmonNOstemmCLOSED.wav,basstrb_mute-harmonNOstemCLOSED/basstrb013_B2_ovt-02_pos-I_mute-harmonNOstemmCLOSED.wav,./wav/basstrb_mute-harmonNOstemCLOSED/basstrb013_B2_ovt-02_pos-I_mute-harmonNOstemmCLOSED.wav
906,20,basstrb_mute-harmonNOstemCLOSED,basstrb014_H2_ovt-03_pos-VII_mute-harmonNOstemmCLOSED.wav,basstrb_mute-harmonNOstemCLOSED/basstrb014_H2_ovt-03_pos-VII_mute-harmonNOstemmCLOSED.wav,./wav/basstrb_mute-harmonNOstemCLOSED/basstrb014_H2_ovt-03_pos-VII_mute-harmonNOstemmCLOSED.wav
907,20,basstrb_mute-harmonNOstemCLOSED,basstrb015_C3_ovt-03_pos-VI_mute-harmonNOstemmCLOSED.wav,basstrb_mute-harmonNOstemCLOSED/basstrb015_C3_ovt-03_pos-VI_mute-harmonNOstemmCLOSED.wav,./wav/basstrb_mute-harmonNOstemCLOSED/basstrb015_C3_ovt-03_pos-VI_mute-harmonNOstemmCLOSED.wav
908,20,basstrb_mute-harmonNOstemCLOSED,basstrb016_Cis3_ovt-03_pos-V_mute-harmonNOstemmCLOSED.wav,basstrb_mute-harmonNOstemCLOSED/basstrb016_Cis3_ovt-03_pos-V_mute-harmonNOstemmCLOSED.wav,./wav/basstrb_mute-harmonNOstemCLOSED/basstrb016_Cis3_ovt-03_pos-V_mute-harmonNOstemmCLOSED.wav
909,20,basstrb_mute-harmonNOstemCLOSED,basstrb017_D3_ovt-03_pos-IV_mute-harmonNOstemmCLOSED.wav,basstrb_mute-harmonNOstemCLOSED/basstrb017_D3_ovt-03_pos-IV_mute-harmonNOstemmCLOSED.wav,./wav/basstrb_mute-harmonNOstemCLOSED/basstrb017_D3_ovt-03_pos-IV_mute-harmonNOstemmCLOSED.wav
910,20,basstrb_mute-harmonNOstemCLOSED,basstrb018_Es3_ovt-03_pos-III_mute-harmonNOstemmCLOSED.wav,basstrb_mute-harmonNOstemCLOSED/basstrb018_Es3_ovt-03_pos-III_mute-harmonNOstemmCLOSED.wav,./wav/basstrb_mute-harmonNOstemCLOSED/basstrb018_Es3_ovt-03_pos-III_mute-harmonNOstemmCLOSED.wav
911,20,basstrb_mute-harmonNOstemCLOSED,basstrb019_E3_ovt-03_pos-II_mute-harmonNOstemmCLOSED.wav,basstrb_mute-harmonNOstemCLOSED/basstrb019_E3_ovt-03_pos-II_mute-harmonNOstemmCLOSED.wav,./wav/basstrb_mute-harmonNOstemCLOSED/basstrb019_E3_ovt-03_pos-II_mute-harmonNOstemmCLOSED.wav
912,20,basstrb_mute-harmonNOstemCLOSED,basstrb020_E3_ovt-04_pos-VII_mute-harmonNOstemmCLOSED.wav,basstrb_mute-harmonNOstemCLOSED/basstrb020_E3_ovt-04_pos-VII_mute-harmonNOstemmCLOSED.wav,./wav/basstrb_mute-harmonNOstemCLOSED/basstrb020_E3_ovt-04_pos-VII_mute-harmonNOstemmCLOSED.wav
913,20,basstrb_mute-harmonNOstemCLOSED,basstrb021_F3_ovt-03_pos-I_mute-harmonNOstemmCLOSED.wav,basstrb_mute-harmonNOstemCLOSED/basstrb021_F3_ovt-03_pos-I_mute-harmonNOstemmCLOSED.wav,./wav/basstrb_mute-harmonNOstemCLOSED/basstrb021_F3_ovt-03_pos-I_mute-harmonNOstemmCLOSED.wav
914,20,basstrb_mute-harmonNOstemCLOSED,basstrb022_F3_ovt-04_pos-VI_mute-harmonNOstemmCLOSED.wav,basstrb_mute-harmonNOstemCLOSED/basstrb022_F3_ovt-04_pos-VI_mute-harmonNOstemmCLOSED.wav,./wav/basstrb_mute-harmonNOstemCLOSED/basstrb022_F3_ovt-04_pos-VI_mute-harmonNOstemmCLOSED.wav
915,20,basstrb_mute-harmonNOstemCLOSED,basstrb023_Fis3_ovt-04_pos-V_mute-harmonNOstemmCLOSED.wav,basstrb_mute-harmonNOstemCLOSED/basstrb023_Fis3_ovt-04_pos-V_mute-harmonNOstemmCLOSED.wav,./wav/basstrb_mute-harmonNOstemCLOSED/basstrb023_Fis3_ovt-04_pos-V_mute-harmonNOstemmCLOSED.wav
916,20,basstrb_mute-harmonNOstemCLOSED,basstrb024_G3_ovt-04_pos-IV_mute-harmonNOstemmCLOSED.wav,basstrb_mute-harmonNOstemCLOSED/basstrb024_G3_ovt-04_pos-IV_mute-harmonNOstemmCLOSED.wav,./wav/basstrb_mute-harmonNOstemCLOSED/basstrb024_G3_ovt-04_pos-IV_mute-harmonNOstemmCLOSED.wav
917,20,basstrb_mute-harmonNOstemCLOSED,basstrb025_As3_ovt-04_pos-III_mute-harmonNOstemmCLOSED.wav,basstrb_mute-harmonNOstemCLOSED/basstrb025_As3_ovt-04_pos-III_mute-harmonNOstemmCLOSED.wav,./wav/basstrb_mute-harmonNOstemCLOSED/basstrb025_As3_ovt-04_pos-III_mute-harmonNOstemmCLOSED.wav
918,20,basstrb_mute-harmonNOstemCLOSED,basstrb026_Gis3_ovt-05_pos-VII_mute-harmonNOstemmCLOSED.wav,basstrb_mute-harmonNOstemCLOSED/basstrb026_Gis3_ovt-05_pos-VII_mute-harmonNOstemmCLOSED.wav,./wav/basstrb_mute-harmonNOstemCLOSED/basstrb026_Gis3_ovt-05_pos-VII_mute-harmonNOstemmCLOSED.wav
919,20,basstrb_mute-harmonNOstemCLOSED,basstrb027_A3_ovt-04_pos-II_mute-harmonNOstemmCLOSED.wav,basstrb_mute-harmonNOstemCLOSED/basstrb027_A3_ovt-04_pos-II_mute-harmonNOstemmCLOSED.wav,./wav/basstrb_mute-harmonNOstemCLOSED/basstrb027_A3_ovt-04_pos-II_mute-harmonNOstemmCLOSED.wav
920,20,basstrb_mute-harmonNOstemCLOSED,basstrb028_A3_ovt-05_pos-VI_mute-harmonNOstemmCLOSED.wav,basstrb_mute-harmonNOstemCLOSED/basstrb028_A3_ovt-05_pos-VI_mute-harmonNOstemmCLOSED.wav,./wav/basstrb_mute-harmonNOstemCLOSED/basstrb028_A3_ovt-05_pos-VI_mute-harmonNOstemmCLOSED.wav
921,20,basstrb_mute-harmonNOstemCLOSED,basstrb029_Ais3_ovt-05_pos-V_mute-harmonNOstemmCLOSED.wav,basstrb_mute-harmonNOstemCLOSED/basstrb029_Ais3_ovt-05_pos-V_mute-harmonNOstemmCLOSED.wav,./wav/basstrb_mute-harmonNOstemCLOSED/basstrb029_Ais3_ovt-05_pos-V_mute-harmonNOstemmCLOSED.wav
922,20,basstrb_mute-harmonNOstemCLOSED,basstrb030_B3_ovt-04_pos-I_mute-harmonNOstemmCLOSED.wav,basstrb_mute-harmonNOstemCLOSED/basstrb030_B3_ovt-04_pos-I_mute-harmonNOstemmCLOSED.wav,./wav/basstrb_mute-harmonNOstemCLOSED/basstrb030_B3_ovt-04_pos-I_mute-harmonNOstemmCLOSED.wav
923,20,basstrb_mute-harmonNOstemCLOSED,basstrb031_H3_ovt-05_pos-IV_mute-harmonNOstemmCLOSED.wav,basstrb_mute-harmonNOstemCLOSED/basstrb031_H3_ovt-05_pos-IV_mute-harmonNOstemmCLOSED.wav,./wav/basstrb_mute-harmonNOstemCLOSED/basstrb031_H3_ovt-05_pos-IV_mute-harmonNOstemmCLOSED.wav
924,20,basstrb_mute-harmonNOstemCLOSED,basstrb032_H3_ovt-06_pos-VII_mute-harmonNOstemmCLOSED.wav,basstrb_mute-harmonNOstemCLOSED/basstrb032_H3_ovt-06_pos-VII_mute-harmonNOstemmCLOSED.wav,./wav/basstrb_mute-harmonNOstemCLOSED/basstrb032_H3_ovt-06_pos-VII_mute-harmonNOstemmCLOSED.wav
925,20,basstrb_mute-harmonNOstemCLOSED,basstrb033_C4_ovt-05_pos-III_mute-harmonNOstemmCLOSED.wav,basstrb_mute-harmonNOstemCLOSED/basstrb033_C4_ovt-05_pos-III_mute-harmonNOstemmCLOSED.wav,./wav/basstrb_mute-harmonNOstemCLOSED/basstrb033_C4_ovt-05_pos-III_mute-harmonNOstemmCLOSED.wav
926,20,basstrb_mute-harmonNOstemCLOSED,basstrb034_C4_ovt-06_pos-VI_mute-harmonNOstemmCLOSED.wav,basstrb_mute-harmonNOstemCLOSED/basstrb034_C4_ovt-06_pos-VI_mute-harmonNOstemmCLOSED.wav,./wav/basstrb_mute-harmonNOstemCLOSED/basstrb034_C4_ovt-06_pos-VI_mute-harmonNOstemmCLOSED.wav
927,20,basstrb_mute-harmonNOstemCLOSED,basstrb035_Cis4_ovt-05_pos-II_mute-harmonNOstemmCLOSED.wav,basstrb_mute-harmonNOstemCLOSED/basstrb035_Cis4_ovt-05_pos-II_mute-harmonNOstemmCLOSED.wav,./wav/basstrb_mute-harmonNOstemCLOSED/basstrb035_Cis4_ovt-05_pos-II_mute-harmonNOstemmCLOSED.wav
928,20,basstrb_mute-harmonNOstemCLOSED,basstrb036_Cis4_ovt-06_pos-V_mute-harmonNOstemmCLOSED.wav,basstrb_mute-harmonNOstemCLOSED/basstrb036_Cis4_ovt-06_pos-V_mute-harmonNOstemmCLOSED.wav,./wav/basstrb_mute-harmonNOstemCLOSED/basstrb036_Cis4_ovt-06_pos-V_mute-harmonNOstemmCLOSED.wav
929,20,basstrb_mute-harmonNOstemCLOSED,basstrb037_D4_ovt-05_pos-I_mute-harmonNOstemmCLOSED.wav,basstrb_mute-harmonNOstemCLOSED/basstrb037_D4_ovt-05_pos-I_mute-harmonNOstemmCLOSED.wav,./wav/basstrb_mute-harmonNOstemCLOSED/basstrb037_D4_ovt-05_pos-I_mute-harmonNOstemmCLOSED.wav
930,20,basstrb_mute-harmonNOstemCLOSED,basstrb038_D4_ovt-06_pos-IV_mute-harmonNOstemmCLOSED.wav,basstrb_mute-harmonNOstemCLOSED/basstrb038_D4_ovt-06_pos-IV_mute-harmonNOstemmCLOSED.wav,./wav/basstrb_mute-harmonNOstemCLOSED/basstrb038_D4_ovt-06_pos-IV_mute-harmonNOstemmCLOSED.wav
931,20,basstrb_mute-harmonNOstemCLOSED,basstrb039_D4_ovt-07_pos-VII_mute-harmonNOstemmCLOSED.wav,basstrb_mute-harmonNOstemCLOSED/basstrb039_D4_ovt-07_pos-VII_mute-harmonNOstemmCLOSED.wav,./wav/basstrb_mute-harmonNOstemCLOSED/basstrb039_D4_ovt-07_pos-VII_mute-harmonNOstemmCLOSED.wav
932,20,basstrb_mute-harmonNOstemCLOSED,basstrb040_Es4_ovt-06_pos-III_mute-harmonNOstemmCLOSED.wav,basstrb_mute-harmonNOstemCLOSED/basstrb040_Es4_ovt-06_pos-III_mute-harmonNOstemmCLOSED.wav,./wav/basstrb_mute-harmonNOstemCLOSED/basstrb040_Es4_ovt-06_pos-III_mute-harmonNOstemmCLOSED.wav
933,20,basstrb_mute-harmonNOstemCLOSED,basstrb041_Es4_ovt-07_pos-VI_mute-harmonNOstemmCLOSED.wav,basstrb_mute-harmonNOstemCLOSED/basstrb041_Es4_ovt-07_pos-VI_mute-harmonNOstemmCLOSED.wav,./wav/basstrb_mute-harmonNOstemCLOSED/basstrb041_Es4_ovt-07_pos-VI_mute-harmonNOstemmCLOSED.wav
934,20,basstrb_mute-harmonNOstemCLOSED,basstrb042_E4_ovt-06_pos-II_mute-harmonNOstemmCLOSED.wav,basstrb_mute-harmonNOstemCLOSED/basstrb042_E4_ovt-06_pos-II_mute-harmonNOstemmCLOSED.wav,./wav/basstrb_mute-harmonNOstemCLOSED/basstrb042_E4_ovt-06_pos-II_mute-harmonNOstemmCLOSED.wav
935,20,basstrb_mute-harmonNOstemCLOSED,basstrb043_E4_ovt-07_pos-V_mute-harmonNOstemmCLOSED.wav,basstrb_mute-harmonNOstemCLOSED/basstrb043_E4_ovt-07_pos-V_mute-harmonNOstemmCLOSED.wav,./wav/basstrb_mute-harmonNOstemCLOSED/basstrb043_E4_ovt-07_pos-V_mute-harmonNOstemmCLOSED.wav
936,20,basstrb_mute-harmonNOstemCLOSED,basstrb044_E4_ovt-08_pos-VII_mute-harmonNOstemmCLOSED.wav,basstrb_mute-harmonNOstemCLOSED/basstrb044_E4_ovt-08_pos-VII_mute-harmonNOstemmCLOSED.wav,./wav/basstrb_mute-harmonNOstemCLOSED/basstrb044_E4_ovt-08_pos-VII_mute-harmonNOstemmCLOSED.wav
937,20,basstrb_mute-harmonNOstemCLOSED,basstrb045_F4_ovt-06_pos-I_mute-harmonNOstemmCLOSED.wav,basstrb_mute-harmonNOstemCLOSED/basstrb045_F4_ovt-06_pos-I_mute-harmonNOstemmCLOSED.wav,./wav/basstrb_mute-harmonNOstemCLOSED/basstrb045_F4_ovt-06_pos-I_mute-harmonNOstemmCLOSED.wav
938,20,basstrb_mute-harmonNOstemCLOSED,basstrb046_F4_ovt-07_pos-IV_mute-harmonNOstemmCLOSED.wav,basstrb_mute-harmonNOstemCLOSED/basstrb046_F4_ovt-07_pos-IV_mute-harmonNOstemmCLOSED.wav,./wav/basstrb_mute-harmonNOstemCLOSED/basstrb046_F4_ovt-07_pos-IV_mute-harmonNOstemmCLOSED.wav
939,20,basstrb_mute-harmonNOstemCLOSED,basstrb047_F4_ovt-08_pos-VI_mute-harmonNOstemmCLOSED.wav,basstrb_mute-harmonNOstemCLOSED/basstrb047_F4_ovt-08_pos-VI_mute-harmonNOstemmCLOSED.wav,./wav/basstrb_mute-harmonNOstemCLOSED/basstrb047_F4_ovt-08_pos-VI_mute-harmonNOstemmCLOSED.wav
940,20,basstrb_mute-harmonNOstemCLOSED,basstrb048_Fis4_ovt-08_pos-V_mute-harmonNOstemmCLOSED.wav,basstrb_mute-harmonNOstemCLOSED/basstrb048_Fis4_ovt-08_pos-V_mute-harmonNOstemmCLOSED.wav,./wav/basstrb_mute-harmonNOstemCLOSED/basstrb048_Fis4_ovt-08_pos-V_mute-harmonNOstemmCLOSED.wav
941,20,basstrb_mute-harmonNOstemCLOSED,basstrb049_Ges4_ovt-07_pos-III_mute-harmonNOstemmCLOSED.wav,basstrb_mute-harmonNOstemCLOSED/basstrb049_Ges4_ovt-07_pos-III_mute-harmonNOstemmCLOSED.wav,./wav/basstrb_mute-harmonNOstemCLOSED/basstrb049_Ges4_ovt-07_pos-III_mute-harmonNOstemmCLOSED.wav
942,20,basstrb_mute-harmonNOstemCLOSED,basstrb050_G4_ovt-07_pos-II_mute-harmonNOstemmCLOSED.wav,basstrb_mute-harmonNOstemCLOSED/basstrb050_G4_ovt-07_pos-II_mute-harmonNOstemmCLOSED.wav,./wav/basstrb_mute-harmonNOstemCLOSED/basstrb050_G4_ovt-07_pos-II_mute-harmonNOstemmCLOSED.wav
943,20,basstrb_mute-harmonNOstemCLOSED,basstrb051_G4_ovt-08_pos-IV_mute-harmonNOstemmCLOSED.wav,basstrb_mute-harmonNOstemCLOSED/basstrb051_G4_ovt-08_pos-IV_mute-harmonNOstemmCLOSED.wav,./wav/basstrb_mute-harmonNOstemCLOSED/basstrb051_G4_ovt-08_pos-IV_mute-harmonNOstemmCLOSED.wav
944,20,basstrb_mute-harmonNOstemCLOSED,basstrb052_As4_ovt-07_pos-I_mute-harmonNOstemmCLOSED.wav,basstrb_mute-harmonNOstemCLOSED/basstrb052_As4_ovt-07_pos-I_mute-harmonNOstemmCLOSED.wav,./wav/basstrb_mute-harmonNOstemCLOSED/basstrb052_As4_ovt-07_pos-I_mute-harmonNOstemmCLOSED.wav
945,20,basstrb_mute-harmonNOstemCLOSED,basstrb053_As4_ovt-08_pos-III_mute-harmonNOstemmCLOSED.wav,basstrb_mute-harmonNOstemCLOSED/basstrb053_As4_ovt-08_pos-III_mute-harmonNOstemmCLOSED.wav,./wav/basstrb_mute-harmonNOstemCLOSED/basstrb053_As4_ovt-08_pos-III_mute-harmonNOstemmCLOSED.wav
946,20,basstrb_mute-harmonNOstemCLOSED,basstrb054_A4_ovt-08_pos-II_mute-harmonNOstemmCLOSED.wav,basstrb_mute-harmonNOstemCLOSED/basstrb054_A4_ovt-08_pos-II_mute-harmonNOstemmCLOSED.wav,./wav/basstrb_mute-harmonNOstemCLOSED/basstrb054_A4_ovt-08_pos-II_mute-harmonNOstemmCLOSED.wav
947,20,basstrb_mute-harmonNOstemCLOSED,basstrb055_B4_ovt-08_pos-I_mute-harmonNOstemmCLOSED.wav,basstrb_mute-harmonNOstemCLOSED/basstrb055_B4_ovt-08_pos-I_mute-harmonNOstemmCLOSED.wav,./wav/basstrb_mute-harmonNOstemCLOSED/basstrb055_B4_ovt-08_pos-I_mute-harmonNOstemmCLOSED.wav
948,21,basstrb_mute-harmonStemmedOPENED,basstrb000_E1_ovt-01_pos-VII_mute-harmonStemmedOPENED.wav,basstrb_mute-harmonStemmedOPENED/basstrb000_E1_ovt-01_pos-VII_mute-harmonStemmedOPENED.wav,./wav/basstrb_mute-harmonStemmedOPENED/basstrb000_E1_ovt-01_pos-VII_mute-harmonStemmedOPENED.wav
949,21,basstrb_mute-harmonStemmedOPENED,basstrb001_F1_ovt-01_pos-VI_mute-harmonStemmedOPENED.wav,basstrb_mute-harmonStemmedOPENED/basstrb001_F1_ovt-01_pos-VI_mute-harmonStemmedOPENED.wav,./wav/basstrb_mute-harmonStemmedOPENED/basstrb001_F1_ovt-01_pos-VI_mute-harmonStemmedOPENED.wav
950,21,basstrb_mute-harmonStemmedOPENED,basstrb002_Fis1_ovt-01_pos-V_mute-harmonStemmedOPENED.wav,basstrb_mute-harmonStemmedOPENED/basstrb002_Fis1_ovt-01_pos-V_mute-harmonStemmedOPENED.wav,./wav/basstrb_mute-harmonStemmedOPENED/basstrb002_Fis1_ovt-01_pos-V_mute-harmonStemmedOPENED.wav
951,21,basstrb_mute-harmonStemmedOPENED,basstrb003_G1_ovt-01_pos-IV_mute-harmonStemmedOPENED.wav,basstrb_mute-harmonStemmedOPENED/basstrb003_G1_ovt-01_pos-IV_mute-harmonStemmedOPENED.wav,./wav/basstrb_mute-harmonStemmedOPENED/basstrb003_G1_ovt-01_pos-IV_mute-harmonStemmedOPENED.wav
952,21,basstrb_mute-harmonStemmedOPENED,basstrb004_As1_ovt-01_pos-III_mute-harmonStemmedOPENED.wav,basstrb_mute-harmonStemmedOPENED/basstrb004_As1_ovt-01_pos-III_mute-harmonStemmedOPENED.wav,./wav/basstrb_mute-harmonStemmedOPENED/basstrb004_As1_ovt-01_pos-III_mute-harmonStemmedOPENED.wav
953,21,basstrb_mute-harmonStemmedOPENED,basstrb005_A1_ovt-01_pos-II_mute-harmonStemmedOPENED.wav,basstrb_mute-harmonStemmedOPENED/basstrb005_A1_ovt-01_pos-II_mute-harmonStemmedOPENED.wav,./wav/basstrb_mute-harmonStemmedOPENED/basstrb005_A1_ovt-01_pos-II_mute-harmonStemmedOPENED.wav
954,21,basstrb_mute-harmonStemmedOPENED,basstrb006_B1_ovt-01_pos-I_mute-harmonStemmedOPENED.wav,basstrb_mute-harmonStemmedOPENED/basstrb006_B1_ovt-01_pos-I_mute-harmonStemmedOPENED.wav,./wav/basstrb_mute-harmonStemmedOPENED/basstrb006_B1_ovt-01_pos-I_mute-harmonStemmedOPENED.wav
955,21,basstrb_mute-harmonStemmedOPENED,basstrb007_E2_ovt-02_pos-VII_mute-harmonStemmedOPENED.wav,basstrb_mute-harmonStemmedOPENED/basstrb007_E2_ovt-02_pos-VII_mute-harmonStemmedOPENED.wav,./wav/basstrb_mute-harmonStemmedOPENED/basstrb007_E2_ovt-02_pos-VII_mute-harmonStemmedOPENED.wav
956,21,basstrb_mute-harmonStemmedOPENED,basstrb008_F2_ovt-02_pos-VI_mute-harmonStemmedOPENED.wav,basstrb_mute-harmonStemmedOPENED/basstrb008_F2_ovt-02_pos-VI_mute-harmonStemmedOPENED.wav,./wav/basstrb_mute-harmonStemmedOPENED/basstrb008_F2_ovt-02_pos-VI_mute-harmonStemmedOPENED.wav
957,21,basstrb_mute-harmonStemmedOPENED,basstrb009_Fis2_ovt-02_pos-V_mute-harmonStemmedOPENED.wav,basstrb_mute-harmonStemmedOPENED/basstrb009_Fis2_ovt-02_pos-V_mute-harmonStemmedOPENED.wav,./wav/basstrb_mute-harmonStemmedOPENED/basstrb009_Fis2_ovt-02_pos-V_mute-harmonStemmedOPENED.wav
958,21,basstrb_mute-harmonStemmedOPENED,basstrb010_G2_ovt-02_pos-IV_mute-harmonStemmedOPENED.wav,basstrb_mute-harmonStemmedOPENED/basstrb010_G2_ovt-02_pos-IV_mute-harmonStemmedOPENED.wav,./wav/basstrb_mute-harmonStemmedOPENED/basstrb010_G2_ovt-02_pos-IV_mute-harmonStemmedOPENED.wav
959,21,basstrb_mute-harmonStemmedOPENED,basstrb011_As2_ovt-02_pos-III_mute-harmonStemmedOPENED.wav,basstrb_mute-harmonStemmedOPENED/basstrb011_As2_ovt-02_pos-III_mute-harmonStemmedOPENED.wav,./wav/basstrb_mute-harmonStemmedOPENED/basstrb011_As2_ovt-02_pos-III_mute-harmonStemmedOPENED.wav
960,21,basstrb_mute-harmonStemmedOPENED,basstrb012_A2_ovt-02_pos-II_mute-harmonStemmedOPENED.wav,basstrb_mute-harmonStemmedOPENED/basstrb012_A2_ovt-02_pos-II_mute-harmonStemmedOPENED.wav,./wav/basstrb_mute-harmonStemmedOPENED/basstrb012_A2_ovt-02_pos-II_mute-harmonStemmedOPENED.wav
961,21,basstrb_mute-harmonStemmedOPENED,basstrb013_B2_ovt-02_pos-I_mute-harmonStemmedOPENED.wav,basstrb_mute-harmonStemmedOPENED/basstrb013_B2_ovt-02_pos-I_mute-harmonStemmedOPENED.wav,./wav/basstrb_mute-harmonStemmedOPENED/basstrb013_B2_ovt-02_pos-I_mute-harmonStemmedOPENED.wav
962,21,basstrb_mute-harmonStemmedOPENED,basstrb014_H2_ovt-03_pos-VII_mute-harmonStemmedOPENED.wav,basstrb_mute-harmonStemmedOPENED/basstrb014_H2_ovt-03_pos-VII_mute-harmonStemmedOPENED.wav,./wav/basstrb_mute-harmonStemmedOPENED/basstrb014_H2_ovt-03_pos-VII_mute-harmonStemmedOPENED.wav
963,21,basstrb_mute-harmonStemmedOPENED,basstrb015_C3_ovt-03_pos-VI_mute-harmonStemmedOPENED.wav,basstrb_mute-harmonStemmedOPENED/basstrb015_C3_ovt-03_pos-VI_mute-harmonStemmedOPENED.wav,./wav/basstrb_mute-harmonStemmedOPENED/basstrb015_C3_ovt-03_pos-VI_mute-harmonStemmedOPENED.wav
964,21,basstrb_mute-harmonStemmedOPENED,basstrb016_Cis3_ovt-03_pos-V_mute-harmonStemmedOPENED.wav,basstrb_mute-harmonStemmedOPENED/basstrb016_Cis3_ovt-03_pos-V_mute-harmonStemmedOPENED.wav,./wav/basstrb_mute-harmonStemmedOPENED/basstrb016_Cis3_ovt-03_pos-V_mute-harmonStemmedOPENED.wav
965,21,basstrb_mute-harmonStemmedOPENED,basstrb017_D3_ovt-03_pos-IV_mute-harmonStemmedOPENED.wav,basstrb_mute-harmonStemmedOPENED/basstrb017_D3_ovt-03_pos-IV_mute-harmonStemmedOPENED.wav,./wav/basstrb_mute-harmonStemmedOPENED/basstrb017_D3_ovt-03_pos-IV_mute-harmonStemmedOPENED.wav
966,21,basstrb_mute-harmonStemmedOPENED,basstrb018_Es3_ovt-03_pos-III_mute-harmonStemmedOPENED.wav,basstrb_mute-harmonStemmedOPENED/basstrb018_Es3_ovt-03_pos-III_mute-harmonStemmedOPENED.wav,./wav/basstrb_mute-harmonStemmedOPENED/basstrb018_Es3_ovt-03_pos-III_mute-harmonStemmedOPENED.wav
967,21,basstrb_mute-harmonStemmedOPENED,basstrb019_E3_ovt-03_pos-II_mute-harmonStemmedOPENED.wav,basstrb_mute-harmonStemmedOPENED/basstrb019_E3_ovt-03_pos-II_mute-harmonStemmedOPENED.wav,./wav/basstrb_mute-harmonStemmedOPENED/basstrb019_E3_ovt-03_pos-II_mute-harmonStemmedOPENED.wav
968,21,basstrb_mute-harmonStemmedOPENED,basstrb020_E3_ovt-04_pos-VII_mute-harmonStemmedOPENED.wav,basstrb_mute-harmonStemmedOPENED/basstrb020_E3_ovt-04_pos-VII_mute-harmonStemmedOPENED.wav,./wav/basstrb_mute-harmonStemmedOPENED/basstrb020_E3_ovt-04_pos-VII_mute-harmonStemmedOPENED.wav
969,21,basstrb_mute-harmonStemmedOPENED,basstrb021_F3_ovt-03_pos-I_mute-harmonStemmedOPENED.wav,basstrb_mute-harmonStemmedOPENED/basstrb021_F3_ovt-03_pos-I_mute-harmonStemmedOPENED.wav,./wav/basstrb_mute-harmonStemmedOPENED/basstrb021_F3_ovt-03_pos-I_mute-harmonStemmedOPENED.wav
970,21,basstrb_mute-harmonStemmedOPENED,basstrb022_F3_ovt-04_pos-VI_mute-harmonStemmedOPENED.wav,basstrb_mute-harmonStemmedOPENED/basstrb022_F3_ovt-04_pos-VI_mute-harmonStemmedOPENED.wav,./wav/basstrb_mute-harmonStemmedOPENED/basstrb022_F3_ovt-04_pos-VI_mute-harmonStemmedOPENED.wav
971,21,basstrb_mute-harmonStemmedOPENED,basstrb023_Fis3_ovt-04_pos-V_mute-harmonStemmedOPENED.wav,basstrb_mute-harmonStemmedOPENED/basstrb023_Fis3_ovt-04_pos-V_mute-harmonStemmedOPENED.wav,./wav/basstrb_mute-harmonStemmedOPENED/basstrb023_Fis3_ovt-04_pos-V_mute-harmonStemmedOPENED.wav
972,21,basstrb_mute-harmonStemmedOPENED,basstrb024_G3_ovt-04_pos-IV_mute-harmonStemmedOPENED.wav,basstrb_mute-harmonStemmedOPENED/basstrb024_G3_ovt-04_pos-IV_mute-harmonStemmedOPENED.wav,./wav/basstrb_mute-harmonStemmedOPENED/basstrb024_G3_ovt-04_pos-IV_mute-harmonStemmedOPENED.wav
973,21,basstrb_mute-harmonStemmedOPENED,basstrb025_As3_ovt-04_pos-III_mute-harmonStemmedOPENED.wav,basstrb_mute-harmonStemmedOPENED/basstrb025_As3_ovt-04_pos-III_mute-harmonStemmedOPENED.wav,./wav/basstrb_mute-harmonStemmedOPENED/basstrb025_As3_ovt-04_pos-III_mute-harmonStemmedOPENED.wav
974,21,basstrb_mute-harmonStemmedOPENED,basstrb026_Gis3_ovt-05_pos-V_mute-harmonStemmedOPENED.wav,basstrb_mute-harmonStemmedOPENED/basstrb026_Gis3_ovt-05_pos-V_mute-harmonStemmedOPENED.wav,./wav/basstrb_mute-harmonStemmedOPENED/basstrb026_Gis3_ovt-05_pos-V_mute-harmonStemmedOPENED.wav
975,21,basstrb_mute-harmonStemmedOPENED,basstrb027_A3_ovt-04_pos-II_mute-harmonStemmedOPENED.wav,basstrb_mute-harmonStemmedOPENED/basstrb027_A3_ovt-04_pos-II_mute-harmonStemmedOPENED.wav,./wav/basstrb_mute-harmonStemmedOPENED/basstrb027_A3_ovt-04_pos-II_mute-harmonStemmedOPENED.wav
976,21,basstrb_mute-harmonStemmedOPENED,basstrb028_A3_ovt-05_pos-VI_mute-harmonStemmedOPENED.wav,basstrb_mute-harmonStemmedOPENED/basstrb028_A3_ovt-05_pos-VI_mute-harmonStemmedOPENED.wav,./wav/basstrb_mute-harmonStemmedOPENED/basstrb028_A3_ovt-05_pos-VI_mute-harmonStemmedOPENED.wav
977,21,basstrb_mute-harmonStemmedOPENED,basstrb029_Ais3_ovt-05_pos-V_mute-harmonStemmedOPENED.wav,basstrb_mute-harmonStemmedOPENED/basstrb029_Ais3_ovt-05_pos-V_mute-harmonStemmedOPENED.wav,./wav/basstrb_mute-harmonStemmedOPENED/basstrb029_Ais3_ovt-05_pos-V_mute-harmonStemmedOPENED.wav
978,21,basstrb_mute-harmonStemmedOPENED,basstrb030_B3_ovt-04_pos-I_mute-harmonStemmedOPENED.wav,basstrb_mute-harmonStemmedOPENED/basstrb030_B3_ovt-04_pos-I_mute-harmonStemmedOPENED.wav,./wav/basstrb_mute-harmonStemmedOPENED/basstrb030_B3_ovt-04_pos-I_mute-harmonStemmedOPENED.wav
979,21,basstrb_mute-harmonStemmedOPENED,basstrb031_H3_ovt-05_pos-IV_mute-harmonStemmedOPENED.wav,basstrb_mute-harmonStemmedOPENED/basstrb031_H3_ovt-05_pos-IV_mute-harmonStemmedOPENED.wav,./wav/basstrb_mute-harmonStemmedOPENED/basstrb031_H3_ovt-05_pos-IV_mute-harmonStemmedOPENED.wav
980,21,basstrb_mute-harmonStemmedOPENED,basstrb032_H3_ovt-06_pos-VII_mute-harmonStemmedOPENED.wav,basstrb_mute-harmonStemmedOPENED/basstrb032_H3_ovt-06_pos-VII_mute-harmonStemmedOPENED.wav,./wav/basstrb_mute-harmonStemmedOPENED/basstrb032_H3_ovt-06_pos-VII_mute-harmonStemmedOPENED.wav
981,21,basstrb_mute-harmonStemmedOPENED,basstrb033_C4_ovt-05_pos-III_mute-harmonStemmedOPENED.wav,basstrb_mute-harmonStemmedOPENED/basstrb033_C4_ovt-05_pos-III_mute-harmonStemmedOPENED.wav,./wav/basstrb_mute-harmonStemmedOPENED/basstrb033_C4_ovt-05_pos-III_mute-harmonStemmedOPENED.wav
982,21,basstrb_mute-harmonStemmedOPENED,basstrb034_C4_ovt-06_pos-VI_mute-harmonStemmedOPENED.wav,basstrb_mute-harmonStemmedOPENED/basstrb034_C4_ovt-06_pos-VI_mute-harmonStemmedOPENED.wav,./wav/basstrb_mute-harmonStemmedOPENED/basstrb034_C4_ovt-06_pos-VI_mute-harmonStemmedOPENED.wav
983,21,basstrb_mute-harmonStemmedOPENED,basstrb035_Cis4_ovt-05_pos-II_mute-harmonStemmedOPENED.wav,basstrb_mute-harmonStemmedOPENED/basstrb035_Cis4_ovt-05_pos-II_mute-harmonStemmedOPENED.wav,./wav/basstrb_mute-harmonStemmedOPENED/basstrb035_Cis4_ovt-05_pos-II_mute-harmonStemmedOPENED.wav
984,21,basstrb_mute-harmonStemmedOPENED,basstrb036_Cis4_ovt-06_pos-V_mute-harmonStemmedOPENED.wav,basstrb_mute-harmonStemmedOPENED/basstrb036_Cis4_ovt-06_pos-V_mute-harmonStemmedOPENED.wav,./wav/basstrb_mute-harmonStemmedOPENED/basstrb036_Cis4_ovt-06_pos-V_mute-harmonStemmedOPENED.wav
985,21,basstrb_mute-harmonStemmedOPENED,basstrb037_D4_ovt-05_pos-I_mute-harmonStemmedOPENED.wav,basstrb_mute-harmonStemmedOPENED/basstrb037_D4_ovt-05_pos-I_mute-harmonStemmedOPENED.wav,./wav/basstrb_mute-harmonStemmedOPENED/basstrb037_D4_ovt-05_pos-I_mute-harmonStemmedOPENED.wav
986,21,basstrb_mute-harmonStemmedOPENED,basstrb038_D4_ovt-06_pos-IV_mute-harmonStemmedOPENED.wav,basstrb_mute-harmonStemmedOPENED/basstrb038_D4_ovt-06_pos-IV_mute-harmonStemmedOPENED.wav,./wav/basstrb_mute-harmonStemmedOPENED/basstrb038_D4_ovt-06_pos-IV_mute-harmonStemmedOPENED.wav
987,21,basstrb_mute-harmonStemmedOPENED,basstrb039_D4_ovt-07_pos-VII_mute-harmonStemmedOPENED.wav,basstrb_mute-harmonStemmedOPENED/basstrb039_D4_ovt-07_pos-VII_mute-harmonStemmedOPENED.wav,./wav/basstrb_mute-harmonStemmedOPENED/basstrb039_D4_ovt-07_pos-VII_mute-harmonStemmedOPENED.wav
988,21,basstrb_mute-harmonStemmedOPENED,basstrb040_Es4_ovt-06_pos-III_mute-harmonStemmedOPENED.wav,basstrb_mute-harmonStemmedOPENED/basstrb040_Es4_ovt-06_pos-III_mute-harmonStemmedOPENED.wav,./wav/basstrb_mute-harmonStemmedOPENED/basstrb040_Es4_ovt-06_pos-III_mute-harmonStemmedOPENED.wav
989,21,basstrb_mute-harmonStemmedOPENED,basstrb041_Es4_ovt-07_pos-VI_mute-harmonStemmedOPENED.wav,basstrb_mute-harmonStemmedOPENED/basstrb041_Es4_ovt-07_pos-VI_mute-harmonStemmedOPENED.wav,./wav/basstrb_mute-harmonStemmedOPENED/basstrb041_Es4_ovt-07_pos-VI_mute-harmonStemmedOPENED.wav
990,21,basstrb_mute-harmonStemmedOPENED,basstrb042_E4_ovt-06_pos-II_mute-harmonStemmedOPENED.wav,basstrb_mute-harmonStemmedOPENED/basstrb042_E4_ovt-06_pos-II_mute-harmonStemmedOPENED.wav,./wav/basstrb_mute-harmonStemmedOPENED/basstrb042_E4_ovt-06_pos-II_mute-harmonStemmedOPENED.wav
991,21,basstrb_mute-harmonStemmedOPENED,basstrb043_E4_ovt-07_pos-V_mute-harmonStemmedOPENED.wav,basstrb_mute-harmonStemmedOPENED/basstrb043_E4_ovt-07_pos-V_mute-harmonStemmedOPENED.wav,./wav/basstrb_mute-harmonStemmedOPENED/basstrb043_E4_ovt-07_pos-V_mute-harmonStemmedOPENED.wav
992,21,basstrb_mute-harmonStemmedOPENED,basstrb044_E4_ovt-08_pos-VII_mute-harmonStemmedOPENED.wav,basstrb_mute-harmonStemmedOPENED/basstrb044_E4_ovt-08_pos-VII_mute-harmonStemmedOPENED.wav,./wav/basstrb_mute-harmonStemmedOPENED/basstrb044_E4_ovt-08_pos-VII_mute-harmonStemmedOPENED.wav
993,21,basstrb_mute-harmonStemmedOPENED,basstrb045_F4_ovt-06_pos-I_mute-harmonStemmedOPENED.wav,basstrb_mute-harmonStemmedOPENED/basstrb045_F4_ovt-06_pos-I_mute-harmonStemmedOPENED.wav,./wav/basstrb_mute-harmonStemmedOPENED/basstrb045_F4_ovt-06_pos-I_mute-harmonStemmedOPENED.wav
994,21,basstrb_mute-harmonStemmedOPENED,basstrb046_F4_ovt-07_pos-IV_mute-harmonStemmedOPENED.wav,basstrb_mute-harmonStemmedOPENED/basstrb046_F4_ovt-07_pos-IV_mute-harmonStemmedOPENED.wav,./wav/basstrb_mute-harmonStemmedOPENED/basstrb046_F4_ovt-07_pos-IV_mute-harmonStemmedOPENED.wav
995,21,basstrb_mute-harmonStemmedOPENED,basstrb047_F4_ovt-08_pos-VI_mute-harmonStemmedOPENED.wav,basstrb_mute-harmonStemmedOPENED/basstrb047_F4_ovt-08_pos-VI_mute-harmonStemmedOPENED.wav,./wav/basstrb_mute-harmonStemmedOPENED/basstrb047_F4_ovt-08_pos-VI_mute-harmonStemmedOPENED.wav
996,21,basstrb_mute-harmonStemmedOPENED,basstrb048_Ges4_ovt-07_pos-III_mute-harmonStemmedOPENED.wav,basstrb_mute-harmonStemmedOPENED/basstrb048_Ges4_ovt-07_pos-III_mute-harmonStemmedOPENED.wav,./wav/basstrb_mute-harmonStemmedOPENED/basstrb048_Ges4_ovt-07_pos-III_mute-harmonStemmedOPENED.wav
997,21,basstrb_mute-harmonStemmedOPENED,basstrb049_Fis4_ovt-08_pos-V_mute-harmonStemmedOPENED.wav,basstrb_mute-harmonStemmedOPENED/basstrb049_Fis4_ovt-08_pos-V_mute-harmonStemmedOPENED.wav,./wav/basstrb_mute-harmonStemmedOPENED/basstrb049_Fis4_ovt-08_pos-V_mute-harmonStemmedOPENED.wav
998,21,basstrb_mute-harmonStemmedOPENED,basstrb050_G4_ovt-07_pos-II_mute-harmonStemmedOPENED.wav,basstrb_mute-harmonStemmedOPENED/basstrb050_G4_ovt-07_pos-II_mute-harmonStemmedOPENED.wav,./wav/basstrb_mute-harmonStemmedOPENED/basstrb050_G4_ovt-07_pos-II_mute-harmonStemmedOPENED.wav
999,21,basstrb_mute-harmonStemmedOPENED,basstrb051_G4_ovt-08_pos-IV_mute-harmonStemmedOPENED.wav,basstrb_mute-harmonStemmedOPENED/basstrb051_G4_ovt-08_pos-IV_mute-harmonStemmedOPENED.wav,./wav/basstrb_mute-harmonStemmedOPENED/basstrb051_G4_ovt-08_pos-IV_mute-harmonStemmedOPENED.wav
1000,21,basstrb_mute-harmonStemmedOPENED,basstrb052_As4_ovt-07_pos-I_mute-harmonStemmedOPENED.wav,basstrb_mute-harmonStemmedOPENED/basstrb052_As4_ovt-07_pos-I_mute-harmonStemmedOPENED.wav,./wav/basstrb_mute-harmonStemmedOPENED/basstrb052_As4_ovt-07_pos-I_mute-harmonStemmedOPENED.wav
1001,21,basstrb_mute-harmonStemmedOPENED,basstrb053_As4_ovt-08_pos-III_mute-harmonStemmedOPENED.wav,basstrb_mute-harmonStemmedOPENED/basstrb053_As4_ovt-08_pos-III_mute-harmonStemmedOPENED.wav,./wav/basstrb_mute-harmonStemmedOPENED/basstrb053_As4_ovt-08_pos-III_mute-harmonStemmedOPENED.wav
1002,21,basstrb_mute-harmonStemmedOPENED,basstrb054_A4_ovt-08_pos-II_mute-harmonStemmedOPENED.wav,basstrb_mute-harmonStemmedOPENED/basstrb054_A4_ovt-08_pos-II_mute-harmonStemmedOPENED.wav,./wav/basstrb_mute-harmonStemmedOPENED/basstrb054_A4_ovt-08_pos-II_mute-harmonStemmedOPENED.wav
1003,21,basstrb_mute-harmonStemmedOPENED,basstrb055_B4_ovt-08_pos-I_mute-harmonStemmedOPENED.wav,basstrb_mute-harmonStemmedOPENED/basstrb055_B4_ovt-08_pos-I_mute-harmonStemmedOPENED.wav,./wav/basstrb_mute-harmonStemmedOPENED/basstrb055_B4_ovt-08_pos-I_mute-harmonStemmedOPENED.wav
1004,22,basstrb_mute-harmonStemmedCLOSED,basstrb000_E1_ovt-01_pos-VII_mute-harmonStemmedCLOSED.wav,basstrb_mute-harmonStemmedCLOSED/basstrb000_E1_ovt-01_pos-VII_mute-harmonStemmedCLOSED.wav,./wav/basstrb_mute-harmonStemmedCLOSED/basstrb000_E1_ovt-01_pos-VII_mute-harmonStemmedCLOSED.wav
1005,22,basstrb_mute-harmonStemmedCLOSED,basstrb001_F1_ovt-01_pos-VI_mute-harmonStemmedCLOSED.wav,basstrb_mute-harmonStemmedCLOSED/basstrb001_F1_ovt-01_pos-VI_mute-harmonStemmedCLOSED.wav,./wav/basstrb_mute-harmonStemmedCLOSED/basstrb001_F1_ovt-01_pos-VI_mute-harmonStemmedCLOSED.wav
1006,22,basstrb_mute-harmonStemmedCLOSED,basstrb002_Fis1_ovt-01_pos-V_mute-harmonStemmedCLOSED.wav,basstrb_mute-harmonStemmedCLOSED/basstrb002_Fis1_ovt-01_pos-V_mute-harmonStemmedCLOSED.wav,./wav/basstrb_mute-harmonStemmedCLOSED/basstrb002_Fis1_ovt-01_pos-V_mute-harmonStemmedCLOSED.wav
1007,22,basstrb_mute-harmonStemmedCLOSED,basstrb003_G1_ovt-01_pos-IV_mute-harmonStemmedCLOSED.wav,basstrb_mute-harmonStemmedCLOSED/basstrb003_G1_ovt-01_pos-IV_mute-harmonStemmedCLOSED.wav,./wav/basstrb_mute-harmonStemmedCLOSED/basstrb003_G1_ovt-01_pos-IV_mute-harmonStemmedCLOSED.wav
1008,22,basstrb_mute-harmonStemmedCLOSED,basstrb004_As1_ovt-01_pos-III_mute-harmonStemmedCLOSED.wav,basstrb_mute-harmonStemmedCLOSED/basstrb004_As1_ovt-01_pos-III_mute-harmonStemmedCLOSED.wav,./wav/basstrb_mute-harmonStemmedCLOSED/basstrb004_As1_ovt-01_pos-III_mute-harmonStemmedCLOSED.wav
1009,22,basstrb_mute-harmonStemmedCLOSED,basstrb005_A1_ovt-01_pos-II_mute-harmonStemmedCLOSED.wav,basstrb_mute-harmonStemmedCLOSED/basstrb005_A1_ovt-01_pos-II_mute-harmonStemmedCLOSED.wav,./wav/basstrb_mute-harmonStemmedCLOSED/basstrb005_A1_ovt-01_pos-II_mute-harmonStemmedCLOSED.wav
1010,22,basstrb_mute-harmonStemmedCLOSED,basstrb006_B1_ovt-01_pos-I_mute-harmonStemmedCLOSED.wav,basstrb_mute-harmonStemmedCLOSED/basstrb006_B1_ovt-01_pos-I_mute-harmonStemmedCLOSED.wav,./wav/basstrb_mute-harmonStemmedCLOSED/basstrb006_B1_ovt-01_pos-I_mute-harmonStemmedCLOSED.wav
1011,22,basstrb_mute-harmonStemmedCLOSED,basstrb007_E2_ovt-02_pos-VII_mute-harmonStemmedCLOSED.wav,basstrb_mute-harmonStemmedCLOSED/basstrb007_E2_ovt-02_pos-VII_mute-harmonStemmedCLOSED.wav,./wav/basstrb_mute-harmonStemmedCLOSED/basstrb007_E2_ovt-02_pos-VII_mute-harmonStemmedCLOSED.wav
1012,22,basstrb_mute-harmonStemmedCLOSED,basstrb008_F2_ovt-02_pos-VI_mute-harmonStemmedCLOSED.wav,basstrb_mute-harmonStemmedCLOSED/basstrb008_F2_ovt-02_pos-VI_mute-harmonStemmedCLOSED.wav,./wav/basstrb_mute-harmonStemmedCLOSED/basstrb008_F2_ovt-02_pos-VI_mute-harmonStemmedCLOSED.wav
1013,22,basstrb_mute-harmonStemmedCLOSED,basstrb009_Fis2_ovt-02_pos-V_mute-harmonStemmedCLOSED.wav,basstrb_mute-harmonStemmedCLOSED/basstrb009_Fis2_ovt-02_pos-V_mute-harmonStemmedCLOSED.wav,./wav/basstrb_mute-harmonStemmedCLOSED/basstrb009_Fis2_ovt-02_pos-V_mute-harmonStemmedCLOSED.wav
1014,22,basstrb_mute-harmonStemmedCLOSED,basstrb010_G2_ovt-02_pos-IV_mute-harmonStemmedCLOSED.wav,basstrb_mute-harmonStemmedCLOSED/basstrb010_G2_ovt-02_pos-IV_mute-harmonStemmedCLOSED.wav,./wav/basstrb_mute-harmonStemmedCLOSED/basstrb010_G2_ovt-02_pos-IV_mute-harmonStemmedCLOSED.wav
1015,22,basstrb_mute-harmonStemmedCLOSED,basstrb011_As2_ovt-02_pos-III_mute-harmonStemmedCLOSED.wav,basstrb_mute-harmonStemmedCLOSED/basstrb011_As2_ovt-02_pos-III_mute-harmonStemmedCLOSED.wav,./wav/basstrb_mute-harmonStemmedCLOSED/basstrb011_As2_ovt-02_pos-III_mute-harmonStemmedCLOSED.wav
1016,22,basstrb_mute-harmonStemmedCLOSED,basstrb012_A2_ovt-02_pos-II_mute-harmonStemmedCLOSED.wav,basstrb_mute-harmonStemmedCLOSED/basstrb012_A2_ovt-02_pos-II_mute-harmonStemmedCLOSED.wav,./wav/basstrb_mute-harmonStemmedCLOSED/basstrb012_A2_ovt-02_pos-II_mute-harmonStemmedCLOSED.wav
1017,22,basstrb_mute-harmonStemmedCLOSED,basstrb013_B2_ovt-02_pos-I_mute-harmonStemmedCLOSED.wav,basstrb_mute-harmonStemmedCLOSED/basstrb013_B2_ovt-02_pos-I_mute-harmonStemmedCLOSED.wav,./wav/basstrb_mute-harmonStemmedCLOSED/basstrb013_B2_ovt-02_pos-I_mute-harmonStemmedCLOSED.wav
1018,22,basstrb_mute-harmonStemmedCLOSED,basstrb014_H2_ovt-03_pos-VII_mute-harmonStemmedCLOSED.wav,basstrb_mute-harmonStemmedCLOSED/basstrb014_H2_ovt-03_pos-VII_mute-harmonStemmedCLOSED.wav,./wav/basstrb_mute-harmonStemmedCLOSED/basstrb014_H2_ovt-03_pos-VII_mute-harmonStemmedCLOSED.wav
1019,22,basstrb_mute-harmonStemmedCLOSED,basstrb015_C3_ovt-03_pos-VI_mute-harmonStemmedCLOSED.wav,basstrb_mute-harmonStemmedCLOSED/basstrb015_C3_ovt-03_pos-VI_mute-harmonStemmedCLOSED.wav,./wav/basstrb_mute-harmonStemmedCLOSED/basstrb015_C3_ovt-03_pos-VI_mute-harmonStemmedCLOSED.wav
1020,22,basstrb_mute-harmonStemmedCLOSED,basstrb016_Cis3_ovt-03_pos-V_mute-harmonStemmedCLOSED.wav,basstrb_mute-harmonStemmedCLOSED/basstrb016_Cis3_ovt-03_pos-V_mute-harmonStemmedCLOSED.wav,./wav/basstrb_mute-harmonStemmedCLOSED/basstrb016_Cis3_ovt-03_pos-V_mute-harmonStemmedCLOSED.wav
1021,22,basstrb_mute-harmonStemmedCLOSED,basstrb017_D3_ovt-03_pos-IV_mute-harmonStemmedCLOSED.wav,basstrb_mute-harmonStemmedCLOSED/basstrb017_D3_ovt-03_pos-IV_mute-harmonStemmedCLOSED.wav,./wav/basstrb_mute-harmonStemmedCLOSED/basstrb017_D3_ovt-03_pos-IV_mute-harmonStemmedCLOSED.wav
1022,22,basstrb_mute-harmonStemmedCLOSED,basstrb018_Es3_ovt-03_pos-III_mute-harmonStemmedCLOSED.wav,basstrb_mute-harmonStemmedCLOSED/basstrb018_Es3_ovt-03_pos-III_mute-harmonStemmedCLOSED.wav,./wav/basstrb_mute-harmonStemmedCLOSED/basstrb018_Es3_ovt-03_pos-III_mute-harmonStemmedCLOSED.wav
1023,22,basstrb_mute-harmonStemmedCLOSED,basstrb019_E3_ovt-03_pos-II_mute-harmonStemmedCLOSED.wav,basstrb_mute-harmonStemmedCLOSED/basstrb019_E3_ovt-03_pos-II_mute-harmonStemmedCLOSED.wav,./wav/basstrb_mute-harmonStemmedCLOSED/basstrb019_E3_ovt-03_pos-II_mute-harmonStemmedCLOSED.wav
1024,22,basstrb_mute-harmonStemmedCLOSED,basstrb020_E3_ovt-04_pos-VII_mute-harmonStemmedCLOSED.wav,basstrb_mute-harmonStemmedCLOSED/basstrb020_E3_ovt-04_pos-VII_mute-harmonStemmedCLOSED.wav,./wav/basstrb_mute-harmonStemmedCLOSED/basstrb020_E3_ovt-04_pos-VII_mute-harmonStemmedCLOSED.wav
1025,22,basstrb_mute-harmonStemmedCLOSED,basstrb021_F3_ovt-03_pos-I_mute-harmonStemmedCLOSED.wav,basstrb_mute-harmonStemmedCLOSED/basstrb021_F3_ovt-03_pos-I_mute-harmonStemmedCLOSED.wav,./wav/basstrb_mute-harmonStemmedCLOSED/basstrb021_F3_ovt-03_pos-I_mute-harmonStemmedCLOSED.wav
1026,22,basstrb_mute-harmonStemmedCLOSED,basstrb022_F3_ovt-04_pos-VI_mute-harmonStemmedCLOSED.wav,basstrb_mute-harmonStemmedCLOSED/basstrb022_F3_ovt-04_pos-VI_mute-harmonStemmedCLOSED.wav,./wav/basstrb_mute-harmonStemmedCLOSED/basstrb022_F3_ovt-04_pos-VI_mute-harmonStemmedCLOSED.wav
1027,22,basstrb_mute-harmonStemmedCLOSED,basstrb023_Fis3_ovt-04_pos-V_mute-harmonStemmedCLOSED.wav,basstrb_mute-harmonStemmedCLOSED/basstrb023_Fis3_ovt-04_pos-V_mute-harmonStemmedCLOSED.wav,./wav/basstrb_mute-harmonStemmedCLOSED/basstrb023_Fis3_ovt-04_pos-V_mute-harmonStemmedCLOSED.wav
1028,22,basstrb_mute-harmonStemmedCLOSED,basstrb024_G3_ovt-04_pos-IV_mute-harmonStemmedCLOSED.wav,basstrb_mute-harmonStemmedCLOSED/basstrb024_G3_ovt-04_pos-IV_mute-harmonStemmedCLOSED.wav,./wav/basstrb_mute-harmonStemmedCLOSED/basstrb024_G3_ovt-04_pos-IV_mute-harmonStemmedCLOSED.wav
1029,22,basstrb_mute-harmonStemmedCLOSED,basstrb025_As3_ovt-04_pos-III_mute-harmonStemmedCLOSED.wav,basstrb_mute-harmonStemmedCLOSED/basstrb025_As3_ovt-04_pos-III_mute-harmonStemmedCLOSED.wav,./wav/basstrb_mute-harmonStemmedCLOSED/basstrb025_As3_ovt-04_pos-III_mute-harmonStemmedCLOSED.wav
1030,22,basstrb_mute-harmonStemmedCLOSED,basstrb026_Gis3_ovt-05_pos-VII_mute-harmonStemmedCLOSED.wav,basstrb_mute-harmonStemmedCLOSED/basstrb026_Gis3_ovt-05_pos-VII_mute-harmonStemmedCLOSED.wav,./wav/basstrb_mute-harmonStemmedCLOSED/basstrb026_Gis3_ovt-05_pos-VII_mute-harmonStemmedCLOSED.wav
1031,22,basstrb_mute-harmonStemmedCLOSED,basstrb027_A3_ovt-04_pos-II_mute-harmonStemmedCLOSED.wav,basstrb_mute-harmonStemmedCLOSED/basstrb027_A3_ovt-04_pos-II_mute-harmonStemmedCLOSED.wav,./wav/basstrb_mute-harmonStemmedCLOSED/basstrb027_A3_ovt-04_pos-II_mute-harmonStemmedCLOSED.wav
1032,22,basstrb_mute-harmonStemmedCLOSED,basstrb028_A3_ovt-05_pos-VI_mute-harmonStemmedCLOSED.wav,basstrb_mute-harmonStemmedCLOSED/basstrb028_A3_ovt-05_pos-VI_mute-harmonStemmedCLOSED.wav,./wav/basstrb_mute-harmonStemmedCLOSED/basstrb028_A3_ovt-05_pos-VI_mute-harmonStemmedCLOSED.wav
1033,22,basstrb_mute-harmonStemmedCLOSED,basstrb029_Ais3_ovt-05_pos-V_mute-harmonStemmedCLOSED.wav,basstrb_mute-harmonStemmedCLOSED/basstrb029_Ais3_ovt-05_pos-V_mute-harmonStemmedCLOSED.wav,./wav/basstrb_mute-harmonStemmedCLOSED/basstrb029_Ais3_ovt-05_pos-V_mute-harmonStemmedCLOSED.wav
1034,22,basstrb_mute-harmonStemmedCLOSED,basstrb030_B3_ovt-04_pos-I_mute-harmonStemmedCLOSED.wav,basstrb_mute-harmonStemmedCLOSED/basstrb030_B3_ovt-04_pos-I_mute-harmonStemmedCLOSED.wav,./wav/basstrb_mute-harmonStemmedCLOSED/basstrb030_B3_ovt-04_pos-I_mute-harmonStemmedCLOSED.wav
1035,22,basstrb_mute-harmonStemmedCLOSED,basstrb031_H3_ovt-05_pos-IV_mute-harmonStemmedCLOSED.wav,basstrb_mute-harmonStemmedCLOSED/basstrb031_H3_ovt-05_pos-IV_mute-harmonStemmedCLOSED.wav,./wav/basstrb_mute-harmonStemmedCLOSED/basstrb031_H3_ovt-05_pos-IV_mute-harmonStemmedCLOSED.wav
1036,22,basstrb_mute-harmonStemmedCLOSED,basstrb032_H3_ovt-06_pos-VII_mute-harmonStemmedCLOSED.wav,basstrb_mute-harmonStemmedCLOSED/basstrb032_H3_ovt-06_pos-VII_mute-harmonStemmedCLOSED.wav,./wav/basstrb_mute-harmonStemmedCLOSED/basstrb032_H3_ovt-06_pos-VII_mute-harmonStemmedCLOSED.wav
1037,22,basstrb_mute-harmonStemmedCLOSED,basstrb033_C4_ovt-05_pos-III_mute-harmonStemmedCLOSED.wav,basstrb_mute-harmonStemmedCLOSED/basstrb033_C4_ovt-05_pos-III_mute-harmonStemmedCLOSED.wav,./wav/basstrb_mute-harmonStemmedCLOSED/basstrb033_C4_ovt-05_pos-III_mute-harmonStemmedCLOSED.wav
1038,22,basstrb_mute-harmonStemmedCLOSED,basstrb034_C4_ovt-06_pos-VI_mute-harmonStemmedCLOSED.wav,basstrb_mute-harmonStemmedCLOSED/basstrb034_C4_ovt-06_pos-VI_mute-harmonStemmedCLOSED.wav,./wav/basstrb_mute-harmonStemmedCLOSED/basstrb034_C4_ovt-06_pos-VI_mute-harmonStemmedCLOSED.wav
1039,22,basstrb_mute-harmonStemmedCLOSED,basstrb035_Cis4_ovt-05_pos-II_mute-harmonStemmedCLOSED.wav,basstrb_mute-harmonStemmedCLOSED/basstrb035_Cis4_ovt-05_pos-II_mute-harmonStemmedCLOSED.wav,./wav/basstrb_mute-harmonStemmedCLOSED/basstrb035_Cis4_ovt-05_pos-II_mute-harmonStemmedCLOSED.wav
1040,22,basstrb_mute-harmonStemmedCLOSED,basstrb036_Cis4_ovt-06_pos-V_mute-harmonStemmedCLOSED.wav,basstrb_mute-harmonStemmedCLOSED/basstrb036_Cis4_ovt-06_pos-V_mute-harmonStemmedCLOSED.wav,./wav/basstrb_mute-harmonStemmedCLOSED/basstrb036_Cis4_ovt-06_pos-V_mute-harmonStemmedCLOSED.wav
1041,22,basstrb_mute-harmonStemmedCLOSED,basstrb037_D4_ovt-05_pos-I_mute-harmonStemmedCLOSED.wav,basstrb_mute-harmonStemmedCLOSED/basstrb037_D4_ovt-05_pos-I_mute-harmonStemmedCLOSED.wav,./wav/basstrb_mute-harmonStemmedCLOSED/basstrb037_D4_ovt-05_pos-I_mute-harmonStemmedCLOSED.wav
1042,22,basstrb_mute-harmonStemmedCLOSED,basstrb038_D4_ovt-06_pos-IV_mute-harmonStemmedCLOSED.wav,basstrb_mute-harmonStemmedCLOSED/basstrb038_D4_ovt-06_pos-IV_mute-harmonStemmedCLOSED.wav,./wav/basstrb_mute-harmonStemmedCLOSED/basstrb038_D4_ovt-06_pos-IV_mute-harmonStemmedCLOSED.wav
1043,22,basstrb_mute-harmonStemmedCLOSED,basstrb039_D4_ovt-07_pos-VII_mute-harmonStemmedCLOSED.wav,basstrb_mute-harmonStemmedCLOSED/basstrb039_D4_ovt-07_pos-VII_mute-harmonStemmedCLOSED.wav,./wav/basstrb_mute-harmonStemmedCLOSED/basstrb039_D4_ovt-07_pos-VII_mute-harmonStemmedCLOSED.wav
1044,22,basstrb_mute-harmonStemmedCLOSED,basstrb040_Es4_ovt-06_pos-III_mute-harmonStemmedCLOSED.wav,basstrb_mute-harmonStemmedCLOSED/basstrb040_Es4_ovt-06_pos-III_mute-harmonStemmedCLOSED.wav,./wav/basstrb_mute-harmonStemmedCLOSED/basstrb040_Es4_ovt-06_pos-III_mute-harmonStemmedCLOSED.wav
1045,22,basstrb_mute-harmonStemmedCLOSED,basstrb041_Es4_ovt-07_pos-VI_mute-harmonStemmedCLOSED.wav,basstrb_mute-harmonStemmedCLOSED/basstrb041_Es4_ovt-07_pos-VI_mute-harmonStemmedCLOSED.wav,./wav/basstrb_mute-harmonStemmedCLOSED/basstrb041_Es4_ovt-07_pos-VI_mute-harmonStemmedCLOSED.wav
1046,22,basstrb_mute-harmonStemmedCLOSED,basstrb042_E4_ovt-06_pos-II_mute-harmonStemmedCLOSED.wav,basstrb_mute-harmonStemmedCLOSED/basstrb042_E4_ovt-06_pos-II_mute-harmonStemmedCLOSED.wav,./wav/basstrb_mute-harmonStemmedCLOSED/basstrb042_E4_ovt-06_pos-II_mute-harmonStemmedCLOSED.wav
1047,22,basstrb_mute-harmonStemmedCLOSED,basstrb043_E4_ovt-07_pos-V_mute-harmonStemmedCLOSED.wav,basstrb_mute-harmonStemmedCLOSED/basstrb043_E4_ovt-07_pos-V_mute-harmonStemmedCLOSED.wav,./wav/basstrb_mute-harmonStemmedCLOSED/basstrb043_E4_ovt-07_pos-V_mute-harmonStemmedCLOSED.wav
1048,22,basstrb_mute-harmonStemmedCLOSED,basstrb044_E4_ovt-08_pos-VII_mute-harmonStemmedCLOSED.wav,basstrb_mute-harmonStemmedCLOSED/basstrb044_E4_ovt-08_pos-VII_mute-harmonStemmedCLOSED.wav,./wav/basstrb_mute-harmonStemmedCLOSED/basstrb044_E4_ovt-08_pos-VII_mute-harmonStemmedCLOSED.wav
1049,22,basstrb_mute-harmonStemmedCLOSED,basstrb045_F4_ovt-06_pos-I_mute-harmonStemmedCLOSED.wav,basstrb_mute-harmonStemmedCLOSED/basstrb045_F4_ovt-06_pos-I_mute-harmonStemmedCLOSED.wav,./wav/basstrb_mute-harmonStemmedCLOSED/basstrb045_F4_ovt-06_pos-I_mute-harmonStemmedCLOSED.wav
1050,22,basstrb_mute-harmonStemmedCLOSED,basstrb046_F4_ovt-07_pos-IV_mute-harmonStemmedCLOSED.wav,basstrb_mute-harmonStemmedCLOSED/basstrb046_F4_ovt-07_pos-IV_mute-harmonStemmedCLOSED.wav,./wav/basstrb_mute-harmonStemmedCLOSED/basstrb046_F4_ovt-07_pos-IV_mute-harmonStemmedCLOSED.wav
1051,22,basstrb_mute-harmonStemmedCLOSED,basstrb047_F4_ovt-08_pos-VI_mute-harmonStemmedCLOSED.wav,basstrb_mute-harmonStemmedCLOSED/basstrb047_F4_ovt-08_pos-VI_mute-harmonStemmedCLOSED.wav,./wav/basstrb_mute-harmonStemmedCLOSED/basstrb047_F4_ovt-08_pos-VI_mute-harmonStemmedCLOSED.wav
1052,22,basstrb_mute-harmonStemmedCLOSED,basstrb048_Fis4_ovt-08_pos-V_mute-harmonStemmedCLOSED.wav,basstrb_mute-harmonStemmedCLOSED/basstrb048_Fis4_ovt-08_pos-V_mute-harmonStemmedCLOSED.wav,./wav/basstrb_mute-harmonStemmedCLOSED/basstrb048_Fis4_ovt-08_pos-V_mute-harmonStemmedCLOSED.wav
1053,22,basstrb_mute-harmonStemmedCLOSED,basstrb049_Ges4_ovt-07_pos-III_mute-harmonStemmedCLOSED.wav,basstrb_mute-harmonStemmedCLOSED/basstrb049_Ges4_ovt-07_pos-III_mute-harmonStemmedCLOSED.wav,./wav/basstrb_mute-harmonStemmedCLOSED/basstrb049_Ges4_ovt-07_pos-III_mute-harmonStemmedCLOSED.wav
1054,22,basstrb_mute-harmonStemmedCLOSED,basstrb050_G4_ovt-07_pos-II_mute-harmonStemmedCLOSED.wav,basstrb_mute-harmonStemmedCLOSED/basstrb050_G4_ovt-07_pos-II_mute-harmonStemmedCLOSED.wav,./wav/basstrb_mute-harmonStemmedCLOSED/basstrb050_G4_ovt-07_pos-II_mute-harmonStemmedCLOSED.wav
1055,22,basstrb_mute-harmonStemmedCLOSED,basstrb051_G4_ovt-08_pos-IV_mute-harmonStemmedCLOSED.wav,basstrb_mute-harmonStemmedCLOSED/basstrb051_G4_ovt-08_pos-IV_mute-harmonStemmedCLOSED.wav,./wav/basstrb_mute-harmonStemmedCLOSED/basstrb051_G4_ovt-08_pos-IV_mute-harmonStemmedCLOSED.wav
1056,22,basstrb_mute-harmonStemmedCLOSED,basstrb052_As4_ovt-07_pos-I_mute-harmonStemmedCLOSED.wav,basstrb_mute-harmonStemmedCLOSED/basstrb052_As4_ovt-07_pos-I_mute-harmonStemmedCLOSED.wav,./wav/basstrb_mute-harmonStemmedCLOSED/basstrb052_As4_ovt-07_pos-I_mute-harmonStemmedCLOSED.wav
1057,22,basstrb_mute-harmonStemmedCLOSED,basstrb053_As4_ovt-08_pos-III_mute-harmonStemmedCLOSED.wav,basstrb_mute-harmonStemmedCLOSED/basstrb053_As4_ovt-08_pos-III_mute-harmonStemmedCLOSED.wav,./wav/basstrb_mute-harmonStemmedCLOSED/basstrb053_As4_ovt-08_pos-III_mute-harmonStemmedCLOSED.wav
1058,22,basstrb_mute-harmonStemmedCLOSED,basstrb054_A4_ovt-08_pos-II_mute-harmonStemmedCLOSED.wav,basstrb_mute-harmonStemmedCLOSED/basstrb054_A4_ovt-08_pos-II_mute-harmonStemmedCLOSED.wav,./wav/basstrb_mute-harmonStemmedCLOSED/basstrb054_A4_ovt-08_pos-II_mute-harmonStemmedCLOSED.wav
1059,22,basstrb_mute-harmonStemmedCLOSED,basstrb055_B4_ovt-08_pos-I_mute-harmonStemmedCLOSED.wav,basstrb_mute-harmonStemmedCLOSED/basstrb055_B4_ovt-08_pos-I_mute-harmonStemmedCLOSED.wav,./wav/basstrb_mute-harmonStemmedCLOSED/basstrb055_B4_ovt-08_pos-I_mute-harmonStemmedCLOSED.wav
1060,23,basstrb_mute-bucket,basstrb000_E1_ovt-01_pos-VII_mute-bucket.wav,basstrb_mute-bucket/basstrb000_E1_ovt-01_pos-VII_mute-bucket.wav,./wav/basstrb_mute-bucket/basstrb000_E1_ovt-01_pos-VII_mute-bucket.wav
1061,23,basstrb_mute-bucket,basstrb001_F1_ovt-01_pos-VI_mute-bucket.wav,basstrb_mute-bucket/basstrb001_F1_ovt-01_pos-VI_mute-bucket.wav,./wav/basstrb_mute-bucket/basstrb001_F1_ovt-01_pos-VI_mute-bucket.wav
1062,23,basstrb_mute-bucket,basstrb002_Fis1_ovt-01_pos-V_mute-bucket.wav,basstrb_mute-bucket/basstrb002_Fis1_ovt-01_pos-V_mute-bucket.wav,./wav/basstrb_mute-bucket/basstrb002_Fis1_ovt-01_pos-V_mute-bucket.wav
1063,23,basstrb_mute-bucket,basstrb003_G1_ovt-01_pos-IV_mute-bucket.wav,basstrb_mute-bucket/basstrb003_G1_ovt-01_pos-IV_mute-bucket.wav,./wav/basstrb_mute-bucket/basstrb003_G1_ovt-01_pos-IV_mute-bucket.wav
1064,23,basstrb_mute-bucket,basstrb004_As1_ovt-01_pos-III_mute-bucket.wav,basstrb_mute-bucket/basstrb004_As1_ovt-01_pos-III_mute-bucket.wav,./wav/basstrb_mute-bucket/basstrb004_As1_ovt-01_pos-III_mute-bucket.wav
1065,23,basstrb_mute-bucket,basstrb005_A1_ovt-01_pos-II_mute-bucket.wav,basstrb_mute-bucket/basstrb005_A1_ovt-01_pos-II_mute-bucket.wav,./wav/basstrb_mute-bucket/basstrb005_A1_ovt-01_pos-II_mute-bucket.wav
1066,23,basstrb_mute-bucket,basstrb006_B1_ovt-01_pos-I_mute-bucket.wav,basstrb_mute-bucket/basstrb006_B1_ovt-01_pos-I_mute-bucket.wav,./wav/basstrb_mute-bucket/basstrb006_B1_ovt-01_pos-I_mute-bucket.wav
1067,23,basstrb_mute-bucket,basstrb007_E2_ovt-02_pos-VII_mute-bucket.wav,basstrb_mute-bucket/basstrb007_E2_ovt-02_pos-VII_mute-bucket.wav,./wav/basstrb_mute-bucket/basstrb007_E2_ovt-02_pos-VII_mute-bucket.wav
1068,23,basstrb_mute-bucket,basstrb008_F2_ovt-02_pos-VI_mute-bucket.wav,basstrb_mute-bucket/basstrb008_F2_ovt-02_pos-VI_mute-bucket.wav,./wav/basstrb_mute-bucket/basstrb008_F2_ovt-02_pos-VI_mute-bucket.wav
1069,23,basstrb_mute-bucket,basstrb009_Fis2_ovt-02_pos-V_mute-bucket.wav,basstrb_mute-bucket/basstrb009_Fis2_ovt-02_pos-V_mute-bucket.wav,./wav/basstrb_mute-bucket/basstrb009_Fis2_ovt-02_pos-V_mute-bucket.wav
1070,23,basstrb_mute-bucket,basstrb010_G2_ovt-02_pos-IV_mute-bucket.wav,basstrb_mute-bucket/basstrb010_G2_ovt-02_pos-IV_mute-bucket.wav,./wav/basstrb_mute-bucket/basstrb010_G2_ovt-02_pos-IV_mute-bucket.wav
1071,23,basstrb_mute-bucket,basstrb011_As2_ovt-02_pos-III_mute-bucket.wav,basstrb_mute-bucket/basstrb011_As2_ovt-02_pos-III_mute-bucket.wav,./wav/basstrb_mute-bucket/basstrb011_As2_ovt-02_pos-III_mute-bucket.wav
1072,23,basstrb_mute-bucket,basstrb012_A2_ovt-02_pos-II_mute-bucket.wav,basstrb_mute-bucket/basstrb012_A2_ovt-02_pos-II_mute-bucket.wav,./wav/basstrb_mute-bucket/basstrb012_A2_ovt-02_pos-II_mute-bucket.wav
1073,23,basstrb_mute-bucket,basstrb013_B2_ovt-02_pos-I_mute-bucket.wav,basstrb_mute-bucket/basstrb013_B2_ovt-02_pos-I_mute-bucket.wav,./wav/basstrb_mute-bucket/basstrb013_B2_ovt-02_pos-I_mute-bucket.wav
1074,23,basstrb_mute-bucket,basstrb014_H2_ovt-03_pos-VII_mute-bucket.wav,basstrb_mute-bucket/basstrb014_H2_ovt-03_pos-VII_mute-bucket.wav,./wav/basstrb_mute-bucket/basstrb014_H2_ovt-03_pos-VII_mute-bucket.wav
1075,23,basstrb_mute-bucket,basstrb015_C3_ovt-03_pos-VI_mute-bucket.wav,basstrb_mute-bucket/basstrb015_C3_ovt-03_pos-VI_mute-bucket.wav,./wav/basstrb_mute-bucket/basstrb015_C3_ovt-03_pos-VI_mute-bucket.wav
1076,23,basstrb_mute-bucket,basstrb016_Cis3_ovt-03_pos-V_mute-bucket.wav,basstrb_mute-bucket/basstrb016_Cis3_ovt-03_pos-V_mute-bucket.wav,./wav/basstrb_mute-bucket/basstrb016_Cis3_ovt-03_pos-V_mute-bucket.wav
1077,23,basstrb_mute-bucket,basstrb017_D3_ovt-03_pos-IV_mute-bucket.wav,basstrb_mute-bucket/basstrb017_D3_ovt-03_pos-IV_mute-bucket.wav,./wav/basstrb_mute-bucket/basstrb017_D3_ovt-03_pos-IV_mute-bucket.wav
1078,23,basstrb_mute-bucket,basstrb018_Es3_ovt-03_pos-III_mute-bucket.wav,basstrb_mute-bucket/basstrb018_Es3_ovt-03_pos-III_mute-bucket.wav,./wav/basstrb_mute-bucket/basstrb018_Es3_ovt-03_pos-III_mute-bucket.wav
1079,23,basstrb_mute-bucket,basstrb019_E3_ovt-03_pos-II_mute-bucket.wav,basstrb_mute-bucket/basstrb019_E3_ovt-03_pos-II_mute-bucket.wav,./wav/basstrb_mute-bucket/basstrb019_E3_ovt-03_pos-II_mute-bucket.wav
1080,23,basstrb_mute-bucket,basstrb020_E3_ovt-04_pos-VII_mute-bucket.wav,basstrb_mute-bucket/basstrb020_E3_ovt-04_pos-VII_mute-bucket.wav,./wav/basstrb_mute-bucket/basstrb020_E3_ovt-04_pos-VII_mute-bucket.wav
1081,23,basstrb_mute-bucket,basstrb021_F3_ovt-03_pos-I_mute-bucket.wav,basstrb_mute-bucket/basstrb021_F3_ovt-03_pos-I_mute-bucket.wav,./wav/basstrb_mute-bucket/basstrb021_F3_ovt-03_pos-I_mute-bucket.wav
1082,23,basstrb_mute-bucket,basstrb022_F3_ovt-04_pos-VI_mute-bucket.wav,basstrb_mute-bucket/basstrb022_F3_ovt-04_pos-VI_mute-bucket.wav,./wav/basstrb_mute-bucket/basstrb022_F3_ovt-04_pos-VI_mute-bucket.wav
1083,23,basstrb_mute-bucket,basstrb023_Fis3_ovt-04_pos-V_mute-bucket.wav,basstrb_mute-bucket/basstrb023_Fis3_ovt-04_pos-V_mute-bucket.wav,./wav/basstrb_mute-bucket/basstrb023_Fis3_ovt-04_pos-V_mute-bucket.wav
1084,23,basstrb_mute-bucket,basstrb024_G3_ovt-04_pos-IV_mute-bucket.wav,basstrb_mute-bucket/basstrb024_G3_ovt-04_pos-IV_mute-bucket.wav,./wav/basstrb_mute-bucket/basstrb024_G3_ovt-04_pos-IV_mute-bucket.wav
1085,23,basstrb_mute-bucket,basstrb025_As3_ovt-04_pos-III_mute-bucket.wav,basstrb_mute-bucket/basstrb025_As3_ovt-04_pos-III_mute-bucket.wav,./wav/basstrb_mute-bucket/basstrb025_As3_ovt-04_pos-III_mute-bucket.wav
1086,23,basstrb_mute-bucket,basstrb026_Gis3_ovt-05_pos-V_mute-bucket.wav,basstrb_mute-bucket/basstrb026_Gis3_ovt-05_pos-V_mute-bucket.wav,./wav/basstrb_mute-bucket/basstrb026_Gis3_ovt-05_pos-V_mute-bucket.wav
1087,23,basstrb_mute-bucket,basstrb027_A3_ovt-04_pos-II_mute-bucket.wav,basstrb_mute-bucket/basstrb027_A3_ovt-04_pos-II_mute-bucket.wav,./wav/basstrb_mute-bucket/basstrb027_A3_ovt-04_pos-II_mute-bucket.wav
1088,23,basstrb_mute-bucket,basstrb028_A3_ovt-05_pos-VI_mute-bucket.wav,basstrb_mute-bucket/basstrb028_A3_ovt-05_pos-VI_mute-bucket.wav,./wav/basstrb_mute-bucket/basstrb028_A3_ovt-05_pos-VI_mute-bucket.wav
1089,23,basstrb_mute-bucket,basstrb029_Ais3_ovt-05_pos-V_mute-bucket.wav,basstrb_mute-bucket/basstrb029_Ais3_ovt-05_pos-V_mute-bucket.wav,./wav/basstrb_mute-bucket/basstrb029_Ais3_ovt-05_pos-V_mute-bucket.wav
1090,23,basstrb_mute-bucket,basstrb030_B3_ovt-04_pos-I_mute-bucket.wav,basstrb_mute-bucket/basstrb030_B3_ovt-04_pos-I_mute-bucket.wav,./wav/basstrb_mute-bucket/basstrb030_B3_ovt-04_pos-I_mute-bucket.wav
1091,23,basstrb_mute-bucket,basstrb031_C4_ovt-05_pos-III_mute-bucket.wav,basstrb_mute-bucket/basstrb031_C4_ovt-05_pos-III_mute-bucket.wav,./wav/basstrb_mute-bucket/basstrb031_C4_ovt-05_pos-III_mute-bucket.wav
1092,23,basstrb_mute-bucket,basstrb032_H3_ovt-05_pos-IV_mute-bucket.wav,basstrb_mute-bucket/basstrb032_H3_ovt-05_pos-IV_mute-bucket.wav,./wav/basstrb_mute-bucket/basstrb032_H3_ovt-05_pos-IV_mute-bucket.wav
1093,23,basstrb_mute-bucket,basstrb033_C4_ovt-06_pos-VI_mute-bucket.wav,basstrb_mute-bucket/basstrb033_C4_ovt-06_pos-VI_mute-bucket.wav,./wav/basstrb_mute-bucket/basstrb033_C4_ovt-06_pos-VI_mute-bucket.wav
1094,23,basstrb_mute-bucket,basstrb034_H3_ovt-06_pos-VII_mute-bucket.wav,basstrb_mute-bucket/basstrb034_H3_ovt-06_pos-VII_mute-bucket.wav,./wav/basstrb_mute-bucket/basstrb034_H3_ovt-06_pos-VII_mute-bucket.wav
1095,23,basstrb_mute-bucket,basstrb035_Cis4_ovt-05_pos-II_mute-bucket.wav,basstrb_mute-bucket/basstrb035_Cis4_ovt-05_pos-II_mute-bucket.wav,./wav/basstrb_mute-bucket/basstrb035_Cis4_ovt-05_pos-II_mute-bucket.wav
1096,23,basstrb_mute-bucket,basstrb036_Cis4_ovt-06_pos-V_mute-bucket.wav,basstrb_mute-bucket/basstrb036_Cis4_ovt-06_pos-V_mute-bucket.wav,./wav/basstrb_mute-bucket/basstrb036_Cis4_ovt-06_pos-V_mute-bucket.wav
1097,23,basstrb_mute-bucket,basstrb037_D4_ovt-05_pos-I_mute-bucket.wav,basstrb_mute-bucket/basstrb037_D4_ovt-05_pos-I_mute-bucket.wav,./wav/basstrb_mute-bucket/basstrb037_D4_ovt-05_pos-I_mute-bucket.wav
1098,23,basstrb_mute-bucket,basstrb038_D4_ovt-06_pos-IV_mute-bucket.wav,basstrb_mute-bucket/basstrb038_D4_ovt-06_pos-IV_mute-bucket.wav,./wav/basstrb_mute-bucket/basstrb038_D4_ovt-06_pos-IV_mute-bucket.wav
1099,23,basstrb_mute-bucket,basstrb039_D4_ovt-07_pos-VII_mute-bucket.wav,basstrb_mute-bucket/basstrb039_D4_ovt-07_pos-VII_mute-bucket.wav,./wav/basstrb_mute-bucket/basstrb039_D4_ovt-07_pos-VII_mute-bucket.wav
1100,23,basstrb_mute-bucket,basstrb040_Es4_ovt-06_pos-III_mute-bucket.wav,basstrb_mute-bucket/basstrb040_Es4_ovt-06_pos-III_mute-bucket.wav,./wav/basstrb_mute-bucket/basstrb040_Es4_ovt-06_pos-III_mute-bucket.wav
1101,23,basstrb_mute-bucket,basstrb041_Es4_ovt-07_pos-VI_mute-bucket.wav,basstrb_mute-bucket/basstrb041_Es4_ovt-07_pos-VI_mute-bucket.wav,./wav/basstrb_mute-bucket/basstrb041_Es4_ovt-07_pos-VI_mute-bucket.wav
1102,23,basstrb_mute-bucket,basstrb042_E4_ovt-06_pos-II_mute-bucket.wav,basstrb_mute-bucket/basstrb042_E4_ovt-06_pos-II_mute-bucket.wav,./wav/basstrb_mute-bucket/basstrb042_E4_ovt-06_pos-II_mute-bucket.wav
1103,23,basstrb_mute-bucket,basstrb043_E4_ovt-07_pos-V_mute-bucket.wav,basstrb_mute-bucket/basstrb043_E4_ovt-07_pos-V_mute-bucket.wav,./wav/basstrb_mute-bucket/basstrb043_E4_ovt-07_pos-V_mute-bucket.wav
1104,23,basstrb_mute-bucket,basstrb044_E4_ovt-08_pos-VII_mute-bucket.wav,basstrb_mute-bucket/basstrb044_E4_ovt-08_pos-VII_mute-bucket.wav,./wav/basstrb_mute-bucket/basstrb044_E4_ovt-08_pos-VII_mute-bucket.wav
1105,23,basstrb_mute-bucket,basstrb045_F4_ovt-06_pos-I_mute-bucket.wav,basstrb_mute-bucket/basstrb045_F4_ovt-06_pos-I_mute-bucket.wav,./wav/basstrb_mute-bucket/basstrb045_F4_ovt-06_pos-I_mute-bucket.wav
1106,23,basstrb_mute-bucket,basstrb046_F4_ovt-07_pos-IV_mute-bucket.wav,basstrb_mute-bucket/basstrb046_F4_ovt-07_pos-IV_mute-bucket.wav,./wav/basstrb_mute-bucket/basstrb046_F4_ovt-07_pos-IV_mute-bucket.wav
1107,23,basstrb_mute-bucket,basstrb047_F4_ovt-08_pos-VI_mute-bucket.wav,basstrb_mute-bucket/basstrb047_F4_ovt-08_pos-VI_mute-bucket.wav,./wav/basstrb_mute-bucket/basstrb047_F4_ovt-08_pos-VI_mute-bucket.wav
1108,23,basstrb_mute-bucket,basstrb048_Ges4_ovt-07_pos-III_mute-bucket.wav,basstrb_mute-bucket/basstrb048_Ges4_ovt-07_pos-III_mute-bucket.wav,./wav/basstrb_mute-bucket/basstrb048_Ges4_ovt-07_pos-III_mute-bucket.wav
1109,23,basstrb_mute-bucket,basstrb049_Fis4_ovt-08_pos-V_mute-bucket.wav,basstrb_mute-bucket/basstrb049_Fis4_ovt-08_pos-V_mute-bucket.wav,./wav/basstrb_mute-bucket/basstrb049_Fis4_ovt-08_pos-V_mute-bucket.wav
1110,23,basstrb_mute-bucket,basstrb050_G4_ovt-07_pos-II_mute-bucket.wav,basstrb_mute-bucket/basstrb050_G4_ovt-07_pos-II_mute-bucket.wav,./wav/basstrb_mute-bucket/basstrb050_G4_ovt-07_pos-II_mute-bucket.wav
1111,23,basstrb_mute-bucket,basstrb051_G4_ovt-08_pos-IV_mute-bucket.wav,basstrb_mute-bucket/basstrb051_G4_ovt-08_pos-IV_mute-bucket.wav,./wav/basstrb_mute-bucket/basstrb051_G4_ovt-08_pos-IV_mute-bucket.wav
1112,23,basstrb_mute-bucket,basstrb052_As4_ovt-07_pos-I_mute-bucket.wav,basstrb_mute-bucket/basstrb052_As4_ovt-07_pos-I_mute-bucket.wav,./wav/basstrb_mute-bucket/basstrb052_As4_ovt-07_pos-I_mute-bucket.wav
1113,23,basstrb_mute-bucket,basstrb053_As4_ovt-08_pos-III_mute-bucket.wav,basstrb_mute-bucket/basstrb053_As4_ovt-08_pos-III_mute-bucket.wav,./wav/basstrb_mute-bucket/basstrb053_As4_ovt-08_pos-III_mute-bucket.wav
1114,23,basstrb_mute-bucket,basstrb054_A4_ovt-08_pos-II_mute-bucket.wav,basstrb_mute-bucket/basstrb054_A4_ovt-08_pos-II_mute-bucket.wav,./wav/basstrb_mute-bucket/basstrb054_A4_ovt-08_pos-II_mute-bucket.wav
1115,23,basstrb_mute-bucket,basstrb055_B4_ovt-08_pos-I_mute-bucket.wav,basstrb_mute-bucket/basstrb055_B4_ovt-08_pos-I_mute-bucket.wav,./wav/basstrb_mute-bucket/basstrb055_B4_ovt-08_pos-I_mute-bucket.wav
1116,24,basstrb_tube-F,basstrb000_C1_ovt-01_pos-VI_tube-F.wav,basstrb_tube-F/basstrb000_C1_ovt-01_pos-VI_tube-F.wav,./wav/basstrb_tube-F/basstrb000_C1_ovt-01_pos-VI_tube-F.wav
1117,24,basstrb_tube-F,basstrb001_Des1_ovt-01_pos-V_tube-F.wav,basstrb_tube-F/basstrb001_Des1_ovt-01_pos-V_tube-F.wav,./wav/basstrb_tube-F/basstrb001_Des1_ovt-01_pos-V_tube-F.wav
1118,24,basstrb_tube-F,basstrb002_D1_ovt-01_pos-IV_tube-F.wav,basstrb_tube-F/basstrb002_D1_ovt-01_pos-IV_tube-F.wav,./wav/basstrb_tube-F/basstrb002_D1_ovt-01_pos-IV_tube-F.wav
1119,24,basstrb_tube-F,basstrb003_Es1_ovt-01_pos-III_tube-F.wav,basstrb_tube-F/basstrb003_Es1_ovt-01_pos-III_tube-F.wav,./wav/basstrb_tube-F/basstrb003_Es1_ovt-01_pos-III_tube-F.wav
1120,24,basstrb_tube-F,basstrb004_E1_ovt-01_pos-II_tube-F.wav,basstrb_tube-F/basstrb004_E1_ovt-01_pos-II_tube-F.wav,./wav/basstrb_tube-F/basstrb004_E1_ovt-01_pos-II_tube-F.wav
1121,24,basstrb_tube-F,basstrb005_F1_ovt-01_pos-I_tube-F.wav,basstrb_tube-F/basstrb005_F1_ovt-01_pos-I_tube-F.wav,./wav/basstrb_tube-F/basstrb005_F1_ovt-01_pos-I_tube-F.wav
1122,24,basstrb_tube-F,basstrb006_C2_ovt-02_pos-VI_tube-F.wav,basstrb_tube-F/basstrb006_C2_ovt-02_pos-VI_tube-F.wav,./wav/basstrb_tube-F/basstrb006_C2_ovt-02_pos-VI_tube-F.wav
1123,24,basstrb_tube-F,basstrb007_Des2_ovt-02_pos-V_tube-F.wav,basstrb_tube-F/basstrb007_Des2_ovt-02_pos-V_tube-F.wav,./wav/basstrb_tube-F/basstrb007_Des2_ovt-02_pos-V_tube-F.wav
1124,24,basstrb_tube-F,basstrb008_D2_ovt-02_pos-IV_tube-F.wav,basstrb_tube-F/basstrb008_D2_ovt-02_pos-IV_tube-F.wav,./wav/basstrb_tube-F/basstrb008_D2_ovt-02_pos-IV_tube-F.wav
1125,24,basstrb_tube-F,basstrb009_Es2_ovt-02_pos-III_tube-F.wav,basstrb_tube-F/basstrb009_Es2_ovt-02_pos-III_tube-F.wav,./wav/basstrb_tube-F/basstrb009_Es2_ovt-02_pos-III_tube-F.wav
1126,24,basstrb_tube-F,basstrb010_E2_ovt-02_pos-II_tube-F.wav,basstrb_tube-F/basstrb010_E2_ovt-02_pos-II_tube-F.wav,./wav/basstrb_tube-F/basstrb010_E2_ovt-02_pos-II_tube-F.wav
1127,24,basstrb_tube-F,basstrb011_F2_ovt-02_pos-I_tube-F.wav,basstrb_tube-F/basstrb011_F2_ovt-02_pos-I_tube-F.wav,./wav/basstrb_tube-F/basstrb011_F2_ovt-02_pos-I_tube-F.wav
1128,24,basstrb_tube-F,basstrb012_G2_ovt-03_pos-VI_tube-F.wav,basstrb_tube-F/basstrb012_G2_ovt-03_pos-VI_tube-F.wav,./wav/basstrb_tube-F/basstrb012_G2_ovt-03_pos-VI_tube-F.wav
1129,24,basstrb_tube-F,basstrb013_As2_ovt-03_pos-V_tube-F.wav,basstrb_tube-F/basstrb013_As2_ovt-03_pos-V_tube-F.wav,./wav/basstrb_tube-F/basstrb013_As2_ovt-03_pos-V_tube-F.wav
1130,24,basstrb_tube-F,basstrb014_A2_ovt-03_pos-IV_tube-F.wav,basstrb_tube-F/basstrb014_A2_ovt-03_pos-IV_tube-F.wav,./wav/basstrb_tube-F/basstrb014_A2_ovt-03_pos-IV_tube-F.wav
1131,24,basstrb_tube-F,basstrb015_B2_ovt-03_pos-III_tube-F.wav,basstrb_tube-F/basstrb015_B2_ovt-03_pos-III_tube-F.wav,./wav/basstrb_tube-F/basstrb015_B2_ovt-03_pos-III_tube-F.wav
1132,24,basstrb_tube-F,basstrb016_H2_ovt-03_pos-II_tube-F.wav,basstrb_tube-F/basstrb016_H2_ovt-03_pos-II_tube-F.wav,./wav/basstrb_tube-F/basstrb016_H2_ovt-03_pos-II_tube-F.wav
1133,24,basstrb_tube-F,basstrb017_C3_ovt-03_pos-I_tube-F.wav,basstrb_tube-F/basstrb017_C3_ovt-03_pos-I_tube-F.wav,./wav/basstrb_tube-F/basstrb017_C3_ovt-03_pos-I_tube-F.wav
1134,24,basstrb_tube-F,basstrb018_C3_ovt-04_pos-VI_tube-F.wav,basstrb_tube-F/basstrb018_C3_ovt-04_pos-VI_tube-F.wav,./wav/basstrb_tube-F/basstrb018_C3_ovt-04_pos-VI_tube-F.wav
1135,24,basstrb_tube-F,basstrb019_Des3_ovt-04_pos-V_tube-F.wav,basstrb_tube-F/basstrb019_Des3_ovt-04_pos-V_tube-F.wav,./wav/basstrb_tube-F/basstrb019_Des3_ovt-04_pos-V_tube-F.wav
1136,24,basstrb_tube-F,basstrb020_D3_ovt-04_pos-IV_tube-F.wav,basstrb_tube-F/basstrb020_D3_ovt-04_pos-IV_tube-F.wav,./wav/basstrb_tube-F/basstrb020_D3_ovt-04_pos-IV_tube-F.wav
1137,24,basstrb_tube-F,basstrb021_Es3_ovt-04_pos-III_tube-F.wav,basstrb_tube-F/basstrb021_Es3_ovt-04_pos-III_tube-F.wav,./wav/basstrb_tube-F/basstrb021_Es3_ovt-04_pos-III_tube-F.wav
1138,24,basstrb_tube-F,basstrb022_E3_ovt-04_pos-II_tube-F.wav,basstrb_tube-F/basstrb022_E3_ovt-04_pos-II_tube-F.wav,./wav/basstrb_tube-F/basstrb022_E3_ovt-04_pos-II_tube-F.wav
1139,24,basstrb_tube-F,basstrb023_E3_ovt-05_pos-VI_tube-F.wav,basstrb_tube-F/basstrb023_E3_ovt-05_pos-VI_tube-F.wav,./wav/basstrb_tube-F/basstrb023_E3_ovt-05_pos-VI_tube-F.wav
1140,24,basstrb_tube-F,basstrb024_F3_ovt-04_pos-I_tube-F.wav,basstrb_tube-F/basstrb024_F3_ovt-04_pos-I_tube-F.wav,./wav/basstrb_tube-F/basstrb024_F3_ovt-04_pos-I_tube-F.wav
1141,24,basstrb_tube-F,basstrb025_F3_ovt-05_pos-V_tube-F.wav,basstrb_tube-F/basstrb025_F3_ovt-05_pos-V_tube-F.wav,./wav/basstrb_tube-F/basstrb025_F3_ovt-05_pos-V_tube-F.wav
1142,24,basstrb_tube-F,basstrb026_Fis3_ovt-05_pos-IV_tube-F.wav,basstrb_tube-F/basstrb026_Fis3_ovt-05_pos-IV_tube-F.wav,./wav/basstrb_tube-F/basstrb026_Fis3_ovt-05_pos-IV_tube-F.wav
1143,24,basstrb_tube-F,basstrb027_G3_ovt-05_pos-III_tube-F.wav,basstrb_tube-F/basstrb027_G3_ovt-05_pos-III_tube-F.wav,./wav/basstrb_tube-F/basstrb027_G3_ovt-05_pos-III_tube-F.wav
1144,24,basstrb_tube-F,basstrb028_G3_ovt-06_pos-VI_tube-F.wav,basstrb_tube-F/basstrb028_G3_ovt-06_pos-VI_tube-F.wav,./wav/basstrb_tube-F/basstrb028_G3_ovt-06_pos-VI_tube-F.wav
1145,24,basstrb_tube-F,basstrb029_As3_ovt-06_pos-V_tube-F.wav,basstrb_tube-F/basstrb029_As3_ovt-06_pos-V_tube-F.wav,./wav/basstrb_tube-F/basstrb029_As3_ovt-06_pos-V_tube-F.wav
1146,24,basstrb_tube-F,basstrb030_Gis3_ovt-05_pos-II_tube-F.wav,basstrb_tube-F/basstrb030_Gis3_ovt-05_pos-II_tube-F.wav,./wav/basstrb_tube-F/basstrb030_Gis3_ovt-05_pos-II_tube-F.wav
1147,24,basstrb_tube-F,basstrb031_A3_ovt-05_pos-I_tube-F.wav,basstrb_tube-F/basstrb031_A3_ovt-05_pos-I_tube-F.wav,./wav/basstrb_tube-F/basstrb031_A3_ovt-05_pos-I_tube-F.wav
1148,24,basstrb_tube-F,basstrb032_A3_ovt-06_pos-IV_tube-F.wav,basstrb_tube-F/basstrb032_A3_ovt-06_pos-IV_tube-F.wav,./wav/basstrb_tube-F/basstrb032_A3_ovt-06_pos-IV_tube-F.wav
1149,24,basstrb_tube-F,basstrb033_B3_ovt-06_pos-III_tube-F.wav,basstrb_tube-F/basstrb033_B3_ovt-06_pos-III_tube-F.wav,./wav/basstrb_tube-F/basstrb033_B3_ovt-06_pos-III_tube-F.wav
1150,24,basstrb_tube-F,basstrb034_B3_ovt-07_pos-VI_tube-F.wav,basstrb_tube-F/basstrb034_B3_ovt-07_pos-VI_tube-F.wav,./wav/basstrb_tube-F/basstrb034_B3_ovt-07_pos-VI_tube-F.wav
1151,24,basstrb_tube-F,basstrb035_Ces4_ovt-07_pos-V_tube-F.wav,basstrb_tube-F/basstrb035_Ces4_ovt-07_pos-V_tube-F.wav,./wav/basstrb_tube-F/basstrb035_Ces4_ovt-07_pos-V_tube-F.wav
1152,24,basstrb_tube-F,basstrb036_H3_ovt-06_pos-II_tube-F.wav,basstrb_tube-F/basstrb036_H3_ovt-06_pos-II_tube-F.wav,./wav/basstrb_tube-F/basstrb036_H3_ovt-06_pos-II_tube-F.wav
1153,24,basstrb_tube-F,basstrb037_C4_ovt-06_pos-I_tube-F.wav,basstrb_tube-F/basstrb037_C4_ovt-06_pos-I_tube-F.wav,./wav/basstrb_tube-F/basstrb037_C4_ovt-06_pos-I_tube-F.wav
1154,24,basstrb_tube-F,basstrb038_C4_ovt-07_pos-IV_tube-F.wav,basstrb_tube-F/basstrb038_C4_ovt-07_pos-IV_tube-F.wav,./wav/basstrb_tube-F/basstrb038_C4_ovt-07_pos-IV_tube-F.wav
1155,24,basstrb_tube-F,basstrb039_C4_ovt-08_pos-VI_tube-F.wav,basstrb_tube-F/basstrb039_C4_ovt-08_pos-VI_tube-F.wav,./wav/basstrb_tube-F/basstrb039_C4_ovt-08_pos-VI_tube-F.wav
1156,24,basstrb_tube-F,basstrb040_Des4_ovt-07_pos-III_tube-F.wav,basstrb_tube-F/basstrb040_Des4_ovt-07_pos-III_tube-F.wav,./wav/basstrb_tube-F/basstrb040_Des4_ovt-07_pos-III_tube-F.wav
1157,24,basstrb_tube-F,basstrb041_Des4_ovt-08_pos-V_tube-F.wav,basstrb_tube-F/basstrb041_Des4_ovt-08_pos-V_tube-F.wav,./wav/basstrb_tube-F/basstrb041_Des4_ovt-08_pos-V_tube-F.wav
1158,24,basstrb_tube-F,basstrb042_D4_ovt-07_pos-II_tube-F.wav,basstrb_tube-F/basstrb042_D4_ovt-07_pos-II_tube-F.wav,./wav/basstrb_tube-F/basstrb042_D4_ovt-07_pos-II_tube-F.wav
1159,24,basstrb_tube-F,basstrb043_D4_ovt-08_pos-IV_tube-F.wav,basstrb_tube-F/basstrb043_D4_ovt-08_pos-IV_tube-F.wav,./wav/basstrb_tube-F/basstrb043_D4_ovt-08_pos-IV_tube-F.wav
1160,24,basstrb_tube-F,basstrb044_Es4_ovt-07_pos-I_tube-F.wav,basstrb_tube-F/basstrb044_Es4_ovt-07_pos-I_tube-F.wav,./wav/basstrb_tube-F/basstrb044_Es4_ovt-07_pos-I_tube-F.wav
1161,24,basstrb_tube-F,basstrb045_Es4_ovt-08_pos-III_tube-F.wav,basstrb_tube-F/basstrb045_Es4_ovt-08_pos-III_tube-F.wav,./wav/basstrb_tube-F/basstrb045_Es4_ovt-08_pos-III_tube-F.wav
1162,24,basstrb_tube-F,basstrb046_E4_ovt-08_pos-II_tube-F.wav,basstrb_tube-F/basstrb046_E4_ovt-08_pos-II_tube-F.wav,./wav/basstrb_tube-F/basstrb046_E4_ovt-08_pos-II_tube-F.wav
1163,24,basstrb_tube-F,basstrb047_F4_ovt-08_pos-I_tube-F.wav,basstrb_tube-F/basstrb047_F4_ovt-08_pos-I_tube-F.wav,./wav/basstrb_tube-F/basstrb047_F4_ovt-08_pos-I_tube-F.wav
1164,25,basstrb_tube-F_mute-straightMetal,basstrb000_C1_ovt-01_pos-VI_tube-F_mute-straightMetal.wav,basstrb_tube-F_mute-straightMetal/basstrb000_C1_ovt-01_pos-VI_tube-F_mute-straightMetal.wav,./wav/basstrb_tube-F_mute-straightMetal/basstrb000_C1_ovt-01_pos-VI_tube-F_mute-straightMetal.wav
1165,25,basstrb_tube-F_mute-straightMetal,basstrb001_Des1_ovt-01_pos-V_tube-F_mute-straightMetal.wav,basstrb_tube-F_mute-straightMetal/basstrb001_Des1_ovt-01_pos-V_tube-F_mute-straightMetal.wav,./wav/basstrb_tube-F_mute-straightMetal/basstrb001_Des1_ovt-01_pos-V_tube-F_mute-straightMetal.wav
1166,25,basstrb_tube-F_mute-straightMetal,basstrb002_D1_ovt-01_pos-IV_tube-F_mute-straightMetal.wav,basstrb_tube-F_mute-straightMetal/basstrb002_D1_ovt-01_pos-IV_tube-F_mute-straightMetal.wav,./wav/basstrb_tube-F_mute-straightMetal/basstrb002_D1_ovt-01_pos-IV_tube-F_mute-straightMetal.wav
1167,25,basstrb_tube-F_mute-straightMetal,basstrb003_Es1_ovt-01_pos-III_tube-F_mute-straightMetal.wav,basstrb_tube-F_mute-straightMetal/basstrb003_Es1_ovt-01_pos-III_tube-F_mute-straightMetal.wav,./wav/basstrb_tube-F_mute-straightMetal/basstrb003_Es1_ovt-01_pos-III_tube-F_mute-straightMetal.wav
1168,25,basstrb_tube-F_mute-straightMetal,basstrb004_E1_ovt-01_pos-II_tube-F_mute-straightMetal.wav,basstrb_tube-F_mute-straightMetal/basstrb004_E1_ovt-01_pos-II_tube-F_mute-straightMetal.wav,./wav/basstrb_tube-F_mute-straightMetal/basstrb004_E1_ovt-01_pos-II_tube-F_mute-straightMetal.wav
1169,25,basstrb_tube-F_mute-straightMetal,basstrb005_F1_ovt-01_pos-I_tube-F_mute-straightMetal.wav,basstrb_tube-F_mute-straightMetal/basstrb005_F1_ovt-01_pos-I_tube-F_mute-straightMetal.wav,./wav/basstrb_tube-F_mute-straightMetal/basstrb005_F1_ovt-01_pos-I_tube-F_mute-straightMetal.wav
1170,25,basstrb_tube-F_mute-straightMetal,basstrb006_C2_ovt-02_pos-VI_tube-F_mute-straightMetal.wav,basstrb_tube-F_mute-straightMetal/basstrb006_C2_ovt-02_pos-VI_tube-F_mute-straightMetal.wav,./wav/basstrb_tube-F_mute-straightMetal/basstrb006_C2_ovt-02_pos-VI_tube-F_mute-straightMetal.wav
1171,25,basstrb_tube-F_mute-straightMetal,basstrb007_Des2_ovt-02_pos-V_tube-F_mute-straightMetal.wav,basstrb_tube-F_mute-straightMetal/basstrb007_Des2_ovt-02_pos-V_tube-F_mute-straightMetal.wav,./wav/basstrb_tube-F_mute-straightMetal/basstrb007_Des2_ovt-02_pos-V_tube-F_mute-straightMetal.wav
1172,25,basstrb_tube-F_mute-straightMetal,basstrb008_D2_ovt-02_pos-IV_tube-F_mute-straightMetal.wav,basstrb_tube-F_mute-straightMetal/basstrb008_D2_ovt-02_pos-IV_tube-F_mute-straightMetal.wav,./wav/basstrb_tube-F_mute-straightMetal/basstrb008_D2_ovt-02_pos-IV_tube-F_mute-straightMetal.wav
1173,25,basstrb_tube-F_mute-straightMetal,basstrb009_Es2_ovt-02_pos-III_tube-F_mute-straightMetal.wav,basstrb_tube-F_mute-straightMetal/basstrb009_Es2_ovt-02_pos-III_tube-F_mute-straightMetal.wav,./wav/basstrb_tube-F_mute-straightMetal/basstrb009_Es2_ovt-02_pos-III_tube-F_mute-straightMetal.wav
1174,25,basstrb_tube-F_mute-straightMetal,basstrb010_E2_ovt-02_pos-II_tube-F_mute-straightMetal.wav,basstrb_tube-F_mute-straightMetal/basstrb010_E2_ovt-02_pos-II_tube-F_mute-straightMetal.wav,./wav/basstrb_tube-F_mute-straightMetal/basstrb010_E2_ovt-02_pos-II_tube-F_mute-straightMetal.wav
1175,25,basstrb_tube-F_mute-straightMetal,basstrb011_F2_ovt-02_pos-I_tube-F_mute-straightMetal.wav,basstrb_tube-F_mute-straightMetal/basstrb011_F2_ovt-02_pos-I_tube-F_mute-straightMetal.wav,./wav/basstrb_tube-F_mute-straightMetal/basstrb011_F2_ovt-02_pos-I_tube-F_mute-straightMetal.wav
1176,25,basstrb_tube-F_mute-straightMetal,basstrb012_G2_ovt-03_pos-VI_tube-F_mute-straightMetal.wav,basstrb_tube-F_mute-straightMetal/basstrb012_G2_ovt-03_pos-VI_tube-F_mute-straightMetal.wav,./wav/basstrb_tube-F_mute-straightMetal/basstrb012_G2_ovt-03_pos-VI_tube-F_mute-straightMetal.wav
1177,25,basstrb_tube-F_mute-straightMetal,basstrb013_As2_ovt-03_pos-V_tube-F_mute-straightMetal.wav,basstrb_tube-F_mute-straightMetal/basstrb013_As2_ovt-03_pos-V_tube-F_mute-straightMetal.wav,./wav/basstrb_tube-F_mute-straightMetal/basstrb013_As2_ovt-03_pos-V_tube-F_mute-straightMetal.wav
1178,25,basstrb_tube-F_mute-straightMetal,basstrb014_A2_ovt-03_pos-IV_tube-F_mute-straightMetal.wav,basstrb_tube-F_mute-straightMetal/basstrb014_A2_ovt-03_pos-IV_tube-F_mute-straightMetal.wav,./wav/basstrb_tube-F_mute-straightMetal/basstrb014_A2_ovt-03_pos-IV_tube-F_mute-straightMetal.wav
1179,25,basstrb_tube-F_mute-straightMetal,basstrb015_B2_ovt-03_pos-III_tube-F_mute-straightMetal.wav,basstrb_tube-F_mute-straightMetal/basstrb015_B2_ovt-03_pos-III_tube-F_mute-straightMetal.wav,./wav/basstrb_tube-F_mute-straightMetal/basstrb015_B2_ovt-03_pos-III_tube-F_mute-straightMetal.wav
1180,25,basstrb_tube-F_mute-straightMetal,basstrb016_H2_ovt-03_pos-II_tube-F_mute-straightMetal.wav,basstrb_tube-F_mute-straightMetal/basstrb016_H2_ovt-03_pos-II_tube-F_mute-straightMetal.wav,./wav/basstrb_tube-F_mute-straightMetal/basstrb016_H2_ovt-03_pos-II_tube-F_mute-straightMetal.wav
1181,25,basstrb_tube-F_mute-straightMetal,basstrb017_C3_ovt-03_pos-I_tube-F_mute-straightMetal.wav,basstrb_tube-F_mute-straightMetal/basstrb017_C3_ovt-03_pos-I_tube-F_mute-straightMetal.wav,./wav/basstrb_tube-F_mute-straightMetal/basstrb017_C3_ovt-03_pos-I_tube-F_mute-straightMetal.wav
1182,25,basstrb_tube-F_mute-straightMetal,basstrb018_C3_ovt-04_pos-VI_tube-F_mute-straightMetal.wav,basstrb_tube-F_mute-straightMetal/basstrb018_C3_ovt-04_pos-VI_tube-F_mute-straightMetal.wav,./wav/basstrb_tube-F_mute-straightMetal/basstrb018_C3_ovt-04_pos-VI_tube-F_mute-straightMetal.wav
1183,25,basstrb_tube-F_mute-straightMetal,basstrb019_Des3_ovt-04_pos-V_tube-F_mute-straightMetal.wav,basstrb_tube-F_mute-straightMetal/basstrb019_Des3_ovt-04_pos-V_tube-F_mute-straightMetal.wav,./wav/basstrb_tube-F_mute-straightMetal/basstrb019_Des3_ovt-04_pos-V_tube-F_mute-straightMetal.wav
1184,25,basstrb_tube-F_mute-straightMetal,basstrb020_D3_ovt-04_pos-IV_tube-F_mute-straightMetal.wav,basstrb_tube-F_mute-straightMetal/basstrb020_D3_ovt-04_pos-IV_tube-F_mute-straightMetal.wav,./wav/basstrb_tube-F_mute-straightMetal/basstrb020_D3_ovt-04_pos-IV_tube-F_mute-straightMetal.wav
1185,25,basstrb_tube-F_mute-straightMetal,basstrb021_Es3_ovt-04_pos-III_tube-F_mute-straightMetal.wav,basstrb_tube-F_mute-straightMetal/basstrb021_Es3_ovt-04_pos-III_tube-F_mute-straightMetal.wav,./wav/basstrb_tube-F_mute-straightMetal/basstrb021_Es3_ovt-04_pos-III_tube-F_mute-straightMetal.wav
1186,25,basstrb_tube-F_mute-straightMetal,basstrb022_E3_ovt-04_pos-II_tube-F_mute-straightMetal.wav,basstrb_tube-F_mute-straightMetal/basstrb022_E3_ovt-04_pos-II_tube-F_mute-straightMetal.wav,./wav/basstrb_tube-F_mute-straightMetal/basstrb022_E3_ovt-04_pos-II_tube-F_mute-straightMetal.wav
1187,25,basstrb_tube-F_mute-straightMetal,basstrb023_E3_ovt-05_pos-VI_tube-F_mute-straightMetal.wav,basstrb_tube-F_mute-straightMetal/basstrb023_E3_ovt-05_pos-VI_tube-F_mute-straightMetal.wav,./wav/basstrb_tube-F_mute-straightMetal/basstrb023_E3_ovt-05_pos-VI_tube-F_mute-straightMetal.wav
1188,25,basstrb_tube-F_mute-straightMetal,basstrb024_F3_ovt-04_pos-I_tube-F_mute-straightMetal.wav,basstrb_tube-F_mute-straightMetal/basstrb024_F3_ovt-04_pos-I_tube-F_mute-straightMetal.wav,./wav/basstrb_tube-F_mute-straightMetal/basstrb024_F3_ovt-04_pos-I_tube-F_mute-straightMetal.wav
1189,25,basstrb_tube-F_mute-straightMetal,basstrb025_F3_ovt-05_pos-V_tube-F_mute-straightMetal.wav,basstrb_tube-F_mute-straightMetal/basstrb025_F3_ovt-05_pos-V_tube-F_mute-straightMetal.wav,./wav/basstrb_tube-F_mute-straightMetal/basstrb025_F3_ovt-05_pos-V_tube-F_mute-straightMetal.wav
1190,25,basstrb_tube-F_mute-straightMetal,basstrb026_Fis3_ovt-05_pos-IV_tube-F_mute-straightMetal.wav,basstrb_tube-F_mute-straightMetal/basstrb026_Fis3_ovt-05_pos-IV_tube-F_mute-straightMetal.wav,./wav/basstrb_tube-F_mute-straightMetal/basstrb026_Fis3_ovt-05_pos-IV_tube-F_mute-straightMetal.wav
1191,25,basstrb_tube-F_mute-straightMetal,basstrb027_G3_ovt-05_pos-III_tube-F_mute-straightMetal.wav,basstrb_tube-F_mute-straightMetal/basstrb027_G3_ovt-05_pos-III_tube-F_mute-straightMetal.wav,./wav/basstrb_tube-F_mute-straightMetal/basstrb027_G3_ovt-05_pos-III_tube-F_mute-straightMetal.wav
1192,25,basstrb_tube-F_mute-straightMetal,basstrb028_G3_ovt-06_pos-VI_tube-F_mute-straightMetal.wav,basstrb_tube-F_mute-straightMetal/basstrb028_G3_ovt-06_pos-VI_tube-F_mute-straightMetal.wav,./wav/basstrb_tube-F_mute-straightMetal/basstrb028_G3_ovt-06_pos-VI_tube-F_mute-straightMetal.wav
1193,25,basstrb_tube-F_mute-straightMetal,basstrb029_As3_ovt-06_pos-V_tube-F_mute-straightMetal.wav,basstrb_tube-F_mute-straightMetal/basstrb029_As3_ovt-06_pos-V_tube-F_mute-straightMetal.wav,./wav/basstrb_tube-F_mute-straightMetal/basstrb029_As3_ovt-06_pos-V_tube-F_mute-straightMetal.wav
1194,25,basstrb_tube-F_mute-straightMetal,basstrb030_Gis3_ovt-05_pos-II_tube-F_mute-straightMetal.wav,basstrb_tube-F_mute-straightMetal/basstrb030_Gis3_ovt-05_pos-II_tube-F_mute-straightMetal.wav,./wav/basstrb_tube-F_mute-straightMetal/basstrb030_Gis3_ovt-05_pos-II_tube-F_mute-straightMetal.wav
1195,25,basstrb_tube-F_mute-straightMetal,basstrb031_A3_ovt-05_pos-I_tube-F_mute-straightMetal.wav,basstrb_tube-F_mute-straightMetal/basstrb031_A3_ovt-05_pos-I_tube-F_mute-straightMetal.wav,./wav/basstrb_tube-F_mute-straightMetal/basstrb031_A3_ovt-05_pos-I_tube-F_mute-straightMetal.wav
1196,25,basstrb_tube-F_mute-straightMetal,basstrb032_A3_ovt-06_pos-IV_tube-F_mute-straightMetal.wav,basstrb_tube-F_mute-straightMetal/basstrb032_A3_ovt-06_pos-IV_tube-F_mute-straightMetal.wav,./wav/basstrb_tube-F_mute-straightMetal/basstrb032_A3_ovt-06_pos-IV_tube-F_mute-straightMetal.wav
1197,25,basstrb_tube-F_mute-straightMetal,basstrb033_B3_ovt-06_pos-III_tube-F_mute-straightMetal.wav,basstrb_tube-F_mute-straightMetal/basstrb033_B3_ovt-06_pos-III_tube-F_mute-straightMetal.wav,./wav/basstrb_tube-F_mute-straightMetal/basstrb033_B3_ovt-06_pos-III_tube-F_mute-straightMetal.wav
1198,25,basstrb_tube-F_mute-straightMetal,basstrb034_B3_ovt-07_pos-VI_tube-F_mute-straightMetal.wav,basstrb_tube-F_mute-straightMetal/basstrb034_B3_ovt-07_pos-VI_tube-F_mute-straightMetal.wav,./wav/basstrb_tube-F_mute-straightMetal/basstrb034_B3_ovt-07_pos-VI_tube-F_mute-straightMetal.wav
1199,25,basstrb_tube-F_mute-straightMetal,basstrb035_Ces4_ovt-07_pos-V_tube-F_mute-straightMetal.wav,basstrb_tube-F_mute-straightMetal/basstrb035_Ces4_ovt-07_pos-V_tube-F_mute-straightMetal.wav,./wav/basstrb_tube-F_mute-straightMetal/basstrb035_Ces4_ovt-07_pos-V_tube-F_mute-straightMetal.wav
1200,25,basstrb_tube-F_mute-straightMetal,basstrb036_H3_ovt-06_pos-II_tube-F_mute-straightMetal.wav,basstrb_tube-F_mute-straightMetal/basstrb036_H3_ovt-06_pos-II_tube-F_mute-straightMetal.wav,./wav/basstrb_tube-F_mute-straightMetal/basstrb036_H3_ovt-06_pos-II_tube-F_mute-straightMetal.wav
1201,25,basstrb_tube-F_mute-straightMetal,basstrb037_C4_ovt-06_pos-I_tube-F_mute-straightMetal.wav,basstrb_tube-F_mute-straightMetal/basstrb037_C4_ovt-06_pos-I_tube-F_mute-straightMetal.wav,./wav/basstrb_tube-F_mute-straightMetal/basstrb037_C4_ovt-06_pos-I_tube-F_mute-straightMetal.wav
1202,25,basstrb_tube-F_mute-straightMetal,basstrb038_C4_ovt-07_pos-IV_tube-F_mute-straightMetal.wav,basstrb_tube-F_mute-straightMetal/basstrb038_C4_ovt-07_pos-IV_tube-F_mute-straightMetal.wav,./wav/basstrb_tube-F_mute-straightMetal/basstrb038_C4_ovt-07_pos-IV_tube-F_mute-straightMetal.wav
1203,25,basstrb_tube-F_mute-straightMetal,basstrb039_C4_ovt-08_pos-VI_tube-F_mute-straightMetal.wav,basstrb_tube-F_mute-straightMetal/basstrb039_C4_ovt-08_pos-VI_tube-F_mute-straightMetal.wav,./wav/basstrb_tube-F_mute-straightMetal/basstrb039_C4_ovt-08_pos-VI_tube-F_mute-straightMetal.wav
1204,25,basstrb_tube-F_mute-straightMetal,basstrb040_Des4_ovt-07_pos-III_tube-F_mute-straightMetal.wav,basstrb_tube-F_mute-straightMetal/basstrb040_Des4_ovt-07_pos-III_tube-F_mute-straightMetal.wav,./wav/basstrb_tube-F_mute-straightMetal/basstrb040_Des4_ovt-07_pos-III_tube-F_mute-straightMetal.wav
1205,25,basstrb_tube-F_mute-straightMetal,basstrb041_Des4_ovt-08_pos-V_tube-F_mute-straightMetal.wav,basstrb_tube-F_mute-straightMetal/basstrb041_Des4_ovt-08_pos-V_tube-F_mute-straightMetal.wav,./wav/basstrb_tube-F_mute-straightMetal/basstrb041_Des4_ovt-08_pos-V_tube-F_mute-straightMetal.wav
1206,25,basstrb_tube-F_mute-straightMetal,basstrb042_D4_ovt-07_pos-II_tube-F_mute-straightMetal.wav,basstrb_tube-F_mute-straightMetal/basstrb042_D4_ovt-07_pos-II_tube-F_mute-straightMetal.wav,./wav/basstrb_tube-F_mute-straightMetal/basstrb042_D4_ovt-07_pos-II_tube-F_mute-straightMetal.wav
1207,25,basstrb_tube-F_mute-straightMetal,basstrb043_D4_ovt-08_pos-IV_tube-F_mute-straightMetal.wav,basstrb_tube-F_mute-straightMetal/basstrb043_D4_ovt-08_pos-IV_tube-F_mute-straightMetal.wav,./wav/basstrb_tube-F_mute-straightMetal/basstrb043_D4_ovt-08_pos-IV_tube-F_mute-straightMetal.wav
1208,25,basstrb_tube-F_mute-straightMetal,basstrb044_Es4_ovt-07_pos-I_tube-F_mute-straightMetal.wav,basstrb_tube-F_mute-straightMetal/basstrb044_Es4_ovt-07_pos-I_tube-F_mute-straightMetal.wav,./wav/basstrb_tube-F_mute-straightMetal/basstrb044_Es4_ovt-07_pos-I_tube-F_mute-straightMetal.wav
1209,25,basstrb_tube-F_mute-straightMetal,basstrb045_Es4_ovt-08_pos-III_tube-F_mute-straightMetal.wav,basstrb_tube-F_mute-straightMetal/basstrb045_Es4_ovt-08_pos-III_tube-F_mute-straightMetal.wav,./wav/basstrb_tube-F_mute-straightMetal/basstrb045_Es4_ovt-08_pos-III_tube-F_mute-straightMetal.wav
1210,25,basstrb_tube-F_mute-straightMetal,basstrb046_E4_ovt-08_pos-II_tube-F_mute-straightMetal.wav,basstrb_tube-F_mute-straightMetal/basstrb046_E4_ovt-08_pos-II_tube-F_mute-straightMetal.wav,./wav/basstrb_tube-F_mute-straightMetal/basstrb046_E4_ovt-08_pos-II_tube-F_mute-straightMetal.wav
1211,25,basstrb_tube-F_mute-straightMetal,basstrb047_F4_ovt-08_pos-I_tube-F_mute-straightMetal.wav,basstrb_tube-F_mute-straightMetal/basstrb047_F4_ovt-08_pos-I_tube-F_mute-straightMetal.wav,./wav/basstrb_tube-F_mute-straightMetal/basstrb047_F4_ovt-08_pos-I_tube-F_mute-straightMetal.wav
1212,26,basstrb_tube-F_mute-bucket,basstrb000_C1_ovt-01_pos-VI_tube-F_mute-bucket.wav,basstrb_tube-F_mute-bucket/basstrb000_C1_ovt-01_pos-VI_tube-F_mute-bucket.wav,./wav/basstrb_tube-F_mute-bucket/basstrb000_C1_ovt-01_pos-VI_tube-F_mute-bucket.wav
1213,26,basstrb_tube-F_mute-bucket,basstrb001_Des1_ovt-01_pos-V_tube-F_mute-bucket.wav,basstrb_tube-F_mute-bucket/basstrb001_Des1_ovt-01_pos-V_tube-F_mute-bucket.wav,./wav/basstrb_tube-F_mute-bucket/basstrb001_Des1_ovt-01_pos-V_tube-F_mute-bucket.wav
1214,26,basstrb_tube-F_mute-bucket,basstrb002_D1_ovt-01_pos-IV_tube-F_mute-bucket.wav,basstrb_tube-F_mute-bucket/basstrb002_D1_ovt-01_pos-IV_tube-F_mute-bucket.wav,./wav/basstrb_tube-F_mute-bucket/basstrb002_D1_ovt-01_pos-IV_tube-F_mute-bucket.wav
1215,26,basstrb_tube-F_mute-bucket,basstrb003_Es1_ovt-01_pos-III_tube-F_mute-bucket.wav,basstrb_tube-F_mute-bucket/basstrb003_Es1_ovt-01_pos-III_tube-F_mute-bucket.wav,./wav/basstrb_tube-F_mute-bucket/basstrb003_Es1_ovt-01_pos-III_tube-F_mute-bucket.wav
1216,26,basstrb_tube-F_mute-bucket,basstrb004_E1_ovt-01_pos-II_tube-F_mute-bucket.wav,basstrb_tube-F_mute-bucket/basstrb004_E1_ovt-01_pos-II_tube-F_mute-bucket.wav,./wav/basstrb_tube-F_mute-bucket/basstrb004_E1_ovt-01_pos-II_tube-F_mute-bucket.wav
1217,26,basstrb_tube-F_mute-bucket,basstrb005_F1_ovt-01_pos-I_tube-F_mute-bucket.wav,basstrb_tube-F_mute-bucket/basstrb005_F1_ovt-01_pos-I_tube-F_mute-bucket.wav,./wav/basstrb_tube-F_mute-bucket/basstrb005_F1_ovt-01_pos-I_tube-F_mute-bucket.wav
1218,26,basstrb_tube-F_mute-bucket,basstrb006_C2_ovt-02_pos-VI_tube-F_mute-bucket.wav,basstrb_tube-F_mute-bucket/basstrb006_C2_ovt-02_pos-VI_tube-F_mute-bucket.wav,./wav/basstrb_tube-F_mute-bucket/basstrb006_C2_ovt-02_pos-VI_tube-F_mute-bucket.wav
1219,26,basstrb_tube-F_mute-bucket,basstrb007_Des2_ovt-02_pos-V_tube-F_mute-bucket.wav,basstrb_tube-F_mute-bucket/basstrb007_Des2_ovt-02_pos-V_tube-F_mute-bucket.wav,./wav/basstrb_tube-F_mute-bucket/basstrb007_Des2_ovt-02_pos-V_tube-F_mute-bucket.wav
1220,26,basstrb_tube-F_mute-bucket,basstrb008_D2_ovt-02_pos-IV_tube-F_mute-bucket.wav,basstrb_tube-F_mute-bucket/basstrb008_D2_ovt-02_pos-IV_tube-F_mute-bucket.wav,./wav/basstrb_tube-F_mute-bucket/basstrb008_D2_ovt-02_pos-IV_tube-F_mute-bucket.wav
1221,26,basstrb_tube-F_mute-bucket,basstrb009_Es2_ovt-02_pos-III_tube-F_mute-bucket.wav,basstrb_tube-F_mute-bucket/basstrb009_Es2_ovt-02_pos-III_tube-F_mute-bucket.wav,./wav/basstrb_tube-F_mute-bucket/basstrb009_Es2_ovt-02_pos-III_tube-F_mute-bucket.wav
1222,26,basstrb_tube-F_mute-bucket,basstrb010_E2_ovt-02_pos-II_tube-F_mute-bucket.wav,basstrb_tube-F_mute-bucket/basstrb010_E2_ovt-02_pos-II_tube-F_mute-bucket.wav,./wav/basstrb_tube-F_mute-bucket/basstrb010_E2_ovt-02_pos-II_tube-F_mute-bucket.wav
1223,26,basstrb_tube-F_mute-bucket,basstrb011_F2_ovt-02_pos-I_tube-F_mute-bucket.wav,basstrb_tube-F_mute-bucket/basstrb011_F2_ovt-02_pos-I_tube-F_mute-bucket.wav,./wav/basstrb_tube-F_mute-bucket/basstrb011_F2_ovt-02_pos-I_tube-F_mute-bucket.wav
1224,26,basstrb_tube-F_mute-bucket,basstrb012_G2_ovt-03_pos-VI_tube-F_mute-bucket.wav,basstrb_tube-F_mute-bucket/basstrb012_G2_ovt-03_pos-VI_tube-F_mute-bucket.wav,./wav/basstrb_tube-F_mute-bucket/basstrb012_G2_ovt-03_pos-VI_tube-F_mute-bucket.wav
1225,26,basstrb_tube-F_mute-bucket,basstrb013_As2_ovt-03_pos-V_tube-F_mute-bucket.wav,basstrb_tube-F_mute-bucket/basstrb013_As2_ovt-03_pos-V_tube-F_mute-bucket.wav,./wav/basstrb_tube-F_mute-bucket/basstrb013_As2_ovt-03_pos-V_tube-F_mute-bucket.wav
1226,26,basstrb_tube-F_mute-bucket,basstrb014_A2_ovt-03_pos-IV_tube-F_mute-bucket.wav,basstrb_tube-F_mute-bucket/basstrb014_A2_ovt-03_pos-IV_tube-F_mute-bucket.wav,./wav/basstrb_tube-F_mute-bucket/basstrb014_A2_ovt-03_pos-IV_tube-F_mute-bucket.wav
1227,26,basstrb_tube-F_mute-bucket,basstrb015_B2_ovt-03_pos-III_tube-F_mute-bucket.wav,basstrb_tube-F_mute-bucket/basstrb015_B2_ovt-03_pos-III_tube-F_mute-bucket.wav,./wav/basstrb_tube-F_mute-bucket/basstrb015_B2_ovt-03_pos-III_tube-F_mute-bucket.wav
1228,26,basstrb_tube-F_mute-bucket,basstrb016_H2_ovt-03_pos-II_tube-F_mute-bucket.wav,basstrb_tube-F_mute-bucket/basstrb016_H2_ovt-03_pos-II_tube-F_mute-bucket.wav,./wav/basstrb_tube-F_mute-bucket/basstrb016_H2_ovt-03_pos-II_tube-F_mute-bucket.wav
1229,26,basstrb_tube-F_mute-bucket,basstrb017_C3_ovt-03_pos-I_tube-F_mute-bucket.wav,basstrb_tube-F_mute-bucket/basstrb017_C3_ovt-03_pos-I_tube-F_mute-bucket.wav,./wav/basstrb_tube-F_mute-bucket/basstrb017_C3_ovt-03_pos-I_tube-F_mute-bucket.wav
1230,26,basstrb_tube-F_mute-bucket,basstrb018_C3_ovt-04_pos-VI_tube-F_mute-bucket.wav,basstrb_tube-F_mute-bucket/basstrb018_C3_ovt-04_pos-VI_tube-F_mute-bucket.wav,./wav/basstrb_tube-F_mute-bucket/basstrb018_C3_ovt-04_pos-VI_tube-F_mute-bucket.wav
1231,26,basstrb_tube-F_mute-bucket,basstrb019_Des3_ovt-04_pos-V_tube-F_mute-bucket.wav,basstrb_tube-F_mute-bucket/basstrb019_Des3_ovt-04_pos-V_tube-F_mute-bucket.wav,./wav/basstrb_tube-F_mute-bucket/basstrb019_Des3_ovt-04_pos-V_tube-F_mute-bucket.wav
1232,26,basstrb_tube-F_mute-bucket,basstrb020_D3_ovt-04_pos-IV_tube-F_mute-bucket.wav,basstrb_tube-F_mute-bucket/basstrb020_D3_ovt-04_pos-IV_tube-F_mute-bucket.wav,./wav/basstrb_tube-F_mute-bucket/basstrb020_D3_ovt-04_pos-IV_tube-F_mute-bucket.wav
1233,26,basstrb_tube-F_mute-bucket,basstrb021_Es3_ovt-04_pos-III_tube-F_mute-bucket.wav,basstrb_tube-F_mute-bucket/basstrb021_Es3_ovt-04_pos-III_tube-F_mute-bucket.wav,./wav/basstrb_tube-F_mute-bucket/basstrb021_Es3_ovt-04_pos-III_tube-F_mute-bucket.wav
1234,26,basstrb_tube-F_mute-bucket,basstrb022_E3_ovt-04_pos-II_tube-F_mute-bucket.wav,basstrb_tube-F_mute-bucket/basstrb022_E3_ovt-04_pos-II_tube-F_mute-bucket.wav,./wav/basstrb_tube-F_mute-bucket/basstrb022_E3_ovt-04_pos-II_tube-F_mute-bucket.wav
1235,26,basstrb_tube-F_mute-bucket,basstrb023_E3_ovt-05_pos-VI_tube-F_mute-bucket.wav,basstrb_tube-F_mute-bucket/basstrb023_E3_ovt-05_pos-VI_tube-F_mute-bucket.wav,./wav/basstrb_tube-F_mute-bucket/basstrb023_E3_ovt-05_pos-VI_tube-F_mute-bucket.wav
1236,26,basstrb_tube-F_mute-bucket,basstrb024_F3_ovt-04_pos-I_tube-F_mute-bucket.wav,basstrb_tube-F_mute-bucket/basstrb024_F3_ovt-04_pos-I_tube-F_mute-bucket.wav,./wav/basstrb_tube-F_mute-bucket/basstrb024_F3_ovt-04_pos-I_tube-F_mute-bucket.wav
1237,26,basstrb_tube-F_mute-bucket,basstrb025_F3_ovt-05_pos-V_tube-F_mute-bucket.wav,basstrb_tube-F_mute-bucket/basstrb025_F3_ovt-05_pos-V_tube-F_mute-bucket.wav,./wav/basstrb_tube-F_mute-bucket/basstrb025_F3_ovt-05_pos-V_tube-F_mute-bucket.wav
1238,26,basstrb_tube-F_mute-bucket,basstrb026_Fis3_ovt-05_pos-IV_tube-F_mute-bucket.wav,basstrb_tube-F_mute-bucket/basstrb026_Fis3_ovt-05_pos-IV_tube-F_mute-bucket.wav,./wav/basstrb_tube-F_mute-bucket/basstrb026_Fis3_ovt-05_pos-IV_tube-F_mute-bucket.wav
1239,26,basstrb_tube-F_mute-bucket,basstrb027_G3_ovt-05_pos-III_tube-F_mute-bucket.wav,basstrb_tube-F_mute-bucket/basstrb027_G3_ovt-05_pos-III_tube-F_mute-bucket.wav,./wav/basstrb_tube-F_mute-bucket/basstrb027_G3_ovt-05_pos-III_tube-F_mute-bucket.wav
1240,26,basstrb_tube-F_mute-bucket,basstrb028_G3_ovt-06_pos-VI_tube-F_mute-bucket.wav,basstrb_tube-F_mute-bucket/basstrb028_G3_ovt-06_pos-VI_tube-F_mute-bucket.wav,./wav/basstrb_tube-F_mute-bucket/basstrb028_G3_ovt-06_pos-VI_tube-F_mute-bucket.wav
1241,26,basstrb_tube-F_mute-bucket,basstrb029_As3_ovt-06_pos-V_tube-F_mute-bucket.wav,basstrb_tube-F_mute-bucket/basstrb029_As3_ovt-06_pos-V_tube-F_mute-bucket.wav,./wav/basstrb_tube-F_mute-bucket/basstrb029_As3_ovt-06_pos-V_tube-F_mute-bucket.wav
1242,26,basstrb_tube-F_mute-bucket,basstrb030_Gis3_ovt-05_pos-II_tube-F_mute-bucket.wav,basstrb_tube-F_mute-bucket/basstrb030_Gis3_ovt-05_pos-II_tube-F_mute-bucket.wav,./wav/basstrb_tube-F_mute-bucket/basstrb030_Gis3_ovt-05_pos-II_tube-F_mute-bucket.wav
1243,26,basstrb_tube-F_mute-bucket,basstrb031_A3_ovt-05_pos-I_tube-F_mute-bucket.wav,basstrb_tube-F_mute-bucket/basstrb031_A3_ovt-05_pos-I_tube-F_mute-bucket.wav,./wav/basstrb_tube-F_mute-bucket/basstrb031_A3_ovt-05_pos-I_tube-F_mute-bucket.wav
1244,26,basstrb_tube-F_mute-bucket,basstrb032_A3_ovt-06_pos-IV_tube-F_mute-bucket.wav,basstrb_tube-F_mute-bucket/basstrb032_A3_ovt-06_pos-IV_tube-F_mute-bucket.wav,./wav/basstrb_tube-F_mute-bucket/basstrb032_A3_ovt-06_pos-IV_tube-F_mute-bucket.wav
1245,26,basstrb_tube-F_mute-bucket,basstrb033_B3_ovt-06_pos-III_tube-F_mute-bucket.wav,basstrb_tube-F_mute-bucket/basstrb033_B3_ovt-06_pos-III_tube-F_mute-bucket.wav,./wav/basstrb_tube-F_mute-bucket/basstrb033_B3_ovt-06_pos-III_tube-F_mute-bucket.wav
1246,26,basstrb_tube-F_mute-bucket,basstrb034_B3_ovt-07_pos-VI_tube-F_mute-bucket.wav,basstrb_tube-F_mute-bucket/basstrb034_B3_ovt-07_pos-VI_tube-F_mute-bucket.wav,./wav/basstrb_tube-F_mute-bucket/basstrb034_B3_ovt-07_pos-VI_tube-F_mute-bucket.wav
1247,26,basstrb_tube-F_mute-bucket,basstrb035_Ces4_ovt-07_pos-V_tube-F_mute-bucket.wav,basstrb_tube-F_mute-bucket/basstrb035_Ces4_ovt-07_pos-V_tube-F_mute-bucket.wav,./wav/basstrb_tube-F_mute-bucket/basstrb035_Ces4_ovt-07_pos-V_tube-F_mute-bucket.wav
1248,26,basstrb_tube-F_mute-bucket,basstrb036_H3_ovt-06_pos-II_tube-F_mute-bucket.wav,basstrb_tube-F_mute-bucket/basstrb036_H3_ovt-06_pos-II_tube-F_mute-bucket.wav,./wav/basstrb_tube-F_mute-bucket/basstrb036_H3_ovt-06_pos-II_tube-F_mute-bucket.wav
1249,26,basstrb_tube-F_mute-bucket,basstrb037_C4_ovt-06_pos-I_tube-F_mute-bucket.wav,basstrb_tube-F_mute-bucket/basstrb037_C4_ovt-06_pos-I_tube-F_mute-bucket.wav,./wav/basstrb_tube-F_mute-bucket/basstrb037_C4_ovt-06_pos-I_tube-F_mute-bucket.wav
1250,26,basstrb_tube-F_mute-bucket,basstrb038_C4_ovt-07_pos-IV_tube-F_mute-bucket.wav,basstrb_tube-F_mute-bucket/basstrb038_C4_ovt-07_pos-IV_tube-F_mute-bucket.wav,./wav/basstrb_tube-F_mute-bucket/basstrb038_C4_ovt-07_pos-IV_tube-F_mute-bucket.wav
1251,26,basstrb_tube-F_mute-bucket,basstrb039_C4_ovt-08_pos-VI_tube-F_mute-bucket.wav,basstrb_tube-F_mute-bucket/basstrb039_C4_ovt-08_pos-VI_tube-F_mute-bucket.wav,./wav/basstrb_tube-F_mute-bucket/basstrb039_C4_ovt-08_pos-VI_tube-F_mute-bucket.wav
1252,26,basstrb_tube-F_mute-bucket,basstrb040_Des4_ovt-07_pos-III_tube-F_mute-bucket.wav,basstrb_tube-F_mute-bucket/basstrb040_Des4_ovt-07_pos-III_tube-F_mute-bucket.wav,./wav/basstrb_tube-F_mute-bucket/basstrb040_Des4_ovt-07_pos-III_tube-F_mute-bucket.wav
1253,26,basstrb_tube-F_mute-bucket,basstrb041_Des4_ovt-08_pos-V_tube-F_mute-bucket.wav,basstrb_tube-F_mute-bucket/basstrb041_Des4_ovt-08_pos-V_tube-F_mute-bucket.wav,./wav/basstrb_tube-F_mute-bucket/basstrb041_Des4_ovt-08_pos-V_tube-F_mute-bucket.wav
1254,26,basstrb_tube-F_mute-bucket,basstrb042_D4_ovt-07_pos-II_tube-F_mute-bucket.wav,basstrb_tube-F_mute-bucket/basstrb042_D4_ovt-07_pos-II_tube-F_mute-bucket.wav,./wav/basstrb_tube-F_mute-bucket/basstrb042_D4_ovt-07_pos-II_tube-F_mute-bucket.wav
1255,26,basstrb_tube-F_mute-bucket,basstrb043_D4_ovt-08_pos-IV_tube-F_mute-bucket.wav,basstrb_tube-F_mute-bucket/basstrb043_D4_ovt-08_pos-IV_tube-F_mute-bucket.wav,./wav/basstrb_tube-F_mute-bucket/basstrb043_D4_ovt-08_pos-IV_tube-F_mute-bucket.wav
1256,26,basstrb_tube-F_mute-bucket,basstrb044_Es4_ovt-07_pos-I_tube-F_mute-bucket.wav,basstrb_tube-F_mute-bucket/basstrb044_Es4_ovt-07_pos-I_tube-F_mute-bucket.wav,./wav/basstrb_tube-F_mute-bucket/basstrb044_Es4_ovt-07_pos-I_tube-F_mute-bucket.wav
1257,26,basstrb_tube-F_mute-bucket,basstrb045_Es4_ovt-08_pos-III_tube-F_mute-bucket.wav,basstrb_tube-F_mute-bucket/basstrb045_Es4_ovt-08_pos-III_tube-F_mute-bucket.wav,./wav/basstrb_tube-F_mute-bucket/basstrb045_Es4_ovt-08_pos-III_tube-F_mute-bucket.wav
1258,26,basstrb_tube-F_mute-bucket,basstrb046_E4_ovt-08_pos-II_tube-F_mute-bucket.wav,basstrb_tube-F_mute-bucket/basstrb046_E4_ovt-08_pos-II_tube-F_mute-bucket.wav,./wav/basstrb_tube-F_mute-bucket/basstrb046_E4_ovt-08_pos-II_tube-F_mute-bucket.wav
1259,26,basstrb_tube-F_mute-bucket,basstrb047_F4_ovt-08_pos-I_tube-F_mute-bucket.wav,basstrb_tube-F_mute-bucket/basstrb047_F4_ovt-08_pos-I_tube-F_mute-bucket.wav,./wav/basstrb_tube-F_mute-bucket/basstrb047_F4_ovt-08_pos-I_tube-F_mute-bucket.wav
1260,27,basstrb_tube-Ges,basstrb000_Des1_ovt-01_pos-VI_tube-Ges.wav,basstrb_tube-Ges/basstrb000_Des1_ovt-01_pos-VI_tube-Ges.wav,./wav/basstrb_tube-Ges/basstrb000_Des1_ovt-01_pos-VI_tube-Ges.wav
1261,27,basstrb_tube-Ges,basstrb001_D1_ovt-01_pos-V_tube-Ges.wav,basstrb_tube-Ges/basstrb001_D1_ovt-01_pos-V_tube-Ges.wav,./wav/basstrb_tube-Ges/basstrb001_D1_ovt-01_pos-V_tube-Ges.wav
1262,27,basstrb_tube-Ges,basstrb002_Es1_ovt-01_pos-IV_tube-Ges.wav,basstrb_tube-Ges/basstrb002_Es1_ovt-01_pos-IV_tube-Ges.wav,./wav/basstrb_tube-Ges/basstrb002_Es1_ovt-01_pos-IV_tube-Ges.wav
1263,27,basstrb_tube-Ges,basstrb003_E1_ovt-01_pos-III_tube-Ges.wav,basstrb_tube-Ges/basstrb003_E1_ovt-01_pos-III_tube-Ges.wav,./wav/basstrb_tube-Ges/basstrb003_E1_ovt-01_pos-III_tube-Ges.wav
1264,27,basstrb_tube-Ges,basstrb004_F1_ovt-01_pos-II_tube-Ges.wav,basstrb_tube-Ges/basstrb004_F1_ovt-01_pos-II_tube-Ges.wav,./wav/basstrb_tube-Ges/basstrb004_F1_ovt-01_pos-II_tube-Ges.wav
1265,27,basstrb_tube-Ges,basstrb005_Ges1_ovt-01_pos-I_tube-Ges.wav,basstrb_tube-Ges/basstrb005_Ges1_ovt-01_pos-I_tube-Ges.wav,./wav/basstrb_tube-Ges/basstrb005_Ges1_ovt-01_pos-I_tube-Ges.wav
1266,27,basstrb_tube-Ges,basstrb006_Des2_ovt-02_pos-VI_tube-Ges.wav,basstrb_tube-Ges/basstrb006_Des2_ovt-02_pos-VI_tube-Ges.wav,./wav/basstrb_tube-Ges/basstrb006_Des2_ovt-02_pos-VI_tube-Ges.wav
1267,27,basstrb_tube-Ges,basstrb007_D2_ovt-02_pos-V_tube-Ges.wav,basstrb_tube-Ges/basstrb007_D2_ovt-02_pos-V_tube-Ges.wav,./wav/basstrb_tube-Ges/basstrb007_D2_ovt-02_pos-V_tube-Ges.wav
1268,27,basstrb_tube-Ges,basstrb008_Es2_ovt-02_pos-IV_tube-Ges.wav,basstrb_tube-Ges/basstrb008_Es2_ovt-02_pos-IV_tube-Ges.wav,./wav/basstrb_tube-Ges/basstrb008_Es2_ovt-02_pos-IV_tube-Ges.wav
1269,27,basstrb_tube-Ges,basstrb009_E2_ovt-02_pos-III_tube-Ges.wav,basstrb_tube-Ges/basstrb009_E2_ovt-02_pos-III_tube-Ges.wav,./wav/basstrb_tube-Ges/basstrb009_E2_ovt-02_pos-III_tube-Ges.wav
1270,27,basstrb_tube-Ges,basstrb010_F2_ovt-02_pos-II_tube-Ges.wav,basstrb_tube-Ges/basstrb010_F2_ovt-02_pos-II_tube-Ges.wav,./wav/basstrb_tube-Ges/basstrb010_F2_ovt-02_pos-II_tube-Ges.wav
1271,27,basstrb_tube-Ges,basstrb011_Ges2_ovt-02_pos-I_tube-Ges.wav,basstrb_tube-Ges/basstrb011_Ges2_ovt-02_pos-I_tube-Ges.wav,./wav/basstrb_tube-Ges/basstrb011_Ges2_ovt-02_pos-I_tube-Ges.wav
1272,27,basstrb_tube-Ges,basstrb012_As2_ovt-03_pos-VI_tube-Ges.wav,basstrb_tube-Ges/basstrb012_As2_ovt-03_pos-VI_tube-Ges.wav,./wav/basstrb_tube-Ges/basstrb012_As2_ovt-03_pos-VI_tube-Ges.wav
1273,27,basstrb_tube-Ges,basstrb013_A2_ovt-03_pos-V_tube-Ges.wav,basstrb_tube-Ges/basstrb013_A2_ovt-03_pos-V_tube-Ges.wav,./wav/basstrb_tube-Ges/basstrb013_A2_ovt-03_pos-V_tube-Ges.wav
1274,27,basstrb_tube-Ges,basstrb014_B2_ovt-03_pos-IV_tube-Ges.wav,basstrb_tube-Ges/basstrb014_B2_ovt-03_pos-IV_tube-Ges.wav,./wav/basstrb_tube-Ges/basstrb014_B2_ovt-03_pos-IV_tube-Ges.wav
1275,27,basstrb_tube-Ges,basstrb015_H2_ovt-03_pos-III_tube-Ges.wav,basstrb_tube-Ges/basstrb015_H2_ovt-03_pos-III_tube-Ges.wav,./wav/basstrb_tube-Ges/basstrb015_H2_ovt-03_pos-III_tube-Ges.wav
1276,27,basstrb_tube-Ges,basstrb016_C3_ovt-03_pos-II_tube-Ges.wav,basstrb_tube-Ges/basstrb016_C3_ovt-03_pos-II_tube-Ges.wav,./wav/basstrb_tube-Ges/basstrb016_C3_ovt-03_pos-II_tube-Ges.wav
1277,27,basstrb_tube-Ges,basstrb017_Des3_ovt-03_pos-I_tube-Ges.wav,basstrb_tube-Ges/basstrb017_Des3_ovt-03_pos-I_tube-Ges.wav,./wav/basstrb_tube-Ges/basstrb017_Des3_ovt-03_pos-I_tube-Ges.wav
1278,27,basstrb_tube-Ges,basstrb018_Des3_ovt-04_pos-VI_tube-Ges.wav,basstrb_tube-Ges/basstrb018_Des3_ovt-04_pos-VI_tube-Ges.wav,./wav/basstrb_tube-Ges/basstrb018_Des3_ovt-04_pos-VI_tube-Ges.wav
1279,27,basstrb_tube-Ges,basstrb019_D3_ovt-04_pos-V_tube-Ges.wav,basstrb_tube-Ges/basstrb019_D3_ovt-04_pos-V_tube-Ges.wav,./wav/basstrb_tube-Ges/basstrb019_D3_ovt-04_pos-V_tube-Ges.wav
1280,27,basstrb_tube-Ges,basstrb020_Es3_ovt-04_pos-IV_tube-Ges.wav,basstrb_tube-Ges/basstrb020_Es3_ovt-04_pos-IV_tube-Ges.wav,./wav/basstrb_tube-Ges/basstrb020_Es3_ovt-04_pos-IV_tube-Ges.wav
1281,27,basstrb_tube-Ges,basstrb021_E3_ovt-04_pos-III_tube-Ges.wav,basstrb_tube-Ges/basstrb021_E3_ovt-04_pos-III_tube-Ges.wav,./wav/basstrb_tube-Ges/basstrb021_E3_ovt-04_pos-III_tube-Ges.wav
1282,27,basstrb_tube-Ges,basstrb022_F3_ovt-04_pos-II_tube-Ges.wav,basstrb_tube-Ges/basstrb022_F3_ovt-04_pos-II_tube-Ges.wav,./wav/basstrb_tube-Ges/basstrb022_F3_ovt-04_pos-II_tube-Ges.wav
1283,27,basstrb_tube-Ges,basstrb023_F3_ovt-05_pos-VI_tube-Ges.wav,basstrb_tube-Ges/basstrb023_F3_ovt-05_pos-VI_tube-Ges.wav,./wav/basstrb_tube-Ges/basstrb023_F3_ovt-05_pos-VI_tube-Ges.wav
1284,27,basstrb_tube-Ges,basstrb024_Fis3_ovt-05_pos-V_tube-Ges.wav,basstrb_tube-Ges/basstrb024_Fis3_ovt-05_pos-V_tube-Ges.wav,./wav/basstrb_tube-Ges/basstrb024_Fis3_ovt-05_pos-V_tube-Ges.wav
1285,27,basstrb_tube-Ges,basstrb025_Ges3_ovt-04_pos-I_tube-Ges.wav,basstrb_tube-Ges/basstrb025_Ges3_ovt-04_pos-I_tube-Ges.wav,./wav/basstrb_tube-Ges/basstrb025_Ges3_ovt-04_pos-I_tube-Ges.wav
1286,27,basstrb_tube-Ges,basstrb026_G3_ovt-05_pos-IV_tube-Ges.wav,basstrb_tube-Ges/basstrb026_G3_ovt-05_pos-IV_tube-Ges.wav,./wav/basstrb_tube-Ges/basstrb026_G3_ovt-05_pos-IV_tube-Ges.wav
1287,27,basstrb_tube-Ges,basstrb027_As3_ovt-06_pos-VI_tube-Ges.wav,basstrb_tube-Ges/basstrb027_As3_ovt-06_pos-VI_tube-Ges.wav,./wav/basstrb_tube-Ges/basstrb027_As3_ovt-06_pos-VI_tube-Ges.wav
1288,27,basstrb_tube-Ges,basstrb028_Gis3_ovt-05_pos-III_tube-Ges.wav,basstrb_tube-Ges/basstrb028_Gis3_ovt-05_pos-III_tube-Ges.wav,./wav/basstrb_tube-Ges/basstrb028_Gis3_ovt-05_pos-III_tube-Ges.wav
1289,27,basstrb_tube-Ges,basstrb029_A3_ovt-05_pos-II_tube-Ges.wav,basstrb_tube-Ges/basstrb029_A3_ovt-05_pos-II_tube-Ges.wav,./wav/basstrb_tube-Ges/basstrb029_A3_ovt-05_pos-II_tube-Ges.wav
1290,27,basstrb_tube-Ges,basstrb030_A3_ovt-06_pos-V_tube-Ges.wav,basstrb_tube-Ges/basstrb030_A3_ovt-06_pos-V_tube-Ges.wav,./wav/basstrb_tube-Ges/basstrb030_A3_ovt-06_pos-V_tube-Ges.wav
1291,27,basstrb_tube-Ges,basstrb031_B3_ovt-05_pos-I_tube-Ges.wav,basstrb_tube-Ges/basstrb031_B3_ovt-05_pos-I_tube-Ges.wav,./wav/basstrb_tube-Ges/basstrb031_B3_ovt-05_pos-I_tube-Ges.wav
1292,27,basstrb_tube-Ges,basstrb032_B3_ovt-06_pos-IV_tube-Ges.wav,basstrb_tube-Ges/basstrb032_B3_ovt-06_pos-IV_tube-Ges.wav,./wav/basstrb_tube-Ges/basstrb032_B3_ovt-06_pos-IV_tube-Ges.wav
1293,27,basstrb_tube-Ges,basstrb033_Ces4_ovt-07_pos-VI_tube-Ges.wav,basstrb_tube-Ges/basstrb033_Ces4_ovt-07_pos-VI_tube-Ges.wav,./wav/basstrb_tube-Ges/basstrb033_Ces4_ovt-07_pos-VI_tube-Ges.wav
1294,27,basstrb_tube-Ges,basstrb034_H3_ovt-06_pos-III_tube-Ges.wav,basstrb_tube-Ges/basstrb034_H3_ovt-06_pos-III_tube-Ges.wav,./wav/basstrb_tube-Ges/basstrb034_H3_ovt-06_pos-III_tube-Ges.wav
1295,27,basstrb_tube-Ges,basstrb035_C4_ovt-06_pos-II_tube-Ges.wav,basstrb_tube-Ges/basstrb035_C4_ovt-06_pos-II_tube-Ges.wav,./wav/basstrb_tube-Ges/basstrb035_C4_ovt-06_pos-II_tube-Ges.wav
1296,27,basstrb_tube-Ges,basstrb036_C4_ovt-07_pos-V_tube-Ges.wav,basstrb_tube-Ges/basstrb036_C4_ovt-07_pos-V_tube-Ges.wav,./wav/basstrb_tube-Ges/basstrb036_C4_ovt-07_pos-V_tube-Ges.wav
1297,27,basstrb_tube-Ges,basstrb037_Des4_ovt-06_pos-I_tube-Ges.wav,basstrb_tube-Ges/basstrb037_Des4_ovt-06_pos-I_tube-Ges.wav,./wav/basstrb_tube-Ges/basstrb037_Des4_ovt-06_pos-I_tube-Ges.wav
1298,27,basstrb_tube-Ges,basstrb038_Des4_ovt-07_pos-IV_tube-Ges.wav,basstrb_tube-Ges/basstrb038_Des4_ovt-07_pos-IV_tube-Ges.wav,./wav/basstrb_tube-Ges/basstrb038_Des4_ovt-07_pos-IV_tube-Ges.wav
1299,27,basstrb_tube-Ges,basstrb039_Des4_ovt-08_pos-VI_tube-Ges.wav,basstrb_tube-Ges/basstrb039_Des4_ovt-08_pos-VI_tube-Ges.wav,./wav/basstrb_tube-Ges/basstrb039_Des4_ovt-08_pos-VI_tube-Ges.wav
1300,27,basstrb_tube-Ges,basstrb040_D4_ovt-07_pos-III_tube-Ges.wav,basstrb_tube-Ges/basstrb040_D4_ovt-07_pos-III_tube-Ges.wav,./wav/basstrb_tube-Ges/basstrb040_D4_ovt-07_pos-III_tube-Ges.wav
1301,27,basstrb_tube-Ges,basstrb041_D4_ovt-08_pos-V_tube-Ges.wav,basstrb_tube-Ges/basstrb041_D4_ovt-08_pos-V_tube-Ges.wav,./wav/basstrb_tube-Ges/basstrb041_D4_ovt-08_pos-V_tube-Ges.wav
1302,27,basstrb_tube-Ges,basstrb042_Es4_ovt-07_pos-II_tube-Ges.wav,basstrb_tube-Ges/basstrb042_Es4_ovt-07_pos-II_tube-Ges.wav,./wav/basstrb_tube-Ges/basstrb042_Es4_ovt-07_pos-II_tube-Ges.wav
1303,27,basstrb_tube-Ges,basstrb043_Es4_ovt-08_pos-IV_tube-Ges.wav,basstrb_tube-Ges/basstrb043_Es4_ovt-08_pos-IV_tube-Ges.wav,./wav/basstrb_tube-Ges/basstrb043_Es4_ovt-08_pos-IV_tube-Ges.wav
1304,27,basstrb_tube-Ges,basstrb044_E4_ovt-08_pos-III_tube-Ges.wav,basstrb_tube-Ges/basstrb044_E4_ovt-08_pos-III_tube-Ges.wav,./wav/basstrb_tube-Ges/basstrb044_E4_ovt-08_pos-III_tube-Ges.wav
1305,27,basstrb_tube-Ges,basstrb045_Fes4_ovt-07_pos-I_tube-Ges.wav,basstrb_tube-Ges/basstrb045_Fes4_ovt-07_pos-I_tube-Ges.wav,./wav/basstrb_tube-Ges/basstrb045_Fes4_ovt-07_pos-I_tube-Ges.wav
1306,27,basstrb_tube-Ges,basstrb046_F4_ovt-08_pos-II_tube-Ges.wav,basstrb_tube-Ges/basstrb046_F4_ovt-08_pos-II_tube-Ges.wav,./wav/basstrb_tube-Ges/basstrb046_F4_ovt-08_pos-II_tube-Ges.wav
1307,27,basstrb_tube-Ges,basstrb047_Ges4_ovt-08_pos-I_tube-Ges.wav,basstrb_tube-Ges/basstrb047_Ges4_ovt-08_pos-I_tube-Ges.wav,./wav/basstrb_tube-Ges/basstrb047_Ges4_ovt-08_pos-I_tube-Ges.wav
1308,28,basstrb_tube-D,basstrb000_H0_ovt-01_pos-IV_tube-D.wav,basstrb_tube-D/basstrb000_H0_ovt-01_pos-IV_tube-D.wav,./wav/basstrb_tube-D/basstrb000_H0_ovt-01_pos-IV_tube-D.wav
1309,28,basstrb_tube-D,basstrb001_C1_ovt-01_pos-III_tube-D.wav,basstrb_tube-D/basstrb001_C1_ovt-01_pos-III_tube-D.wav,./wav/basstrb_tube-D/basstrb001_C1_ovt-01_pos-III_tube-D.wav
1310,28,basstrb_tube-D,basstrb002_Des1_ovt-01_pos-II_tube-D.wav,basstrb_tube-D/basstrb002_Des1_ovt-01_pos-II_tube-D.wav,./wav/basstrb_tube-D/basstrb002_Des1_ovt-01_pos-II_tube-D.wav
1311,28,basstrb_tube-D,basstrb003_D1_ovt-01_pos-I_tube-D.wav,basstrb_tube-D/basstrb003_D1_ovt-01_pos-I_tube-D.wav,./wav/basstrb_tube-D/basstrb003_D1_ovt-01_pos-I_tube-D.wav
1312,28,basstrb_tube-D,basstrb004_B1_ovt-02_pos-V_tube-D.wav,basstrb_tube-D/basstrb004_B1_ovt-02_pos-V_tube-D.wav,./wav/basstrb_tube-D/basstrb004_B1_ovt-02_pos-V_tube-D.wav
1313,28,basstrb_tube-D,basstrb005_H1_ovt-02_pos-IV_tube-D.wav,basstrb_tube-D/basstrb005_H1_ovt-02_pos-IV_tube-D.wav,./wav/basstrb_tube-D/basstrb005_H1_ovt-02_pos-IV_tube-D.wav
1314,28,basstrb_tube-D,basstrb006_C2_ovt-02_pos-III_tube-D.wav,basstrb_tube-D/basstrb006_C2_ovt-02_pos-III_tube-D.wav,./wav/basstrb_tube-D/basstrb006_C2_ovt-02_pos-III_tube-D.wav
1315,28,basstrb_tube-D,basstrb007_Des2_ovt-02_pos-II_tube-D.wav,basstrb_tube-D/basstrb007_Des2_ovt-02_pos-II_tube-D.wav,./wav/basstrb_tube-D/basstrb007_Des2_ovt-02_pos-II_tube-D.wav
1316,28,basstrb_tube-D,basstrb008_D2_ovt-02_pos-I_tube-D.wav,basstrb_tube-D/basstrb008_D2_ovt-02_pos-I_tube-D.wav,./wav/basstrb_tube-D/basstrb008_D2_ovt-02_pos-I_tube-D.wav
1317,28,basstrb_tube-D,basstrb009_F2_ovt-03_pos-V_tube-D.wav,basstrb_tube-D/basstrb009_F2_ovt-03_pos-V_tube-D.wav,./wav/basstrb_tube-D/basstrb009_F2_ovt-03_pos-V_tube-D.wav
1318,28,basstrb_tube-D,basstrb010_Fis2_ovt-03_pos-IV_tube-D.wav,basstrb_tube-D/basstrb010_Fis2_ovt-03_pos-IV_tube-D.wav,./wav/basstrb_tube-D/basstrb010_Fis2_ovt-03_pos-IV_tube-D.wav
1319,28,basstrb_tube-D,basstrb011_G2_ovt-03_pos-III_tube-D.wav,basstrb_tube-D/basstrb011_G2_ovt-03_pos-III_tube-D.wav,./wav/basstrb_tube-D/basstrb011_G2_ovt-03_pos-III_tube-D.wav
1320,28,basstrb_tube-D,basstrb012_As2_ovt-03_pos-II_tube-D.wav,basstrb_tube-D/basstrb012_As2_ovt-03_pos-II_tube-D.wav,./wav/basstrb_tube-D/basstrb012_As2_ovt-03_pos-II_tube-D.wav
1321,28,basstrb_tube-D,basstrb013_A2_ovt-03_pos-I_tube-D.wav,basstrb_tube-D/basstrb013_A2_ovt-03_pos-I_tube-D.wav,./wav/basstrb_tube-D/basstrb013_A2_ovt-03_pos-I_tube-D.wav
1322,28,basstrb_tube-D,basstrb014_B2_ovt-04_pos-V_tube-D.wav,basstrb_tube-D/basstrb014_B2_ovt-04_pos-V_tube-D.wav,./wav/basstrb_tube-D/basstrb014_B2_ovt-04_pos-V_tube-D.wav
1323,28,basstrb_tube-D,basstrb015_H2_ovt-04_pos-IV_tube-D.wav,basstrb_tube-D/basstrb015_H2_ovt-04_pos-IV_tube-D.wav,./wav/basstrb_tube-D/basstrb015_H2_ovt-04_pos-IV_tube-D.wav
1324,28,basstrb_tube-D,basstrb016_C3_ovt-04_pos-III_tube-D.wav,basstrb_tube-D/basstrb016_C3_ovt-04_pos-III_tube-D.wav,./wav/basstrb_tube-D/basstrb016_C3_ovt-04_pos-III_tube-D.wav
1325,28,basstrb_tube-D,basstrb017_Des3_ovt-04_pos-II_tube-D.wav,basstrb_tube-D/basstrb017_Des3_ovt-04_pos-II_tube-D.wav,./wav/basstrb_tube-D/basstrb017_Des3_ovt-04_pos-II_tube-D.wav
1326,28,basstrb_tube-D,basstrb018_D3_ovt-04_pos-I_tube-D.wav,basstrb_tube-D/basstrb018_D3_ovt-04_pos-I_tube-D.wav,./wav/basstrb_tube-D/basstrb018_D3_ovt-04_pos-I_tube-D.wav
1327,28,basstrb_tube-D,basstrb019_D3_ovt-05_pos-V_tube-D.wav,basstrb_tube-D/basstrb019_D3_ovt-05_pos-V_tube-D.wav,./wav/basstrb_tube-D/basstrb019_D3_ovt-05_pos-V_tube-D.wav
1328,28,basstrb_tube-D,basstrb020_Dis3_ovt-05_pos-IV_tube-D.wav,basstrb_tube-D/basstrb020_Dis3_ovt-05_pos-IV_tube-D.wav,./wav/basstrb_tube-D/basstrb020_Dis3_ovt-05_pos-IV_tube-D.wav
1329,28,basstrb_tube-D,basstrb021_E3_ovt-05_pos-III_tube-D.wav,basstrb_tube-D/basstrb021_E3_ovt-05_pos-III_tube-D.wav,./wav/basstrb_tube-D/basstrb021_E3_ovt-05_pos-III_tube-D.wav
1330,28,basstrb_tube-D,basstrb022_F3_ovt-05_pos-II_tube-D.wav,basstrb_tube-D/basstrb022_F3_ovt-05_pos-II_tube-D.wav,./wav/basstrb_tube-D/basstrb022_F3_ovt-05_pos-II_tube-D.wav
1331,28,basstrb_tube-D,basstrb023_F3_ovt-06_pos-V_tube-D.wav,basstrb_tube-D/basstrb023_F3_ovt-06_pos-V_tube-D.wav,./wav/basstrb_tube-D/basstrb023_F3_ovt-06_pos-V_tube-D.wav
1332,28,basstrb_tube-D,basstrb024_Fis3_ovt-05_pos-I_tube-D.wav,basstrb_tube-D/basstrb024_Fis3_ovt-05_pos-I_tube-D.wav,./wav/basstrb_tube-D/basstrb024_Fis3_ovt-05_pos-I_tube-D.wav
1333,28,basstrb_tube-D,basstrb025_Fis3_ovt-06_pos-IV_tube-D.wav,basstrb_tube-D/basstrb025_Fis3_ovt-06_pos-IV_tube-D.wav,./wav/basstrb_tube-D/basstrb025_Fis3_ovt-06_pos-IV_tube-D.wav
1334,28,basstrb_tube-D,basstrb026_G3_ovt-06_pos-III_tube-D.wav,basstrb_tube-D/basstrb026_G3_ovt-06_pos-III_tube-D.wav,./wav/basstrb_tube-D/basstrb026_G3_ovt-06_pos-III_tube-D.wav
1335,28,basstrb_tube-D,basstrb027_As3_ovt-06_pos-II_tube-D.wav,basstrb_tube-D/basstrb027_As3_ovt-06_pos-II_tube-D.wav,./wav/basstrb_tube-D/basstrb027_As3_ovt-06_pos-II_tube-D.wav
1336,28,basstrb_tube-D,basstrb028_As3_ovt-07_pos-V_tube-D.wav,basstrb_tube-D/basstrb028_As3_ovt-07_pos-V_tube-D.wav,./wav/basstrb_tube-D/basstrb028_As3_ovt-07_pos-V_tube-D.wav
1337,28,basstrb_tube-D,basstrb029_A3_ovt-06_pos-I_tube-D.wav,basstrb_tube-D/basstrb029_A3_ovt-06_pos-I_tube-D.wav,./wav/basstrb_tube-D/basstrb029_A3_ovt-06_pos-I_tube-D.wav
1338,28,basstrb_tube-D,basstrb030_A3_ovt-07_pos-IV_tube-D.wav,basstrb_tube-D/basstrb030_A3_ovt-07_pos-IV_tube-D.wav,./wav/basstrb_tube-D/basstrb030_A3_ovt-07_pos-IV_tube-D.wav
1339,28,basstrb_tube-D,basstrb031_B3_ovt-07_pos-III_tube-D.wav,basstrb_tube-D/basstrb031_B3_ovt-07_pos-III_tube-D.wav,./wav/basstrb_tube-D/basstrb031_B3_ovt-07_pos-III_tube-D.wav
1340,28,basstrb_tube-D,basstrb032_B3_ovt-08_pos-V_tube-D.wav,basstrb_tube-D/basstrb032_B3_ovt-08_pos-V_tube-D.wav,./wav/basstrb_tube-D/basstrb032_B3_ovt-08_pos-V_tube-D.wav
1341,28,basstrb_tube-D,basstrb033_Ces4_ovt-07_pos-II_tube-D.wav,basstrb_tube-D/basstrb033_Ces4_ovt-07_pos-II_tube-D.wav,./wav/basstrb_tube-D/basstrb033_Ces4_ovt-07_pos-II_tube-D.wav
1342,28,basstrb_tube-D,basstrb034_H3_ovt-08_pos-IV_tube-D.wav,basstrb_tube-D/basstrb034_H3_ovt-08_pos-IV_tube-D.wav,./wav/basstrb_tube-D/basstrb034_H3_ovt-08_pos-IV_tube-D.wav
1343,28,basstrb_tube-D,basstrb035_C4_ovt-07_pos-I_tube-D.wav,basstrb_tube-D/basstrb035_C4_ovt-07_pos-I_tube-D.wav,./wav/basstrb_tube-D/basstrb035_C4_ovt-07_pos-I_tube-D.wav
1344,28,basstrb_tube-D,basstrb036_C4_ovt-08_pos-III_tube-D.wav,basstrb_tube-D/basstrb036_C4_ovt-08_pos-III_tube-D.wav,./wav/basstrb_tube-D/basstrb036_C4_ovt-08_pos-III_tube-D.wav
1345,28,basstrb_tube-D,basstrb037_Des4_ovt-08_pos-II_tube-D.wav,basstrb_tube-D/basstrb037_Des4_ovt-08_pos-II_tube-D.wav,./wav/basstrb_tube-D/basstrb037_Des4_ovt-08_pos-II_tube-D.wav
1346,28,basstrb_tube-D,basstrb038_D4_ovt-08_pos-I_tube-D.wav,basstrb_tube-D/basstrb038_D4_ovt-08_pos-I_tube-D.wav,./wav/basstrb_tube-D/basstrb038_D4_ovt-08_pos-I_tube-D.wav
1347,29,va,va000_C3_pos-open.wav,va/va000_C3_pos-open.wav,./wav/va/va000_C3_pos-open.wav
1348,29,va,va001_Cis3_pos-fingered.wav,va/va001_Cis3_pos-fingered.wav,./wav/va/va001_Cis3_pos-fingered.wav
1349,29,va,va002_D3_pos-fingered.wav,va/va002_D3_pos-fingered.wav,./wav/va/va002_D3_pos-fingered.wav
1350,29,va,va003_Dis3_pos-fingered.wav,va/va003_Dis3_pos-fingered.wav,./wav/va/va003_Dis3_pos-fingered.wav
1351,29,va,va004_E3_pos-fingered.wav,va/va004_E3_pos-fingered.wav,./wav/va/va004_E3_pos-fingered.wav
1352,29,va,va005_F3_pos-fingered.wav,va/va005_F3_pos-fingered.wav,./wav/va/va005_F3_pos-fingered.wav
1353,29,va,va006_Fis3_pos-fingered.wav,va/va006_Fis3_pos-fingered.wav,./wav/va/va006_Fis3_pos-fingered.wav
1354,29,va,va007_G3_pos-fingered.wav,va/va007_G3_pos-fingered.wav,./wav/va/va007_G3_pos-fingered.wav
1355,29,va,va008_G3_pos-open.wav,va/va008_G3_pos-open.wav,./wav/va/va008_G3_pos-open.wav
1356,29,va,va009_Gis3_pos-fingered.wav,va/va009_Gis3_pos-fingered.wav,./wav/va/va009_Gis3_pos-fingered.wav
1357,29,va,va010_A3_pos-fingered.wav,va/va010_A3_pos-fingered.wav,./wav/va/va010_A3_pos-fingered.wav
1358,29,va,va011_Ais3_pos-fingered.wav,va/va011_Ais3_pos-fingered.wav,./wav/va/va011_Ais3_pos-fingered.wav
1359,29,va,va012_H3_pos-fingered.wav,va/va012_H3_pos-fingered.wav,./wav/va/va012_H3_pos-fingered.wav
1360,29,va,va013_C4_pos-fingered.wav,va/va013_C4_pos-fingered.wav,./wav/va/va013_C4_pos-fingered.wav
1361,29,va,va014_Cis4_pos-fingered.wav,va/va014_Cis4_pos-fingered.wav,./wav/va/va014_Cis4_pos-fingered.wav
1362,29,va,va015_D4_pos-fingered.wav,va/va015_D4_pos-fingered.wav,./wav/va/va015_D4_pos-fingered.wav
1363,29,va,va016_D4_pos-open.wav,va/va016_D4_pos-open.wav,./wav/va/va016_D4_pos-open.wav
1364,29,va,va017_Dis4_pos-fingered.wav,va/va017_Dis4_pos-fingered.wav,./wav/va/va017_Dis4_pos-fingered.wav
1365,29,va,va018_E4_pos-fingered.wav,va/va018_E4_pos-fingered.wav,./wav/va/va018_E4_pos-fingered.wav
1366,29,va,va019_F4_pos-fingered.wav,va/va019_F4_pos-fingered.wav,./wav/va/va019_F4_pos-fingered.wav
1367,29,va,va020_Fis4_pos-fingered.wav,va/va020_Fis4_pos-fingered.wav,./wav/va/va020_Fis4_pos-fingered.wav
1368,29,va,va021_G4_pos-fingered.wav,va/va021_G4_pos-fingered.wav,./wav/va/va021_G4_pos-fingered.wav
1369,29,va,va022_Gis4_pos-fingered.wav,va/va022_Gis4_pos-fingered.wav,./wav/va/va022_Gis4_pos-fingered.wav
1370,29,va,va023_A4_pos-fingered.wav,va/va023_A4_pos-fingered.wav,./wav/va/va023_A4_pos-fingered.wav
1371,29,va,va024_A4_pos-open.wav,va/va024_A4_pos-open.wav,./wav/va/va024_A4_pos-open.wav
1372,29,va,va025_Ais4_pos-fingered.wav,va/va025_Ais4_pos-fingered.wav,./wav/va/va025_Ais4_pos-fingered.wav
1373,29,va,va026_H4_pos-fingered.wav,va/va026_H4_pos-fingered.wav,./wav/va/va026_H4_pos-fingered.wav
1374,29,va,va027_C5_pos-fingered.wav,va/va027_C5_pos-fingered.wav,./wav/va/va027_C5_pos-fingered.wav
1375,29,va,va028_Cis5_pos-fingered.wav,va/va028_Cis5_pos-fingered.wav,./wav/va/va028_Cis5_pos-fingered.wav
1376,29,va,va029_D5_pos-fingered.wav,va/va029_D5_pos-fingered.wav,./wav/va/va029_D5_pos-fingered.wav
1377,29,va,va030_Dis5_pos-fingered.wav,va/va030_Dis5_pos-fingered.wav,./wav/va/va030_Dis5_pos-fingered.wav
1378,29,va,va031_E5_pos-fingered.wav,va/va031_E5_pos-fingered.wav,./wav/va/va031_E5_pos-fingered.wav
1379,29,va,va032_F5_pos-fingered.wav,va/va032_F5_pos-fingered.wav,./wav/va/va032_F5_pos-fingered.wav
1380,29,va,va033_Fis5_pos-fingered.wav,va/va033_Fis5_pos-fingered.wav,./wav/va/va033_Fis5_pos-fingered.wav
1381,29,va,va034_G5_pos-fingered.wav,va/va034_G5_pos-fingered.wav,./wav/va/va034_G5_pos-fingered.wav
1382,29,va,va035_Gis5_pos-fingered.wav,va/va035_Gis5_pos-fingered.wav,./wav/va/va035_Gis5_pos-fingered.wav
1383,29,va,va036_A5_pos-fingered.wav,va/va036_A5_pos-fingered.wav,./wav/va/va036_A5_pos-fingered.wav
1384,29,va,va037_Ais5_pos-fingered.wav,va/va037_Ais5_pos-fingered.wav,./wav/va/va037_Ais5_pos-fingered.wav
1385,29,va,va038_H5_pos-fingered.wav,va/va038_H5_pos-fingered.wav,./wav/va/va038_H5_pos-fingered.wav
1386,29,va,va039_C6_pos-fingered.wav,va/va039_C6_pos-fingered.wav,./wav/va/va039_C6_pos-fingered.wav
1387,30,gauss_sigma-002.5%,gauss000_sigma-002.5%_C0.wav,gauss_sigma-002.5%/gauss000_sigma-002.5%_C0.wav,./wav/gauss_sigma-002.5%/gauss000_sigma-002.5%_C0.wav
1388,30,gauss_sigma-002.5%,gauss001_sigma-002.5%_Cis0.wav,gauss_sigma-002.5%/gauss001_sigma-002.5%_Cis0.wav,./wav/gauss_sigma-002.5%/gauss001_sigma-002.5%_Cis0.wav
1389,30,gauss_sigma-002.5%,gauss002_sigma-002.5%_D0.wav,gauss_sigma-002.5%/gauss002_sigma-002.5%_D0.wav,./wav/gauss_sigma-002.5%/gauss002_sigma-002.5%_D0.wav
1390,30,gauss_sigma-002.5%,gauss003_sigma-002.5%_Dis0.wav,gauss_sigma-002.5%/gauss003_sigma-002.5%_Dis0.wav,./wav/gauss_sigma-002.5%/gauss003_sigma-002.5%_Dis0.wav
1391,30,gauss_sigma-002.5%,gauss004_sigma-002.5%_E0.wav,gauss_sigma-002.5%/gauss004_sigma-002.5%_E0.wav,./wav/gauss_sigma-002.5%/gauss004_sigma-002.5%_E0.wav
1392,30,gauss_sigma-002.5%,gauss005_sigma-002.5%_F0.wav,gauss_sigma-002.5%/gauss005_sigma-002.5%_F0.wav,./wav/gauss_sigma-002.5%/gauss005_sigma-002.5%_F0.wav
1393,30,gauss_sigma-002.5%,gauss006_sigma-002.5%_Fis0.wav,gauss_sigma-002.5%/gauss006_sigma-002.5%_Fis0.wav,./wav/gauss_sigma-002.5%/gauss006_sigma-002.5%_Fis0.wav
1394,30,gauss_sigma-002.5%,gauss007_sigma-002.5%_G0.wav,gauss_sigma-002.5%/gauss007_sigma-002.5%_G0.wav,./wav/gauss_sigma-002.5%/gauss007_sigma-002.5%_G0.wav
1395,30,gauss_sigma-002.5%,gauss008_sigma-002.5%_Gis0.wav,gauss_sigma-002.5%/gauss008_sigma-002.5%_Gis0.wav,./wav/gauss_sigma-002.5%/gauss008_sigma-002.5%_Gis0.wav
1396,30,gauss_sigma-002.5%,gauss009_sigma-002.5%_A0.wav,gauss_sigma-002.5%/gauss009_sigma-002.5%_A0.wav,./wav/gauss_sigma-002.5%/gauss009_sigma-002.5%_A0.wav
1397,30,gauss_sigma-002.5%,gauss010_sigma-002.5%_Ais0.wav,gauss_sigma-002.5%/gauss010_sigma-002.5%_Ais0.wav,./wav/gauss_sigma-002.5%/gauss010_sigma-002.5%_Ais0.wav
1398,30,gauss_sigma-002.5%,gauss011_sigma-002.5%_H0.wav,gauss_sigma-002.5%/gauss011_sigma-002.5%_H0.wav,./wav/gauss_sigma-002.5%/gauss011_sigma-002.5%_H0.wav
1399,30,gauss_sigma-002.5%,gauss012_sigma-002.5%_C1.wav,gauss_sigma-002.5%/gauss012_sigma-002.5%_C1.wav,./wav/gauss_sigma-002.5%/gauss012_sigma-002.5%_C1.wav
1400,30,gauss_sigma-002.5%,gauss013_sigma-002.5%_Cis1.wav,gauss_sigma-002.5%/gauss013_sigma-002.5%_Cis1.wav,./wav/gauss_sigma-002.5%/gauss013_sigma-002.5%_Cis1.wav
1401,30,gauss_sigma-002.5%,gauss014_sigma-002.5%_D1.wav,gauss_sigma-002.5%/gauss014_sigma-002.5%_D1.wav,./wav/gauss_sigma-002.5%/gauss014_sigma-002.5%_D1.wav
1402,30,gauss_sigma-002.5%,gauss015_sigma-002.5%_Dis1.wav,gauss_sigma-002.5%/gauss015_sigma-002.5%_Dis1.wav,./wav/gauss_sigma-002.5%/gauss015_sigma-002.5%_Dis1.wav
1403,30,gauss_sigma-002.5%,gauss016_sigma-002.5%_E1.wav,gauss_sigma-002.5%/gauss016_sigma-002.5%_E1.wav,./wav/gauss_sigma-002.5%/gauss016_sigma-002.5%_E1.wav
1404,30,gauss_sigma-002.5%,gauss017_sigma-002.5%_F1.wav,gauss_sigma-002.5%/gauss017_sigma-002.5%_F1.wav,./wav/gauss_sigma-002.5%/gauss017_sigma-002.5%_F1.wav
1405,30,gauss_sigma-002.5%,gauss018_sigma-002.5%_Fis1.wav,gauss_sigma-002.5%/gauss018_sigma-002.5%_Fis1.wav,./wav/gauss_sigma-002.5%/gauss018_sigma-002.5%_Fis1.wav
1406,30,gauss_sigma-002.5%,gauss019_sigma-002.5%_G1.wav,gauss_sigma-002.5%/gauss019_sigma-002.5%_G1.wav,./wav/gauss_sigma-002.5%/gauss019_sigma-002.5%_G1.wav
1407,30,gauss_sigma-002.5%,gauss020_sigma-002.5%_Gis1.wav,gauss_sigma-002.5%/gauss020_sigma-002.5%_Gis1.wav,./wav/gauss_sigma-002.5%/gauss020_sigma-002.5%_Gis1.wav
1408,30,gauss_sigma-002.5%,gauss021_sigma-002.5%_A1.wav,gauss_sigma-002.5%/gauss021_sigma-002.5%_A1.wav,./wav/gauss_sigma-002.5%/gauss021_sigma-002.5%_A1.wav
1409,30,gauss_sigma-002.5%,gauss022_sigma-002.5%_Ais1.wav,gauss_sigma-002.5%/gauss022_sigma-002.5%_Ais1.wav,./wav/gauss_sigma-002.5%/gauss022_sigma-002.5%_Ais1.wav
1410,30,gauss_sigma-002.5%,gauss023_sigma-002.5%_H1.wav,gauss_sigma-002.5%/gauss023_sigma-002.5%_H1.wav,./wav/gauss_sigma-002.5%/gauss023_sigma-002.5%_H1.wav
1411,30,gauss_sigma-002.5%,gauss024_sigma-002.5%_C2.wav,gauss_sigma-002.5%/gauss024_sigma-002.5%_C2.wav,./wav/gauss_sigma-002.5%/gauss024_sigma-002.5%_C2.wav
1412,30,gauss_sigma-002.5%,gauss025_sigma-002.5%_Cis2.wav,gauss_sigma-002.5%/gauss025_sigma-002.5%_Cis2.wav,./wav/gauss_sigma-002.5%/gauss025_sigma-002.5%_Cis2.wav
1413,30,gauss_sigma-002.5%,gauss026_sigma-002.5%_D2.wav,gauss_sigma-002.5%/gauss026_sigma-002.5%_D2.wav,./wav/gauss_sigma-002.5%/gauss026_sigma-002.5%_D2.wav
1414,30,gauss_sigma-002.5%,gauss027_sigma-002.5%_Dis2.wav,gauss_sigma-002.5%/gauss027_sigma-002.5%_Dis2.wav,./wav/gauss_sigma-002.5%/gauss027_sigma-002.5%_Dis2.wav
1415,30,gauss_sigma-002.5%,gauss028_sigma-002.5%_E2.wav,gauss_sigma-002.5%/gauss028_sigma-002.5%_E2.wav,./wav/gauss_sigma-002.5%/gauss028_sigma-002.5%_E2.wav
1416,30,gauss_sigma-002.5%,gauss029_sigma-002.5%_F2.wav,gauss_sigma-002.5%/gauss029_sigma-002.5%_F2.wav,./wav/gauss_sigma-002.5%/gauss029_sigma-002.5%_F2.wav
1417,30,gauss_sigma-002.5%,gauss030_sigma-002.5%_Fis2.wav,gauss_sigma-002.5%/gauss030_sigma-002.5%_Fis2.wav,./wav/gauss_sigma-002.5%/gauss030_sigma-002.5%_Fis2.wav
1418,30,gauss_sigma-002.5%,gauss031_sigma-002.5%_G2.wav,gauss_sigma-002.5%/gauss031_sigma-002.5%_G2.wav,./wav/gauss_sigma-002.5%/gauss031_sigma-002.5%_G2.wav
1419,30,gauss_sigma-002.5%,gauss032_sigma-002.5%_Gis2.wav,gauss_sigma-002.5%/gauss032_sigma-002.5%_Gis2.wav,./wav/gauss_sigma-002.5%/gauss032_sigma-002.5%_Gis2.wav
1420,30,gauss_sigma-002.5%,gauss033_sigma-002.5%_A2.wav,gauss_sigma-002.5%/gauss033_sigma-002.5%_A2.wav,./wav/gauss_sigma-002.5%/gauss033_sigma-002.5%_A2.wav
1421,30,gauss_sigma-002.5%,gauss034_sigma-002.5%_Ais2.wav,gauss_sigma-002.5%/gauss034_sigma-002.5%_Ais2.wav,./wav/gauss_sigma-002.5%/gauss034_sigma-002.5%_Ais2.wav
1422,30,gauss_sigma-002.5%,gauss035_sigma-002.5%_H2.wav,gauss_sigma-002.5%/gauss035_sigma-002.5%_H2.wav,./wav/gauss_sigma-002.5%/gauss035_sigma-002.5%_H2.wav
1423,30,gauss_sigma-002.5%,gauss036_sigma-002.5%_C3.wav,gauss_sigma-002.5%/gauss036_sigma-002.5%_C3.wav,./wav/gauss_sigma-002.5%/gauss036_sigma-002.5%_C3.wav
1424,30,gauss_sigma-002.5%,gauss037_sigma-002.5%_Cis3.wav,gauss_sigma-002.5%/gauss037_sigma-002.5%_Cis3.wav,./wav/gauss_sigma-002.5%/gauss037_sigma-002.5%_Cis3.wav
1425,30,gauss_sigma-002.5%,gauss038_sigma-002.5%_D3.wav,gauss_sigma-002.5%/gauss038_sigma-002.5%_D3.wav,./wav/gauss_sigma-002.5%/gauss038_sigma-002.5%_D3.wav
1426,30,gauss_sigma-002.5%,gauss039_sigma-002.5%_Dis3.wav,gauss_sigma-002.5%/gauss039_sigma-002.5%_Dis3.wav,./wav/gauss_sigma-002.5%/gauss039_sigma-002.5%_Dis3.wav
1427,30,gauss_sigma-002.5%,gauss040_sigma-002.5%_E3.wav,gauss_sigma-002.5%/gauss040_sigma-002.5%_E3.wav,./wav/gauss_sigma-002.5%/gauss040_sigma-002.5%_E3.wav
1428,30,gauss_sigma-002.5%,gauss041_sigma-002.5%_F3.wav,gauss_sigma-002.5%/gauss041_sigma-002.5%_F3.wav,./wav/gauss_sigma-002.5%/gauss041_sigma-002.5%_F3.wav
1429,30,gauss_sigma-002.5%,gauss042_sigma-002.5%_Fis3.wav,gauss_sigma-002.5%/gauss042_sigma-002.5%_Fis3.wav,./wav/gauss_sigma-002.5%/gauss042_sigma-002.5%_Fis3.wav
1430,30,gauss_sigma-002.5%,gauss043_sigma-002.5%_G3.wav,gauss_sigma-002.5%/gauss043_sigma-002.5%_G3.wav,./wav/gauss_sigma-002.5%/gauss043_sigma-002.5%_G3.wav
1431,30,gauss_sigma-002.5%,gauss044_sigma-002.5%_Gis3.wav,gauss_sigma-002.5%/gauss044_sigma-002.5%_Gis3.wav,./wav/gauss_sigma-002.5%/gauss044_sigma-002.5%_Gis3.wav
1432,30,gauss_sigma-002.5%,gauss045_sigma-002.5%_A3.wav,gauss_sigma-002.5%/gauss045_sigma-002.5%_A3.wav,./wav/gauss_sigma-002.5%/gauss045_sigma-002.5%_A3.wav
1433,30,gauss_sigma-002.5%,gauss046_sigma-002.5%_Ais3.wav,gauss_sigma-002.5%/gauss046_sigma-002.5%_Ais3.wav,./wav/gauss_sigma-002.5%/gauss046_sigma-002.5%_Ais3.wav
1434,30,gauss_sigma-002.5%,gauss047_sigma-002.5%_H3.wav,gauss_sigma-002.5%/gauss047_sigma-002.5%_H3.wav,./wav/gauss_sigma-002.5%/gauss047_sigma-002.5%_H3.wav
1435,30,gauss_sigma-002.5%,gauss048_sigma-002.5%_C4.wav,gauss_sigma-002.5%/gauss048_sigma-002.5%_C4.wav,./wav/gauss_sigma-002.5%/gauss048_sigma-002.5%_C4.wav
1436,30,gauss_sigma-002.5%,gauss049_sigma-002.5%_Cis4.wav,gauss_sigma-002.5%/gauss049_sigma-002.5%_Cis4.wav,./wav/gauss_sigma-002.5%/gauss049_sigma-002.5%_Cis4.wav
1437,30,gauss_sigma-002.5%,gauss050_sigma-002.5%_D4.wav,gauss_sigma-002.5%/gauss050_sigma-002.5%_D4.wav,./wav/gauss_sigma-002.5%/gauss050_sigma-002.5%_D4.wav
1438,30,gauss_sigma-002.5%,gauss051_sigma-002.5%_Dis4.wav,gauss_sigma-002.5%/gauss051_sigma-002.5%_Dis4.wav,./wav/gauss_sigma-002.5%/gauss051_sigma-002.5%_Dis4.wav
1439,30,gauss_sigma-002.5%,gauss052_sigma-002.5%_E4.wav,gauss_sigma-002.5%/gauss052_sigma-002.5%_E4.wav,./wav/gauss_sigma-002.5%/gauss052_sigma-002.5%_E4.wav
1440,30,gauss_sigma-002.5%,gauss053_sigma-002.5%_F4.wav,gauss_sigma-002.5%/gauss053_sigma-002.5%_F4.wav,./wav/gauss_sigma-002.5%/gauss053_sigma-002.5%_F4.wav
1441,30,gauss_sigma-002.5%,gauss054_sigma-002.5%_Fis4.wav,gauss_sigma-002.5%/gauss054_sigma-002.5%_Fis4.wav,./wav/gauss_sigma-002.5%/gauss054_sigma-002.5%_Fis4.wav
1442,30,gauss_sigma-002.5%,gauss055_sigma-002.5%_G4.wav,gauss_sigma-002.5%/gauss055_sigma-002.5%_G4.wav,./wav/gauss_sigma-002.5%/gauss055_sigma-002.5%_G4.wav
1443,30,gauss_sigma-002.5%,gauss056_sigma-002.5%_Gis4.wav,gauss_sigma-002.5%/gauss056_sigma-002.5%_Gis4.wav,./wav/gauss_sigma-002.5%/gauss056_sigma-002.5%_Gis4.wav
1444,30,gauss_sigma-002.5%,gauss057_sigma-002.5%_A4.wav,gauss_sigma-002.5%/gauss057_sigma-002.5%_A4.wav,./wav/gauss_sigma-002.5%/gauss057_sigma-002.5%_A4.wav
1445,30,gauss_sigma-002.5%,gauss058_sigma-002.5%_Ais4.wav,gauss_sigma-002.5%/gauss058_sigma-002.5%_Ais4.wav,./wav/gauss_sigma-002.5%/gauss058_sigma-002.5%_Ais4.wav
1446,30,gauss_sigma-002.5%,gauss059_sigma-002.5%_H4.wav,gauss_sigma-002.5%/gauss059_sigma-002.5%_H4.wav,./wav/gauss_sigma-002.5%/gauss059_sigma-002.5%_H4.wav
1447,30,gauss_sigma-002.5%,gauss060_sigma-002.5%_C5.wav,gauss_sigma-002.5%/gauss060_sigma-002.5%_C5.wav,./wav/gauss_sigma-002.5%/gauss060_sigma-002.5%_C5.wav
1448,30,gauss_sigma-002.5%,gauss061_sigma-002.5%_Cis5.wav,gauss_sigma-002.5%/gauss061_sigma-002.5%_Cis5.wav,./wav/gauss_sigma-002.5%/gauss061_sigma-002.5%_Cis5.wav
1449,30,gauss_sigma-002.5%,gauss062_sigma-002.5%_D5.wav,gauss_sigma-002.5%/gauss062_sigma-002.5%_D5.wav,./wav/gauss_sigma-002.5%/gauss062_sigma-002.5%_D5.wav
1450,30,gauss_sigma-002.5%,gauss063_sigma-002.5%_Dis5.wav,gauss_sigma-002.5%/gauss063_sigma-002.5%_Dis5.wav,./wav/gauss_sigma-002.5%/gauss063_sigma-002.5%_Dis5.wav
1451,30,gauss_sigma-002.5%,gauss064_sigma-002.5%_E5.wav,gauss_sigma-002.5%/gauss064_sigma-002.5%_E5.wav,./wav/gauss_sigma-002.5%/gauss064_sigma-002.5%_E5.wav
1452,30,gauss_sigma-002.5%,gauss065_sigma-002.5%_F5.wav,gauss_sigma-002.5%/gauss065_sigma-002.5%_F5.wav,./wav/gauss_sigma-002.5%/gauss065_sigma-002.5%_F5.wav
1453,30,gauss_sigma-002.5%,gauss066_sigma-002.5%_Fis5.wav,gauss_sigma-002.5%/gauss066_sigma-002.5%_Fis5.wav,./wav/gauss_sigma-002.5%/gauss066_sigma-002.5%_Fis5.wav
1454,30,gauss_sigma-002.5%,gauss067_sigma-002.5%_G5.wav,gauss_sigma-002.5%/gauss067_sigma-002.5%_G5.wav,./wav/gauss_sigma-002.5%/gauss067_sigma-002.5%_G5.wav
1455,30,gauss_sigma-002.5%,gauss068_sigma-002.5%_Gis5.wav,gauss_sigma-002.5%/gauss068_sigma-002.5%_Gis5.wav,./wav/gauss_sigma-002.5%/gauss068_sigma-002.5%_Gis5.wav
1456,30,gauss_sigma-002.5%,gauss069_sigma-002.5%_A5.wav,gauss_sigma-002.5%/gauss069_sigma-002.5%_A5.wav,./wav/gauss_sigma-002.5%/gauss069_sigma-002.5%_A5.wav
1457,30,gauss_sigma-002.5%,gauss070_sigma-002.5%_Ais5.wav,gauss_sigma-002.5%/gauss070_sigma-002.5%_Ais5.wav,./wav/gauss_sigma-002.5%/gauss070_sigma-002.5%_Ais5.wav
1458,30,gauss_sigma-002.5%,gauss071_sigma-002.5%_H5.wav,gauss_sigma-002.5%/gauss071_sigma-002.5%_H5.wav,./wav/gauss_sigma-002.5%/gauss071_sigma-002.5%_H5.wav
1459,30,gauss_sigma-002.5%,gauss072_sigma-002.5%_C6.wav,gauss_sigma-002.5%/gauss072_sigma-002.5%_C6.wav,./wav/gauss_sigma-002.5%/gauss072_sigma-002.5%_C6.wav
1460,30,gauss_sigma-002.5%,gauss073_sigma-002.5%_Cis6.wav,gauss_sigma-002.5%/gauss073_sigma-002.5%_Cis6.wav,./wav/gauss_sigma-002.5%/gauss073_sigma-002.5%_Cis6.wav
1461,30,gauss_sigma-002.5%,gauss074_sigma-002.5%_D6.wav,gauss_sigma-002.5%/gauss074_sigma-002.5%_D6.wav,./wav/gauss_sigma-002.5%/gauss074_sigma-002.5%_D6.wav
1462,30,gauss_sigma-002.5%,gauss075_sigma-002.5%_Dis6.wav,gauss_sigma-002.5%/gauss075_sigma-002.5%_Dis6.wav,./wav/gauss_sigma-002.5%/gauss075_sigma-002.5%_Dis6.wav
1463,30,gauss_sigma-002.5%,gauss076_sigma-002.5%_E6.wav,gauss_sigma-002.5%/gauss076_sigma-002.5%_E6.wav,./wav/gauss_sigma-002.5%/gauss076_sigma-002.5%_E6.wav
1464,30,gauss_sigma-002.5%,gauss077_sigma-002.5%_F6.wav,gauss_sigma-002.5%/gauss077_sigma-002.5%_F6.wav,./wav/gauss_sigma-002.5%/gauss077_sigma-002.5%_F6.wav
1465,30,gauss_sigma-002.5%,gauss078_sigma-002.5%_Fis6.wav,gauss_sigma-002.5%/gauss078_sigma-002.5%_Fis6.wav,./wav/gauss_sigma-002.5%/gauss078_sigma-002.5%_Fis6.wav
1466,30,gauss_sigma-002.5%,gauss079_sigma-002.5%_G6.wav,gauss_sigma-002.5%/gauss079_sigma-002.5%_G6.wav,./wav/gauss_sigma-002.5%/gauss079_sigma-002.5%_G6.wav
1467,30,gauss_sigma-002.5%,gauss080_sigma-002.5%_Gis6.wav,gauss_sigma-002.5%/gauss080_sigma-002.5%_Gis6.wav,./wav/gauss_sigma-002.5%/gauss080_sigma-002.5%_Gis6.wav
1468,30,gauss_sigma-002.5%,gauss081_sigma-002.5%_A6.wav,gauss_sigma-002.5%/gauss081_sigma-002.5%_A6.wav,./wav/gauss_sigma-002.5%/gauss081_sigma-002.5%_A6.wav
1469,30,gauss_sigma-002.5%,gauss082_sigma-002.5%_Ais6.wav,gauss_sigma-002.5%/gauss082_sigma-002.5%_Ais6.wav,./wav/gauss_sigma-002.5%/gauss082_sigma-002.5%_Ais6.wav
1470,30,gauss_sigma-002.5%,gauss083_sigma-002.5%_H6.wav,gauss_sigma-002.5%/gauss083_sigma-002.5%_H6.wav,./wav/gauss_sigma-002.5%/gauss083_sigma-002.5%_H6.wav
1471,30,gauss_sigma-002.5%,gauss084_sigma-002.5%_C7.wav,gauss_sigma-002.5%/gauss084_sigma-002.5%_C7.wav,./wav/gauss_sigma-002.5%/gauss084_sigma-002.5%_C7.wav
1472,30,gauss_sigma-002.5%,gauss085_sigma-002.5%_Cis7.wav,gauss_sigma-002.5%/gauss085_sigma-002.5%_Cis7.wav,./wav/gauss_sigma-002.5%/gauss085_sigma-002.5%_Cis7.wav
1473,30,gauss_sigma-002.5%,gauss086_sigma-002.5%_D7.wav,gauss_sigma-002.5%/gauss086_sigma-002.5%_D7.wav,./wav/gauss_sigma-002.5%/gauss086_sigma-002.5%_D7.wav
1474,30,gauss_sigma-002.5%,gauss087_sigma-002.5%_Dis7.wav,gauss_sigma-002.5%/gauss087_sigma-002.5%_Dis7.wav,./wav/gauss_sigma-002.5%/gauss087_sigma-002.5%_Dis7.wav
1475,30,gauss_sigma-002.5%,gauss088_sigma-002.5%_E7.wav,gauss_sigma-002.5%/gauss088_sigma-002.5%_E7.wav,./wav/gauss_sigma-002.5%/gauss088_sigma-002.5%_E7.wav
1476,30,gauss_sigma-002.5%,gauss089_sigma-002.5%_F7.wav,gauss_sigma-002.5%/gauss089_sigma-002.5%_F7.wav,./wav/gauss_sigma-002.5%/gauss089_sigma-002.5%_F7.wav
1477,30,gauss_sigma-002.5%,gauss090_sigma-002.5%_Fis7.wav,gauss_sigma-002.5%/gauss090_sigma-002.5%_Fis7.wav,./wav/gauss_sigma-002.5%/gauss090_sigma-002.5%_Fis7.wav
1478,30,gauss_sigma-002.5%,gauss091_sigma-002.5%_G7.wav,gauss_sigma-002.5%/gauss091_sigma-002.5%_G7.wav,./wav/gauss_sigma-002.5%/gauss091_sigma-002.5%_G7.wav
1479,30,gauss_sigma-002.5%,gauss092_sigma-002.5%_Gis7.wav,gauss_sigma-002.5%/gauss092_sigma-002.5%_Gis7.wav,./wav/gauss_sigma-002.5%/gauss092_sigma-002.5%_Gis7.wav
1480,30,gauss_sigma-002.5%,gauss093_sigma-002.5%_A7.wav,gauss_sigma-002.5%/gauss093_sigma-002.5%_A7.wav,./wav/gauss_sigma-002.5%/gauss093_sigma-002.5%_A7.wav
1481,30,gauss_sigma-002.5%,gauss094_sigma-002.5%_Ais7.wav,gauss_sigma-002.5%/gauss094_sigma-002.5%_Ais7.wav,./wav/gauss_sigma-002.5%/gauss094_sigma-002.5%_Ais7.wav
1482,30,gauss_sigma-002.5%,gauss095_sigma-002.5%_H7.wav,gauss_sigma-002.5%/gauss095_sigma-002.5%_H7.wav,./wav/gauss_sigma-002.5%/gauss095_sigma-002.5%_H7.wav
1483,30,gauss_sigma-002.5%,gauss096_sigma-002.5%_C8.wav,gauss_sigma-002.5%/gauss096_sigma-002.5%_C8.wav,./wav/gauss_sigma-002.5%/gauss096_sigma-002.5%_C8.wav
1484,31,gauss_FWHM-wholetone,gauss000_C0_FWHM-quartertone.wav,gauss_FWHM-wholetone/gauss000_C0_FWHM-quartertone.wav,./wav/gauss_FWHM-wholetone/gauss000_C0_FWHM-quartertone.wav
1485,31,gauss_FWHM-wholetone,gauss001_Cis0_FWHM-quartertone.wav,gauss_FWHM-wholetone/gauss001_Cis0_FWHM-quartertone.wav,./wav/gauss_FWHM-wholetone/gauss001_Cis0_FWHM-quartertone.wav
1486,31,gauss_FWHM-wholetone,gauss002_D0_FWHM-quartertone.wav,gauss_FWHM-wholetone/gauss002_D0_FWHM-quartertone.wav,./wav/gauss_FWHM-wholetone/gauss002_D0_FWHM-quartertone.wav
1487,31,gauss_FWHM-wholetone,gauss003_Dis0_FWHM-quartertone.wav,gauss_FWHM-wholetone/gauss003_Dis0_FWHM-quartertone.wav,./wav/gauss_FWHM-wholetone/gauss003_Dis0_FWHM-quartertone.wav
1488,31,gauss_FWHM-wholetone,gauss004_E0_FWHM-quartertone.wav,gauss_FWHM-wholetone/gauss004_E0_FWHM-quartertone.wav,./wav/gauss_FWHM-wholetone/gauss004_E0_FWHM-quartertone.wav
1489,31,gauss_FWHM-wholetone,gauss005_F0_FWHM-quartertone.wav,gauss_FWHM-wholetone/gauss005_F0_FWHM-quartertone.wav,./wav/gauss_FWHM-wholetone/gauss005_F0_FWHM-quartertone.wav
1490,31,gauss_FWHM-wholetone,gauss006_Fis0_FWHM-quartertone.wav,gauss_FWHM-wholetone/gauss006_Fis0_FWHM-quartertone.wav,./wav/gauss_FWHM-wholetone/gauss006_Fis0_FWHM-quartertone.wav
1491,31,gauss_FWHM-wholetone,gauss007_G0_FWHM-quartertone.wav,gauss_FWHM-wholetone/gauss007_G0_FWHM-quartertone.wav,./wav/gauss_FWHM-wholetone/gauss007_G0_FWHM-quartertone.wav
1492,31,gauss_FWHM-wholetone,gauss008_Gis0_FWHM-quartertone.wav,gauss_FWHM-wholetone/gauss008_Gis0_FWHM-quartertone.wav,./wav/gauss_FWHM-wholetone/gauss008_Gis0_FWHM-quartertone.wav
1493,31,gauss_FWHM-wholetone,gauss009_A0_FWHM-quartertone.wav,gauss_FWHM-wholetone/gauss009_A0_FWHM-quartertone.wav,./wav/gauss_FWHM-wholetone/gauss009_A0_FWHM-quartertone.wav
1494,31,gauss_FWHM-wholetone,gauss010_Ais0_FWHM-quartertone.wav,gauss_FWHM-wholetone/gauss010_Ais0_FWHM-quartertone.wav,./wav/gauss_FWHM-wholetone/gauss010_Ais0_FWHM-quartertone.wav
1495,31,gauss_FWHM-wholetone,gauss011_H0_FWHM-quartertone.wav,gauss_FWHM-wholetone/gauss011_H0_FWHM-quartertone.wav,./wav/gauss_FWHM-wholetone/gauss011_H0_FWHM-quartertone.wav
1496,31,gauss_FWHM-wholetone,gauss012_C1_FWHM-quartertone.wav,gauss_FWHM-wholetone/gauss012_C1_FWHM-quartertone.wav,./wav/gauss_FWHM-wholetone/gauss012_C1_FWHM-quartertone.wav
1497,31,gauss_FWHM-wholetone,gauss013_Cis1_FWHM-quartertone.wav,gauss_FWHM-wholetone/gauss013_Cis1_FWHM-quartertone.wav,./wav/gauss_FWHM-wholetone/gauss013_Cis1_FWHM-quartertone.wav
1498,31,gauss_FWHM-wholetone,gauss014_D1_FWHM-quartertone.wav,gauss_FWHM-wholetone/gauss014_D1_FWHM-quartertone.wav,./wav/gauss_FWHM-wholetone/gauss014_D1_FWHM-quartertone.wav
1499,31,gauss_FWHM-wholetone,gauss015_Dis1_FWHM-quartertone.wav,gauss_FWHM-wholetone/gauss015_Dis1_FWHM-quartertone.wav,./wav/gauss_FWHM-wholetone/gauss015_Dis1_FWHM-quartertone.wav
1500,31,gauss_FWHM-wholetone,gauss016_E1_FWHM-quartertone.wav,gauss_FWHM-wholetone/gauss016_E1_FWHM-quartertone.wav,./wav/gauss_FWHM-wholetone/gauss016_E1_FWHM-quartertone.wav
1501,31,gauss_FWHM-wholetone,gauss017_F1_FWHM-quartertone.wav,gauss_FWHM-wholetone/gauss017_F1_FWHM-quartertone.wav,./wav/gauss_FWHM-wholetone/gauss017_F1_FWHM-quartertone.wav
1502,31,gauss_FWHM-wholetone,gauss018_Fis1_FWHM-quartertone.wav,gauss_FWHM-wholetone/gauss018_Fis1_FWHM-quartertone.wav,./wav/gauss_FWHM-wholetone/gauss018_Fis1_FWHM-quartertone.wav
1503,31,gauss_FWHM-wholetone,gauss019_G1_FWHM-quartertone.wav,gauss_FWHM-wholetone/gauss019_G1_FWHM-quartertone.wav,./wav/gauss_FWHM-wholetone/gauss019_G1_FWHM-quartertone.wav
1504,31,gauss_FWHM-wholetone,gauss020_Gis1_FWHM-quartertone.wav,gauss_FWHM-wholetone/gauss020_Gis1_FWHM-quartertone.wav,./wav/gauss_FWHM-wholetone/gauss020_Gis1_FWHM-quartertone.wav
1505,31,gauss_FWHM-wholetone,gauss021_A1_FWHM-quartertone.wav,gauss_FWHM-wholetone/gauss021_A1_FWHM-quartertone.wav,./wav/gauss_FWHM-wholetone/gauss021_A1_FWHM-quartertone.wav
1506,31,gauss_FWHM-wholetone,gauss022_Ais1_FWHM-quartertone.wav,gauss_FWHM-wholetone/gauss022_Ais1_FWHM-quartertone.wav,./wav/gauss_FWHM-wholetone/gauss022_Ais1_FWHM-quartertone.wav
1507,31,gauss_FWHM-wholetone,gauss023_H1_FWHM-quartertone.wav,gauss_FWHM-wholetone/gauss023_H1_FWHM-quartertone.wav,./wav/gauss_FWHM-wholetone/gauss023_H1_FWHM-quartertone.wav
1508,31,gauss_FWHM-wholetone,gauss024_C2_FWHM-quartertone.wav,gauss_FWHM-wholetone/gauss024_C2_FWHM-quartertone.wav,./wav/gauss_FWHM-wholetone/gauss024_C2_FWHM-quartertone.wav
1509,31,gauss_FWHM-wholetone,gauss025_Cis2_FWHM-quartertone.wav,gauss_FWHM-wholetone/gauss025_Cis2_FWHM-quartertone.wav,./wav/gauss_FWHM-wholetone/gauss025_Cis2_FWHM-quartertone.wav
1510,31,gauss_FWHM-wholetone,gauss026_D2_FWHM-quartertone.wav,gauss_FWHM-wholetone/gauss026_D2_FWHM-quartertone.wav,./wav/gauss_FWHM-wholetone/gauss026_D2_FWHM-quartertone.wav
1511,31,gauss_FWHM-wholetone,gauss027_Dis2_FWHM-quartertone.wav,gauss_FWHM-wholetone/gauss027_Dis2_FWHM-quartertone.wav,./wav/gauss_FWHM-wholetone/gauss027_Dis2_FWHM-quartertone.wav
1512,31,gauss_FWHM-wholetone,gauss028_E2_FWHM-quartertone.wav,gauss_FWHM-wholetone/gauss028_E2_FWHM-quartertone.wav,./wav/gauss_FWHM-wholetone/gauss028_E2_FWHM-quartertone.wav
1513,31,gauss_FWHM-wholetone,gauss029_F2_FWHM-quartertone.wav,gauss_FWHM-wholetone/gauss029_F2_FWHM-quartertone.wav,./wav/gauss_FWHM-wholetone/gauss029_F2_FWHM-quartertone.wav
1514,31,gauss_FWHM-wholetone,gauss030_Fis2_FWHM-quartertone.wav,gauss_FWHM-wholetone/gauss030_Fis2_FWHM-quartertone.wav,./wav/gauss_FWHM-wholetone/gauss030_Fis2_FWHM-quartertone.wav
1515,31,gauss_FWHM-wholetone,gauss031_G2_FWHM-quartertone.wav,gauss_FWHM-wholetone/gauss031_G2_FWHM-quartertone.wav,./wav/gauss_FWHM-wholetone/gauss031_G2_FWHM-quartertone.wav
1516,31,gauss_FWHM-wholetone,gauss032_Gis2_FWHM-quartertone.wav,gauss_FWHM-wholetone/gauss032_Gis2_FWHM-quartertone.wav,./wav/gauss_FWHM-wholetone/gauss032_Gis2_FWHM-quartertone.wav
1517,31,gauss_FWHM-wholetone,gauss033_A2_FWHM-quartertone.wav,gauss_FWHM-wholetone/gauss033_A2_FWHM-quartertone.wav,./wav/gauss_FWHM-wholetone/gauss033_A2_FWHM-quartertone.wav
1518,31,gauss_FWHM-wholetone,gauss034_Ais2_FWHM-quartertone.wav,gauss_FWHM-wholetone/gauss034_Ais2_FWHM-quartertone.wav,./wav/gauss_FWHM-wholetone/gauss034_Ais2_FWHM-quartertone.wav
1519,31,gauss_FWHM-wholetone,gauss035_H2_FWHM-quartertone.wav,gauss_FWHM-wholetone/gauss035_H2_FWHM-quartertone.wav,./wav/gauss_FWHM-wholetone/gauss035_H2_FWHM-quartertone.wav
1520,31,gauss_FWHM-wholetone,gauss036_C3_FWHM-quartertone.wav,gauss_FWHM-wholetone/gauss036_C3_FWHM-quartertone.wav,./wav/gauss_FWHM-wholetone/gauss036_C3_FWHM-quartertone.wav
1521,31,gauss_FWHM-wholetone,gauss037_Cis3_FWHM-quartertone.wav,gauss_FWHM-wholetone/gauss037_Cis3_FWHM-quartertone.wav,./wav/gauss_FWHM-wholetone/gauss037_Cis3_FWHM-quartertone.wav
1522,31,gauss_FWHM-wholetone,gauss038_D3_FWHM-quartertone.wav,gauss_FWHM-wholetone/gauss038_D3_FWHM-quartertone.wav,./wav/gauss_FWHM-wholetone/gauss038_D3_FWHM-quartertone.wav
1523,31,gauss_FWHM-wholetone,gauss039_Dis3_FWHM-quartertone.wav,gauss_FWHM-wholetone/gauss039_Dis3_FWHM-quartertone.wav,./wav/gauss_FWHM-wholetone/gauss039_Dis3_FWHM-quartertone.wav
1524,31,gauss_FWHM-wholetone,gauss040_E3_FWHM-quartertone.wav,gauss_FWHM-wholetone/gauss040_E3_FWHM-quartertone.wav,./wav/gauss_FWHM-wholetone/gauss040_E3_FWHM-quartertone.wav
1525,31,gauss_FWHM-wholetone,gauss041_F3_FWHM-quartertone.wav,gauss_FWHM-wholetone/gauss041_F3_FWHM-quartertone.wav,./wav/gauss_FWHM-wholetone/gauss041_F3_FWHM-quartertone.wav
1526,31,gauss_FWHM-wholetone,gauss042_Fis3_FWHM-quartertone.wav,gauss_FWHM-wholetone/gauss042_Fis3_FWHM-quartertone.wav,./wav/gauss_FWHM-wholetone/gauss042_Fis3_FWHM-quartertone.wav
1527,31,gauss_FWHM-wholetone,gauss043_G3_FWHM-quartertone.wav,gauss_FWHM-wholetone/gauss043_G3_FWHM-quartertone.wav,./wav/gauss_FWHM-wholetone/gauss043_G3_FWHM-quartertone.wav
1528,31,gauss_FWHM-wholetone,gauss044_Gis3_FWHM-quartertone.wav,gauss_FWHM-wholetone/gauss044_Gis3_FWHM-quartertone.wav,./wav/gauss_FWHM-wholetone/gauss044_Gis3_FWHM-quartertone.wav
1529,31,gauss_FWHM-wholetone,gauss045_A3_FWHM-quartertone.wav,gauss_FWHM-wholetone/gauss045_A3_FWHM-quartertone.wav,./wav/gauss_FWHM-wholetone/gauss045_A3_FWHM-quartertone.wav
1530,31,gauss_FWHM-wholetone,gauss046_Ais3_FWHM-quartertone.wav,gauss_FWHM-wholetone/gauss046_Ais3_FWHM-quartertone.wav,./wav/gauss_FWHM-wholetone/gauss046_Ais3_FWHM-quartertone.wav
1531,31,gauss_FWHM-wholetone,gauss047_H3_FWHM-quartertone.wav,gauss_FWHM-wholetone/gauss047_H3_FWHM-quartertone.wav,./wav/gauss_FWHM-wholetone/gauss047_H3_FWHM-quartertone.wav
1532,31,gauss_FWHM-wholetone,gauss048_C4_FWHM-quartertone.wav,gauss_FWHM-wholetone/gauss048_C4_FWHM-quartertone.wav,./wav/gauss_FWHM-wholetone/gauss048_C4_FWHM-quartertone.wav
1533,31,gauss_FWHM-wholetone,gauss049_Cis4_FWHM-quartertone.wav,gauss_FWHM-wholetone/gauss049_Cis4_FWHM-quartertone.wav,./wav/gauss_FWHM-wholetone/gauss049_Cis4_FWHM-quartertone.wav
1534,31,gauss_FWHM-wholetone,gauss050_D4_FWHM-quartertone.wav,gauss_FWHM-wholetone/gauss050_D4_FWHM-quartertone.wav,./wav/gauss_FWHM-wholetone/gauss050_D4_FWHM-quartertone.wav
1535,31,gauss_FWHM-wholetone,gauss051_Dis4_FWHM-quartertone.wav,gauss_FWHM-wholetone/gauss051_Dis4_FWHM-quartertone.wav,./wav/gauss_FWHM-wholetone/gauss051_Dis4_FWHM-quartertone.wav
1536,31,gauss_FWHM-wholetone,gauss052_E4_FWHM-quartertone.wav,gauss_FWHM-wholetone/gauss052_E4_FWHM-quartertone.wav,./wav/gauss_FWHM-wholetone/gauss052_E4_FWHM-quartertone.wav
1537,31,gauss_FWHM-wholetone,gauss053_F4_FWHM-quartertone.wav,gauss_FWHM-wholetone/gauss053_F4_FWHM-quartertone.wav,./wav/gauss_FWHM-wholetone/gauss053_F4_FWHM-quartertone.wav
1538,31,gauss_FWHM-wholetone,gauss054_Fis4_FWHM-quartertone.wav,gauss_FWHM-wholetone/gauss054_Fis4_FWHM-quartertone.wav,./wav/gauss_FWHM-wholetone/gauss054_Fis4_FWHM-quartertone.wav
1539,31,gauss_FWHM-wholetone,gauss055_G4_FWHM-quartertone.wav,gauss_FWHM-wholetone/gauss055_G4_FWHM-quartertone.wav,./wav/gauss_FWHM-wholetone/gauss055_G4_FWHM-quartertone.wav
1540,31,gauss_FWHM-wholetone,gauss056_Gis4_FWHM-quartertone.wav,gauss_FWHM-wholetone/gauss056_Gis4_FWHM-quartertone.wav,./wav/gauss_FWHM-wholetone/gauss056_Gis4_FWHM-quartertone.wav
1541,31,gauss_FWHM-wholetone,gauss057_A4_FWHM-quartertone.wav,gauss_FWHM-wholetone/gauss057_A4_FWHM-quartertone.wav,./wav/gauss_FWHM-wholetone/gauss057_A4_FWHM-quartertone.wav
1542,31,gauss_FWHM-wholetone,gauss058_Ais4_FWHM-quartertone.wav,gauss_FWHM-wholetone/gauss058_Ais4_FWHM-quartertone.wav,./wav/gauss_FWHM-wholetone/gauss058_Ais4_FWHM-quartertone.wav
1543,31,gauss_FWHM-wholetone,gauss059_H4_FWHM-quartertone.wav,gauss_FWHM-wholetone/gauss059_H4_FWHM-quartertone.wav,./wav/gauss_FWHM-wholetone/gauss059_H4_FWHM-quartertone.wav
1544,31,gauss_FWHM-wholetone,gauss060_C5_FWHM-quartertone.wav,gauss_FWHM-wholetone/gauss060_C5_FWHM-quartertone.wav,./wav/gauss_FWHM-wholetone/gauss060_C5_FWHM-quartertone.wav
1545,31,gauss_FWHM-wholetone,gauss061_Cis5_FWHM-quartertone.wav,gauss_FWHM-wholetone/gauss061_Cis5_FWHM-quartertone.wav,./wav/gauss_FWHM-wholetone/gauss061_Cis5_FWHM-quartertone.wav
1546,31,gauss_FWHM-wholetone,gauss062_D5_FWHM-quartertone.wav,gauss_FWHM-wholetone/gauss062_D5_FWHM-quartertone.wav,./wav/gauss_FWHM-wholetone/gauss062_D5_FWHM-quartertone.wav
1547,31,gauss_FWHM-wholetone,gauss063_Dis5_FWHM-quartertone.wav,gauss_FWHM-wholetone/gauss063_Dis5_FWHM-quartertone.wav,./wav/gauss_FWHM-wholetone/gauss063_Dis5_FWHM-quartertone.wav
1548,31,gauss_FWHM-wholetone,gauss064_E5_FWHM-quartertone.wav,gauss_FWHM-wholetone/gauss064_E5_FWHM-quartertone.wav,./wav/gauss_FWHM-wholetone/gauss064_E5_FWHM-quartertone.wav
1549,31,gauss_FWHM-wholetone,gauss065_F5_FWHM-quartertone.wav,gauss_FWHM-wholetone/gauss065_F5_FWHM-quartertone.wav,./wav/gauss_FWHM-wholetone/gauss065_F5_FWHM-quartertone.wav
1550,31,gauss_FWHM-wholetone,gauss066_Fis5_FWHM-quartertone.wav,gauss_FWHM-wholetone/gauss066_Fis5_FWHM-quartertone.wav,./wav/gauss_FWHM-wholetone/gauss066_Fis5_FWHM-quartertone.wav
1551,31,gauss_FWHM-wholetone,gauss067_G5_FWHM-quartertone.wav,gauss_FWHM-wholetone/gauss067_G5_FWHM-quartertone.wav,./wav/gauss_FWHM-wholetone/gauss067_G5_FWHM-quartertone.wav
1552,31,gauss_FWHM-wholetone,gauss068_Gis5_FWHM-quartertone.wav,gauss_FWHM-wholetone/gauss068_Gis5_FWHM-quartertone.wav,./wav/gauss_FWHM-wholetone/gauss068_Gis5_FWHM-quartertone.wav
1553,31,gauss_FWHM-wholetone,gauss069_A5_FWHM-quartertone.wav,gauss_FWHM-wholetone/gauss069_A5_FWHM-quartertone.wav,./wav/gauss_FWHM-wholetone/gauss069_A5_FWHM-quartertone.wav
1554,31,gauss_FWHM-wholetone,gauss070_Ais5_FWHM-quartertone.wav,gauss_FWHM-wholetone/gauss070_Ais5_FWHM-quartertone.wav,./wav/gauss_FWHM-wholetone/gauss070_Ais5_FWHM-quartertone.wav
1555,31,gauss_FWHM-wholetone,gauss071_H5_FWHM-quartertone.wav,gauss_FWHM-wholetone/gauss071_H5_FWHM-quartertone.wav,./wav/gauss_FWHM-wholetone/gauss071_H5_FWHM-quartertone.wav
1556,31,gauss_FWHM-wholetone,gauss072_C6_FWHM-quartertone.wav,gauss_FWHM-wholetone/gauss072_C6_FWHM-quartertone.wav,./wav/gauss_FWHM-wholetone/gauss072_C6_FWHM-quartertone.wav
1557,31,gauss_FWHM-wholetone,gauss073_Cis6_FWHM-quartertone.wav,gauss_FWHM-wholetone/gauss073_Cis6_FWHM-quartertone.wav,./wav/gauss_FWHM-wholetone/gauss073_Cis6_FWHM-quartertone.wav
1558,31,gauss_FWHM-wholetone,gauss074_D6_FWHM-quartertone.wav,gauss_FWHM-wholetone/gauss074_D6_FWHM-quartertone.wav,./wav/gauss_FWHM-wholetone/gauss074_D6_FWHM-quartertone.wav
1559,31,gauss_FWHM-wholetone,gauss075_Dis6_FWHM-quartertone.wav,gauss_FWHM-wholetone/gauss075_Dis6_FWHM-quartertone.wav,./wav/gauss_FWHM-wholetone/gauss075_Dis6_FWHM-quartertone.wav
1560,31,gauss_FWHM-wholetone,gauss076_E6_FWHM-quartertone.wav,gauss_FWHM-wholetone/gauss076_E6_FWHM-quartertone.wav,./wav/gauss_FWHM-wholetone/gauss076_E6_FWHM-quartertone.wav
1561,31,gauss_FWHM-wholetone,gauss077_F6_FWHM-quartertone.wav,gauss_FWHM-wholetone/gauss077_F6_FWHM-quartertone.wav,./wav/gauss_FWHM-wholetone/gauss077_F6_FWHM-quartertone.wav
1562,31,gauss_FWHM-wholetone,gauss078_Fis6_FWHM-quartertone.wav,gauss_FWHM-wholetone/gauss078_Fis6_FWHM-quartertone.wav,./wav/gauss_FWHM-wholetone/gauss078_Fis6_FWHM-quartertone.wav
1563,31,gauss_FWHM-wholetone,gauss079_G6_FWHM-quartertone.wav,gauss_FWHM-wholetone/gauss079_G6_FWHM-quartertone.wav,./wav/gauss_FWHM-wholetone/gauss079_G6_FWHM-quartertone.wav
1564,31,gauss_FWHM-wholetone,gauss080_Gis6_FWHM-quartertone.wav,gauss_FWHM-wholetone/gauss080_Gis6_FWHM-quartertone.wav,./wav/gauss_FWHM-wholetone/gauss080_Gis6_FWHM-quartertone.wav
1565,31,gauss_FWHM-wholetone,gauss081_A6_FWHM-quartertone.wav,gauss_FWHM-wholetone/gauss081_A6_FWHM-quartertone.wav,./wav/gauss_FWHM-wholetone/gauss081_A6_FWHM-quartertone.wav
1566,31,gauss_FWHM-wholetone,gauss082_Ais6_FWHM-quartertone.wav,gauss_FWHM-wholetone/gauss082_Ais6_FWHM-quartertone.wav,./wav/gauss_FWHM-wholetone/gauss082_Ais6_FWHM-quartertone.wav
1567,31,gauss_FWHM-wholetone,gauss083_H6_FWHM-quartertone.wav,gauss_FWHM-wholetone/gauss083_H6_FWHM-quartertone.wav,./wav/gauss_FWHM-wholetone/gauss083_H6_FWHM-quartertone.wav
1568,31,gauss_FWHM-wholetone,gauss084_C7_FWHM-quartertone.wav,gauss_FWHM-wholetone/gauss084_C7_FWHM-quartertone.wav,./wav/gauss_FWHM-wholetone/gauss084_C7_FWHM-quartertone.wav
1569,31,gauss_FWHM-wholetone,gauss085_Cis7_FWHM-quartertone.wav,gauss_FWHM-wholetone/gauss085_Cis7_FWHM-quartertone.wav,./wav/gauss_FWHM-wholetone/gauss085_Cis7_FWHM-quartertone.wav
1570,31,gauss_FWHM-wholetone,gauss086_D7_FWHM-quartertone.wav,gauss_FWHM-wholetone/gauss086_D7_FWHM-quartertone.wav,./wav/gauss_FWHM-wholetone/gauss086_D7_FWHM-quartertone.wav
1571,31,gauss_FWHM-wholetone,gauss087_Dis7_FWHM-quartertone.wav,gauss_FWHM-wholetone/gauss087_Dis7_FWHM-quartertone.wav,./wav/gauss_FWHM-wholetone/gauss087_Dis7_FWHM-quartertone.wav
1572,31,gauss_FWHM-wholetone,gauss088_E7_FWHM-quartertone.wav,gauss_FWHM-wholetone/gauss088_E7_FWHM-quartertone.wav,./wav/gauss_FWHM-wholetone/gauss088_E7_FWHM-quartertone.wav
1573,31,gauss_FWHM-wholetone,gauss089_F7_FWHM-quartertone.wav,gauss_FWHM-wholetone/gauss089_F7_FWHM-quartertone.wav,./wav/gauss_FWHM-wholetone/gauss089_F7_FWHM-quartertone.wav
1574,31,gauss_FWHM-wholetone,gauss090_Fis7_FWHM-quartertone.wav,gauss_FWHM-wholetone/gauss090_Fis7_FWHM-quartertone.wav,./wav/gauss_FWHM-wholetone/gauss090_Fis7_FWHM-quartertone.wav
1575,31,gauss_FWHM-wholetone,gauss091_G7_FWHM-quartertone.wav,gauss_FWHM-wholetone/gauss091_G7_FWHM-quartertone.wav,./wav/gauss_FWHM-wholetone/gauss091_G7_FWHM-quartertone.wav
1576,31,gauss_FWHM-wholetone,gauss092_Gis7_FWHM-quartertone.wav,gauss_FWHM-wholetone/gauss092_Gis7_FWHM-quartertone.wav,./wav/gauss_FWHM-wholetone/gauss092_Gis7_FWHM-quartertone.wav
1577,31,gauss_FWHM-wholetone,gauss093_A7_FWHM-quartertone.wav,gauss_FWHM-wholetone/gauss093_A7_FWHM-quartertone.wav,./wav/gauss_FWHM-wholetone/gauss093_A7_FWHM-quartertone.wav
1578,31,gauss_FWHM-wholetone,gauss094_Ais7_FWHM-quartertone.wav,gauss_FWHM-wholetone/gauss094_Ais7_FWHM-quartertone.wav,./wav/gauss_FWHM-wholetone/gauss094_Ais7_FWHM-quartertone.wav
1579,31,gauss_FWHM-wholetone,gauss095_H7_FWHM-quartertone.wav,gauss_FWHM-wholetone/gauss095_H7_FWHM-quartertone.wav,./wav/gauss_FWHM-wholetone/gauss095_H7_FWHM-quartertone.wav
1580,31,gauss_FWHM-wholetone,gauss096_C8_FWHM-quartertone.wav,gauss_FWHM-wholetone/gauss096_C8_FWHM-quartertone.wav,./wav/gauss_FWHM-wholetone/gauss096_C8_FWHM-quartertone.wav
1581,32,gauss_FWHM-halftone,gauss000_C0_FWHM-halftone.wav,gauss_FWHM-halftone/gauss000_C0_FWHM-halftone.wav,./wav/gauss_FWHM-halftone/gauss000_C0_FWHM-halftone.wav
1582,32,gauss_FWHM-halftone,gauss001_Cis0_FWHM-halftone.wav,gauss_FWHM-halftone/gauss001_Cis0_FWHM-halftone.wav,./wav/gauss_FWHM-halftone/gauss001_Cis0_FWHM-halftone.wav
1583,32,gauss_FWHM-halftone,gauss002_D0_FWHM-halftone.wav,gauss_FWHM-halftone/gauss002_D0_FWHM-halftone.wav,./wav/gauss_FWHM-halftone/gauss002_D0_FWHM-halftone.wav
1584,32,gauss_FWHM-halftone,gauss003_Dis0_FWHM-halftone.wav,gauss_FWHM-halftone/gauss003_Dis0_FWHM-halftone.wav,./wav/gauss_FWHM-halftone/gauss003_Dis0_FWHM-halftone.wav
1585,32,gauss_FWHM-halftone,gauss004_E0_FWHM-halftone.wav,gauss_FWHM-halftone/gauss004_E0_FWHM-halftone.wav,./wav/gauss_FWHM-halftone/gauss004_E0_FWHM-halftone.wav
1586,32,gauss_FWHM-halftone,gauss005_F0_FWHM-halftone.wav,gauss_FWHM-halftone/gauss005_F0_FWHM-halftone.wav,./wav/gauss_FWHM-halftone/gauss005_F0_FWHM-halftone.wav
1587,32,gauss_FWHM-halftone,gauss006_Fis0_FWHM-halftone.wav,gauss_FWHM-halftone/gauss006_Fis0_FWHM-halftone.wav,./wav/gauss_FWHM-halftone/gauss006_Fis0_FWHM-halftone.wav
1588,32,gauss_FWHM-halftone,gauss007_G0_FWHM-halftone.wav,gauss_FWHM-halftone/gauss007_G0_FWHM-halftone.wav,./wav/gauss_FWHM-halftone/gauss007_G0_FWHM-halftone.wav
1589,32,gauss_FWHM-halftone,gauss008_Gis0_FWHM-halftone.wav,gauss_FWHM-halftone/gauss008_Gis0_FWHM-halftone.wav,./wav/gauss_FWHM-halftone/gauss008_Gis0_FWHM-halftone.wav
1590,32,gauss_FWHM-halftone,gauss009_A0_FWHM-halftone.wav,gauss_FWHM-halftone/gauss009_A0_FWHM-halftone.wav,./wav/gauss_FWHM-halftone/gauss009_A0_FWHM-halftone.wav
1591,32,gauss_FWHM-halftone,gauss010_Ais0_FWHM-halftone.wav,gauss_FWHM-halftone/gauss010_Ais0_FWHM-halftone.wav,./wav/gauss_FWHM-halftone/gauss010_Ais0_FWHM-halftone.wav
1592,32,gauss_FWHM-halftone,gauss011_H0_FWHM-halftone.wav,gauss_FWHM-halftone/gauss011_H0_FWHM-halftone.wav,./wav/gauss_FWHM-halftone/gauss011_H0_FWHM-halftone.wav
1593,32,gauss_FWHM-halftone,gauss012_C1_FWHM-halftone.wav,gauss_FWHM-halftone/gauss012_C1_FWHM-halftone.wav,./wav/gauss_FWHM-halftone/gauss012_C1_FWHM-halftone.wav
1594,32,gauss_FWHM-halftone,gauss013_Cis1_FWHM-halftone.wav,gauss_FWHM-halftone/gauss013_Cis1_FWHM-halftone.wav,./wav/gauss_FWHM-halftone/gauss013_Cis1_FWHM-halftone.wav
1595,32,gauss_FWHM-halftone,gauss014_D1_FWHM-halftone.wav,gauss_FWHM-halftone/gauss014_D1_FWHM-halftone.wav,./wav/gauss_FWHM-halftone/gauss014_D1_FWHM-halftone.wav
1596,32,gauss_FWHM-halftone,gauss015_Dis1_FWHM-halftone.wav,gauss_FWHM-halftone/gauss015_Dis1_FWHM-halftone.wav,./wav/gauss_FWHM-halftone/gauss015_Dis1_FWHM-halftone.wav
1597,32,gauss_FWHM-halftone,gauss016_E1_FWHM-halftone.wav,gauss_FWHM-halftone/gauss016_E1_FWHM-halftone.wav,./wav/gauss_FWHM-halftone/gauss016_E1_FWHM-halftone.wav
1598,32,gauss_FWHM-halftone,gauss017_F1_FWHM-halftone.wav,gauss_FWHM-halftone/gauss017_F1_FWHM-halftone.wav,./wav/gauss_FWHM-halftone/gauss017_F1_FWHM-halftone.wav
1599,32,gauss_FWHM-halftone,gauss018_Fis1_FWHM-halftone.wav,gauss_FWHM-halftone/gauss018_Fis1_FWHM-halftone.wav,./wav/gauss_FWHM-halftone/gauss018_Fis1_FWHM-halftone.wav
1600,32,gauss_FWHM-halftone,gauss019_G1_FWHM-halftone.wav,gauss_FWHM-halftone/gauss019_G1_FWHM-halftone.wav,./wav/gauss_FWHM-halftone/gauss019_G1_FWHM-halftone.wav
1601,32,gauss_FWHM-halftone,gauss020_Gis1_FWHM-halftone.wav,gauss_FWHM-halftone/gauss020_Gis1_FWHM-halftone.wav,./wav/gauss_FWHM-halftone/gauss020_Gis1_FWHM-halftone.wav
1602,32,gauss_FWHM-halftone,gauss021_A1_FWHM-halftone.wav,gauss_FWHM-halftone/gauss021_A1_FWHM-halftone.wav,./wav/gauss_FWHM-halftone/gauss021_A1_FWHM-halftone.wav
1603,32,gauss_FWHM-halftone,gauss022_Ais1_FWHM-halftone.wav,gauss_FWHM-halftone/gauss022_Ais1_FWHM-halftone.wav,./wav/gauss_FWHM-halftone/gauss022_Ais1_FWHM-halftone.wav
1604,32,gauss_FWHM-halftone,gauss023_H1_FWHM-halftone.wav,gauss_FWHM-halftone/gauss023_H1_FWHM-halftone.wav,./wav/gauss_FWHM-halftone/gauss023_H1_FWHM-halftone.wav
1605,32,gauss_FWHM-halftone,gauss024_C2_FWHM-halftone.wav,gauss_FWHM-halftone/gauss024_C2_FWHM-halftone.wav,./wav/gauss_FWHM-halftone/gauss024_C2_FWHM-halftone.wav
1606,32,gauss_FWHM-halftone,gauss025_Cis2_FWHM-halftone.wav,gauss_FWHM-halftone/gauss025_Cis2_FWHM-halftone.wav,./wav/gauss_FWHM-halftone/gauss025_Cis2_FWHM-halftone.wav
1607,32,gauss_FWHM-halftone,gauss026_D2_FWHM-halftone.wav,gauss_FWHM-halftone/gauss026_D2_FWHM-halftone.wav,./wav/gauss_FWHM-halftone/gauss026_D2_FWHM-halftone.wav
1608,32,gauss_FWHM-halftone,gauss027_Dis2_FWHM-halftone.wav,gauss_FWHM-halftone/gauss027_Dis2_FWHM-halftone.wav,./wav/gauss_FWHM-halftone/gauss027_Dis2_FWHM-halftone.wav
1609,32,gauss_FWHM-halftone,gauss028_E2_FWHM-halftone.wav,gauss_FWHM-halftone/gauss028_E2_FWHM-halftone.wav,./wav/gauss_FWHM-halftone/gauss028_E2_FWHM-halftone.wav
1610,32,gauss_FWHM-halftone,gauss029_F2_FWHM-halftone.wav,gauss_FWHM-halftone/gauss029_F2_FWHM-halftone.wav,./wav/gauss_FWHM-halftone/gauss029_F2_FWHM-halftone.wav
1611,32,gauss_FWHM-halftone,gauss030_Fis2_FWHM-halftone.wav,gauss_FWHM-halftone/gauss030_Fis2_FWHM-halftone.wav,./wav/gauss_FWHM-halftone/gauss030_Fis2_FWHM-halftone.wav
1612,32,gauss_FWHM-halftone,gauss031_G2_FWHM-halftone.wav,gauss_FWHM-halftone/gauss031_G2_FWHM-halftone.wav,./wav/gauss_FWHM-halftone/gauss031_G2_FWHM-halftone.wav
1613,32,gauss_FWHM-halftone,gauss032_Gis2_FWHM-halftone.wav,gauss_FWHM-halftone/gauss032_Gis2_FWHM-halftone.wav,./wav/gauss_FWHM-halftone/gauss032_Gis2_FWHM-halftone.wav
1614,32,gauss_FWHM-halftone,gauss033_A2_FWHM-halftone.wav,gauss_FWHM-halftone/gauss033_A2_FWHM-halftone.wav,./wav/gauss_FWHM-halftone/gauss033_A2_FWHM-halftone.wav
1615,32,gauss_FWHM-halftone,gauss034_Ais2_FWHM-halftone.wav,gauss_FWHM-halftone/gauss034_Ais2_FWHM-halftone.wav,./wav/gauss_FWHM-halftone/gauss034_Ais2_FWHM-halftone.wav
1616,32,gauss_FWHM-halftone,gauss035_H2_FWHM-halftone.wav,gauss_FWHM-halftone/gauss035_H2_FWHM-halftone.wav,./wav/gauss_FWHM-halftone/gauss035_H2_FWHM-halftone.wav
1617,32,gauss_FWHM-halftone,gauss036_C3_FWHM-halftone.wav,gauss_FWHM-halftone/gauss036_C3_FWHM-halftone.wav,./wav/gauss_FWHM-halftone/gauss036_C3_FWHM-halftone.wav
1618,32,gauss_FWHM-halftone,gauss037_Cis3_FWHM-halftone.wav,gauss_FWHM-halftone/gauss037_Cis3_FWHM-halftone.wav,./wav/gauss_FWHM-halftone/gauss037_Cis3_FWHM-halftone.wav
1619,32,gauss_FWHM-halftone,gauss038_D3_FWHM-halftone.wav,gauss_FWHM-halftone/gauss038_D3_FWHM-halftone.wav,./wav/gauss_FWHM-halftone/gauss038_D3_FWHM-halftone.wav
1620,32,gauss_FWHM-halftone,gauss039_Dis3_FWHM-halftone.wav,gauss_FWHM-halftone/gauss039_Dis3_FWHM-halftone.wav,./wav/gauss_FWHM-halftone/gauss039_Dis3_FWHM-halftone.wav
1621,32,gauss_FWHM-halftone,gauss040_E3_FWHM-halftone.wav,gauss_FWHM-halftone/gauss040_E3_FWHM-halftone.wav,./wav/gauss_FWHM-halftone/gauss040_E3_FWHM-halftone.wav
1622,32,gauss_FWHM-halftone,gauss041_F3_FWHM-halftone.wav,gauss_FWHM-halftone/gauss041_F3_FWHM-halftone.wav,./wav/gauss_FWHM-halftone/gauss041_F3_FWHM-halftone.wav
1623,32,gauss_FWHM-halftone,gauss042_Fis3_FWHM-halftone.wav,gauss_FWHM-halftone/gauss042_Fis3_FWHM-halftone.wav,./wav/gauss_FWHM-halftone/gauss042_Fis3_FWHM-halftone.wav
1624,32,gauss_FWHM-halftone,gauss043_G3_FWHM-halftone.wav,gauss_FWHM-halftone/gauss043_G3_FWHM-halftone.wav,./wav/gauss_FWHM-halftone/gauss043_G3_FWHM-halftone.wav
1625,32,gauss_FWHM-halftone,gauss044_Gis3_FWHM-halftone.wav,gauss_FWHM-halftone/gauss044_Gis3_FWHM-halftone.wav,./wav/gauss_FWHM-halftone/gauss044_Gis3_FWHM-halftone.wav
1626,32,gauss_FWHM-halftone,gauss045_A3_FWHM-halftone.wav,gauss_FWHM-halftone/gauss045_A3_FWHM-halftone.wav,./wav/gauss_FWHM-halftone/gauss045_A3_FWHM-halftone.wav
1627,32,gauss_FWHM-halftone,gauss046_Ais3_FWHM-halftone.wav,gauss_FWHM-halftone/gauss046_Ais3_FWHM-halftone.wav,./wav/gauss_FWHM-halftone/gauss046_Ais3_FWHM-halftone.wav
1628,32,gauss_FWHM-halftone,gauss047_H3_FWHM-halftone.wav,gauss_FWHM-halftone/gauss047_H3_FWHM-halftone.wav,./wav/gauss_FWHM-halftone/gauss047_H3_FWHM-halftone.wav
1629,32,gauss_FWHM-halftone,gauss048_C4_FWHM-halftone.wav,gauss_FWHM-halftone/gauss048_C4_FWHM-halftone.wav,./wav/gauss_FWHM-halftone/gauss048_C4_FWHM-halftone.wav
1630,32,gauss_FWHM-halftone,gauss049_Cis4_FWHM-halftone.wav,gauss_FWHM-halftone/gauss049_Cis4_FWHM-halftone.wav,./wav/gauss_FWHM-halftone/gauss049_Cis4_FWHM-halftone.wav
1631,32,gauss_FWHM-halftone,gauss050_D4_FWHM-halftone.wav,gauss_FWHM-halftone/gauss050_D4_FWHM-halftone.wav,./wav/gauss_FWHM-halftone/gauss050_D4_FWHM-halftone.wav
1632,32,gauss_FWHM-halftone,gauss051_Dis4_FWHM-halftone.wav,gauss_FWHM-halftone/gauss051_Dis4_FWHM-halftone.wav,./wav/gauss_FWHM-halftone/gauss051_Dis4_FWHM-halftone.wav
1633,32,gauss_FWHM-halftone,gauss052_E4_FWHM-halftone.wav,gauss_FWHM-halftone/gauss052_E4_FWHM-halftone.wav,./wav/gauss_FWHM-halftone/gauss052_E4_FWHM-halftone.wav
1634,32,gauss_FWHM-halftone,gauss053_F4_FWHM-halftone.wav,gauss_FWHM-halftone/gauss053_F4_FWHM-halftone.wav,./wav/gauss_FWHM-halftone/gauss053_F4_FWHM-halftone.wav
1635,32,gauss_FWHM-halftone,gauss054_Fis4_FWHM-halftone.wav,gauss_FWHM-halftone/gauss054_Fis4_FWHM-halftone.wav,./wav/gauss_FWHM-halftone/gauss054_Fis4_FWHM-halftone.wav
1636,32,gauss_FWHM-halftone,gauss055_G4_FWHM-halftone.wav,gauss_FWHM-halftone/gauss055_G4_FWHM-halftone.wav,./wav/gauss_FWHM-halftone/gauss055_G4_FWHM-halftone.wav
1637,32,gauss_FWHM-halftone,gauss056_Gis4_FWHM-halftone.wav,gauss_FWHM-halftone/gauss056_Gis4_FWHM-halftone.wav,./wav/gauss_FWHM-halftone/gauss056_Gis4_FWHM-halftone.wav
1638,32,gauss_FWHM-halftone,gauss057_A4_FWHM-halftone.wav,gauss_FWHM-halftone/gauss057_A4_FWHM-halftone.wav,./wav/gauss_FWHM-halftone/gauss057_A4_FWHM-halftone.wav
1639,32,gauss_FWHM-halftone,gauss058_Ais4_FWHM-halftone.wav,gauss_FWHM-halftone/gauss058_Ais4_FWHM-halftone.wav,./wav/gauss_FWHM-halftone/gauss058_Ais4_FWHM-halftone.wav
1640,32,gauss_FWHM-halftone,gauss059_H4_FWHM-halftone.wav,gauss_FWHM-halftone/gauss059_H4_FWHM-halftone.wav,./wav/gauss_FWHM-halftone/gauss059_H4_FWHM-halftone.wav
1641,32,gauss_FWHM-halftone,gauss060_C5_FWHM-halftone.wav,gauss_FWHM-halftone/gauss060_C5_FWHM-halftone.wav,./wav/gauss_FWHM-halftone/gauss060_C5_FWHM-halftone.wav
1642,32,gauss_FWHM-halftone,gauss061_Cis5_FWHM-halftone.wav,gauss_FWHM-halftone/gauss061_Cis5_FWHM-halftone.wav,./wav/gauss_FWHM-halftone/gauss061_Cis5_FWHM-halftone.wav
1643,32,gauss_FWHM-halftone,gauss062_D5_FWHM-halftone.wav,gauss_FWHM-halftone/gauss062_D5_FWHM-halftone.wav,./wav/gauss_FWHM-halftone/gauss062_D5_FWHM-halftone.wav
1644,32,gauss_FWHM-halftone,gauss063_Dis5_FWHM-halftone.wav,gauss_FWHM-halftone/gauss063_Dis5_FWHM-halftone.wav,./wav/gauss_FWHM-halftone/gauss063_Dis5_FWHM-halftone.wav
1645,32,gauss_FWHM-halftone,gauss064_E5_FWHM-halftone.wav,gauss_FWHM-halftone/gauss064_E5_FWHM-halftone.wav,./wav/gauss_FWHM-halftone/gauss064_E5_FWHM-halftone.wav
1646,32,gauss_FWHM-halftone,gauss065_F5_FWHM-halftone.wav,gauss_FWHM-halftone/gauss065_F5_FWHM-halftone.wav,./wav/gauss_FWHM-halftone/gauss065_F5_FWHM-halftone.wav
1647,32,gauss_FWHM-halftone,gauss066_Fis5_FWHM-halftone.wav,gauss_FWHM-halftone/gauss066_Fis5_FWHM-halftone.wav,./wav/gauss_FWHM-halftone/gauss066_Fis5_FWHM-halftone.wav
1648,32,gauss_FWHM-halftone,gauss067_G5_FWHM-halftone.wav,gauss_FWHM-halftone/gauss067_G5_FWHM-halftone.wav,./wav/gauss_FWHM-halftone/gauss067_G5_FWHM-halftone.wav
1649,32,gauss_FWHM-halftone,gauss068_Gis5_FWHM-halftone.wav,gauss_FWHM-halftone/gauss068_Gis5_FWHM-halftone.wav,./wav/gauss_FWHM-halftone/gauss068_Gis5_FWHM-halftone.wav
1650,32,gauss_FWHM-halftone,gauss069_A5_FWHM-halftone.wav,gauss_FWHM-halftone/gauss069_A5_FWHM-halftone.wav,./wav/gauss_FWHM-halftone/gauss069_A5_FWHM-halftone.wav
1651,32,gauss_FWHM-halftone,gauss070_Ais5_FWHM-halftone.wav,gauss_FWHM-halftone/gauss070_Ais5_FWHM-halftone.wav,./wav/gauss_FWHM-halftone/gauss070_Ais5_FWHM-halftone.wav
1652,32,gauss_FWHM-halftone,gauss071_H5_FWHM-halftone.wav,gauss_FWHM-halftone/gauss071_H5_FWHM-halftone.wav,./wav/gauss_FWHM-halftone/gauss071_H5_FWHM-halftone.wav
1653,32,gauss_FWHM-halftone,gauss072_C6_FWHM-halftone.wav,gauss_FWHM-halftone/gauss072_C6_FWHM-halftone.wav,./wav/gauss_FWHM-halftone/gauss072_C6_FWHM-halftone.wav
1654,32,gauss_FWHM-halftone,gauss073_Cis6_FWHM-halftone.wav,gauss_FWHM-halftone/gauss073_Cis6_FWHM-halftone.wav,./wav/gauss_FWHM-halftone/gauss073_Cis6_FWHM-halftone.wav
1655,32,gauss_FWHM-halftone,gauss074_D6_FWHM-halftone.wav,gauss_FWHM-halftone/gauss074_D6_FWHM-halftone.wav,./wav/gauss_FWHM-halftone/gauss074_D6_FWHM-halftone.wav
1656,32,gauss_FWHM-halftone,gauss075_Dis6_FWHM-halftone.wav,gauss_FWHM-halftone/gauss075_Dis6_FWHM-halftone.wav,./wav/gauss_FWHM-halftone/gauss075_Dis6_FWHM-halftone.wav
1657,32,gauss_FWHM-halftone,gauss076_E6_FWHM-halftone.wav,gauss_FWHM-halftone/gauss076_E6_FWHM-halftone.wav,./wav/gauss_FWHM-halftone/gauss076_E6_FWHM-halftone.wav
1658,32,gauss_FWHM-halftone,gauss077_F6_FWHM-halftone.wav,gauss_FWHM-halftone/gauss077_F6_FWHM-halftone.wav,./wav/gauss_FWHM-halftone/gauss077_F6_FWHM-halftone.wav
1659,32,gauss_FWHM-halftone,gauss078_Fis6_FWHM-halftone.wav,gauss_FWHM-halftone/gauss078_Fis6_FWHM-halftone.wav,./wav/gauss_FWHM-halftone/gauss078_Fis6_FWHM-halftone.wav
1660,32,gauss_FWHM-halftone,gauss079_G6_FWHM-halftone.wav,gauss_FWHM-halftone/gauss079_G6_FWHM-halftone.wav,./wav/gauss_FWHM-halftone/gauss079_G6_FWHM-halftone.wav
1661,32,gauss_FWHM-halftone,gauss080_Gis6_FWHM-halftone.wav,gauss_FWHM-halftone/gauss080_Gis6_FWHM-halftone.wav,./wav/gauss_FWHM-halftone/gauss080_Gis6_FWHM-halftone.wav
1662,32,gauss_FWHM-halftone,gauss081_A6_FWHM-halftone.wav,gauss_FWHM-halftone/gauss081_A6_FWHM-halftone.wav,./wav/gauss_FWHM-halftone/gauss081_A6_FWHM-halftone.wav
1663,32,gauss_FWHM-halftone,gauss082_Ais6_FWHM-halftone.wav,gauss_FWHM-halftone/gauss082_Ais6_FWHM-halftone.wav,./wav/gauss_FWHM-halftone/gauss082_Ais6_FWHM-halftone.wav
1664,32,gauss_FWHM-halftone,gauss083_H6_FWHM-halftone.wav,gauss_FWHM-halftone/gauss083_H6_FWHM-halftone.wav,./wav/gauss_FWHM-halftone/gauss083_H6_FWHM-halftone.wav
1665,32,gauss_FWHM-halftone,gauss084_C7_FWHM-halftone.wav,gauss_FWHM-halftone/gauss084_C7_FWHM-halftone.wav,./wav/gauss_FWHM-halftone/gauss084_C7_FWHM-halftone.wav
1666,32,gauss_FWHM-halftone,gauss085_Cis7_FWHM-halftone.wav,gauss_FWHM-halftone/gauss085_Cis7_FWHM-halftone.wav,./wav/gauss_FWHM-halftone/gauss085_Cis7_FWHM-halftone.wav
1667,32,gauss_FWHM-halftone,gauss086_D7_FWHM-halftone.wav,gauss_FWHM-halftone/gauss086_D7_FWHM-halftone.wav,./wav/gauss_FWHM-halftone/gauss086_D7_FWHM-halftone.wav
1668,32,gauss_FWHM-halftone,gauss087_Dis7_FWHM-halftone.wav,gauss_FWHM-halftone/gauss087_Dis7_FWHM-halftone.wav,./wav/gauss_FWHM-halftone/gauss087_Dis7_FWHM-halftone.wav
1669,32,gauss_FWHM-halftone,gauss088_E7_FWHM-halftone.wav,gauss_FWHM-halftone/gauss088_E7_FWHM-halftone.wav,./wav/gauss_FWHM-halftone/gauss088_E7_FWHM-halftone.wav
1670,32,gauss_FWHM-halftone,gauss089_F7_FWHM-halftone.wav,gauss_FWHM-halftone/gauss089_F7_FWHM-halftone.wav,./wav/gauss_FWHM-halftone/gauss089_F7_FWHM-halftone.wav
1671,32,gauss_FWHM-halftone,gauss090_Fis7_FWHM-halftone.wav,gauss_FWHM-halftone/gauss090_Fis7_FWHM-halftone.wav,./wav/gauss_FWHM-halftone/gauss090_Fis7_FWHM-halftone.wav
1672,32,gauss_FWHM-halftone,gauss091_G7_FWHM-halftone.wav,gauss_FWHM-halftone/gauss091_G7_FWHM-halftone.wav,./wav/gauss_FWHM-halftone/gauss091_G7_FWHM-halftone.wav
1673,32,gauss_FWHM-halftone,gauss092_Gis7_FWHM-halftone.wav,gauss_FWHM-halftone/gauss092_Gis7_FWHM-halftone.wav,./wav/gauss_FWHM-halftone/gauss092_Gis7_FWHM-halftone.wav
1674,32,gauss_FWHM-halftone,gauss093_A7_FWHM-halftone.wav,gauss_FWHM-halftone/gauss093_A7_FWHM-halftone.wav,./wav/gauss_FWHM-halftone/gauss093_A7_FWHM-halftone.wav
1675,32,gauss_FWHM-halftone,gauss094_Ais7_FWHM-halftone.wav,gauss_FWHM-halftone/gauss094_Ais7_FWHM-halftone.wav,./wav/gauss_FWHM-halftone/gauss094_Ais7_FWHM-halftone.wav
1676,32,gauss_FWHM-halftone,gauss095_H7_FWHM-halftone.wav,gauss_FWHM-halftone/gauss095_H7_FWHM-halftone.wav,./wav/gauss_FWHM-halftone/gauss095_H7_FWHM-halftone.wav
1677,32,gauss_FWHM-halftone,gauss096_C8_FWHM-halftone.wav,gauss_FWHM-halftone/gauss096_C8_FWHM-halftone.wav,./wav/gauss_FWHM-halftone/gauss096_C8_FWHM-halftone.wav
1678,33,gauss_FWHM-quartertone,gauss000_C0_FWHM-quartertone.wav,gauss_FWHM-quartertone/gauss000_C0_FWHM-quartertone.wav,./wav/gauss_FWHM-quartertone/gauss000_C0_FWHM-quartertone.wav
1679,33,gauss_FWHM-quartertone,gauss001_Cis0_FWHM-quartertone.wav,gauss_FWHM-quartertone/gauss001_Cis0_FWHM-quartertone.wav,./wav/gauss_FWHM-quartertone/gauss001_Cis0_FWHM-quartertone.wav
1680,33,gauss_FWHM-quartertone,gauss002_D0_FWHM-quartertone.wav,gauss_FWHM-quartertone/gauss002_D0_FWHM-quartertone.wav,./wav/gauss_FWHM-quartertone/gauss002_D0_FWHM-quartertone.wav
1681,33,gauss_FWHM-quartertone,gauss003_Dis0_FWHM-quartertone.wav,gauss_FWHM-quartertone/gauss003_Dis0_FWHM-quartertone.wav,./wav/gauss_FWHM-quartertone/gauss003_Dis0_FWHM-quartertone.wav
1682,33,gauss_FWHM-quartertone,gauss004_E0_FWHM-quartertone.wav,gauss_FWHM-quartertone/gauss004_E0_FWHM-quartertone.wav,./wav/gauss_FWHM-quartertone/gauss004_E0_FWHM-quartertone.wav
1683,33,gauss_FWHM-quartertone,gauss005_F0_FWHM-quartertone.wav,gauss_FWHM-quartertone/gauss005_F0_FWHM-quartertone.wav,./wav/gauss_FWHM-quartertone/gauss005_F0_FWHM-quartertone.wav
1684,33,gauss_FWHM-quartertone,gauss006_Fis0_FWHM-quartertone.wav,gauss_FWHM-quartertone/gauss006_Fis0_FWHM-quartertone.wav,./wav/gauss_FWHM-quartertone/gauss006_Fis0_FWHM-quartertone.wav
1685,33,gauss_FWHM-quartertone,gauss007_G0_FWHM-quartertone.wav,gauss_FWHM-quartertone/gauss007_G0_FWHM-quartertone.wav,./wav/gauss_FWHM-quartertone/gauss007_G0_FWHM-quartertone.wav
1686,33,gauss_FWHM-quartertone,gauss008_Gis0_FWHM-quartertone.wav,gauss_FWHM-quartertone/gauss008_Gis0_FWHM-quartertone.wav,./wav/gauss_FWHM-quartertone/gauss008_Gis0_FWHM-quartertone.wav
1687,33,gauss_FWHM-quartertone,gauss009_A0_FWHM-quartertone.wav,gauss_FWHM-quartertone/gauss009_A0_FWHM-quartertone.wav,./wav/gauss_FWHM-quartertone/gauss009_A0_FWHM-quartertone.wav
1688,33,gauss_FWHM-quartertone,gauss010_Ais0_FWHM-quartertone.wav,gauss_FWHM-quartertone/gauss010_Ais0_FWHM-quartertone.wav,./wav/gauss_FWHM-quartertone/gauss010_Ais0_FWHM-quartertone.wav
1689,33,gauss_FWHM-quartertone,gauss011_H0_FWHM-quartertone.wav,gauss_FWHM-quartertone/gauss011_H0_FWHM-quartertone.wav,./wav/gauss_FWHM-quartertone/gauss011_H0_FWHM-quartertone.wav
1690,33,gauss_FWHM-quartertone,gauss012_C1_FWHM-quartertone.wav,gauss_FWHM-quartertone/gauss012_C1_FWHM-quartertone.wav,./wav/gauss_FWHM-quartertone/gauss012_C1_FWHM-quartertone.wav
1691,33,gauss_FWHM-quartertone,gauss013_Cis1_FWHM-quartertone.wav,gauss_FWHM-quartertone/gauss013_Cis1_FWHM-quartertone.wav,./wav/gauss_FWHM-quartertone/gauss013_Cis1_FWHM-quartertone.wav
1692,33,gauss_FWHM-quartertone,gauss014_D1_FWHM-quartertone.wav,gauss_FWHM-quartertone/gauss014_D1_FWHM-quartertone.wav,./wav/gauss_FWHM-quartertone/gauss014_D1_FWHM-quartertone.wav
1693,33,gauss_FWHM-quartertone,gauss015_Dis1_FWHM-quartertone.wav,gauss_FWHM-quartertone/gauss015_Dis1_FWHM-quartertone.wav,./wav/gauss_FWHM-quartertone/gauss015_Dis1_FWHM-quartertone.wav
1694,33,gauss_FWHM-quartertone,gauss016_E1_FWHM-quartertone.wav,gauss_FWHM-quartertone/gauss016_E1_FWHM-quartertone.wav,./wav/gauss_FWHM-quartertone/gauss016_E1_FWHM-quartertone.wav
1695,33,gauss_FWHM-quartertone,gauss017_F1_FWHM-quartertone.wav,gauss_FWHM-quartertone/gauss017_F1_FWHM-quartertone.wav,./wav/gauss_FWHM-quartertone/gauss017_F1_FWHM-quartertone.wav
1696,33,gauss_FWHM-quartertone,gauss018_Fis1_FWHM-quartertone.wav,gauss_FWHM-quartertone/gauss018_Fis1_FWHM-quartertone.wav,./wav/gauss_FWHM-quartertone/gauss018_Fis1_FWHM-quartertone.wav
1697,33,gauss_FWHM-quartertone,gauss019_G1_FWHM-quartertone.wav,gauss_FWHM-quartertone/gauss019_G1_FWHM-quartertone.wav,./wav/gauss_FWHM-quartertone/gauss019_G1_FWHM-quartertone.wav
1698,33,gauss_FWHM-quartertone,gauss020_Gis1_FWHM-quartertone.wav,gauss_FWHM-quartertone/gauss020_Gis1_FWHM-quartertone.wav,./wav/gauss_FWHM-quartertone/gauss020_Gis1_FWHM-quartertone.wav
1699,33,gauss_FWHM-quartertone,gauss021_A1_FWHM-quartertone.wav,gauss_FWHM-quartertone/gauss021_A1_FWHM-quartertone.wav,./wav/gauss_FWHM-quartertone/gauss021_A1_FWHM-quartertone.wav
1700,33,gauss_FWHM-quartertone,gauss022_Ais1_FWHM-quartertone.wav,gauss_FWHM-quartertone/gauss022_Ais1_FWHM-quartertone.wav,./wav/gauss_FWHM-quartertone/gauss022_Ais1_FWHM-quartertone.wav
1701,33,gauss_FWHM-quartertone,gauss023_H1_FWHM-quartertone.wav,gauss_FWHM-quartertone/gauss023_H1_FWHM-quartertone.wav,./wav/gauss_FWHM-quartertone/gauss023_H1_FWHM-quartertone.wav
1702,33,gauss_FWHM-quartertone,gauss024_C2_FWHM-quartertone.wav,gauss_FWHM-quartertone/gauss024_C2_FWHM-quartertone.wav,./wav/gauss_FWHM-quartertone/gauss024_C2_FWHM-quartertone.wav
1703,33,gauss_FWHM-quartertone,gauss025_Cis2_FWHM-quartertone.wav,gauss_FWHM-quartertone/gauss025_Cis2_FWHM-quartertone.wav,./wav/gauss_FWHM-quartertone/gauss025_Cis2_FWHM-quartertone.wav
1704,33,gauss_FWHM-quartertone,gauss026_D2_FWHM-quartertone.wav,gauss_FWHM-quartertone/gauss026_D2_FWHM-quartertone.wav,./wav/gauss_FWHM-quartertone/gauss026_D2_FWHM-quartertone.wav
1705,33,gauss_FWHM-quartertone,gauss027_Dis2_FWHM-quartertone.wav,gauss_FWHM-quartertone/gauss027_Dis2_FWHM-quartertone.wav,./wav/gauss_FWHM-quartertone/gauss027_Dis2_FWHM-quartertone.wav
1706,33,gauss_FWHM-quartertone,gauss028_E2_FWHM-quartertone.wav,gauss_FWHM-quartertone/gauss028_E2_FWHM-quartertone.wav,./wav/gauss_FWHM-quartertone/gauss028_E2_FWHM-quartertone.wav
1707,33,gauss_FWHM-quartertone,gauss029_F2_FWHM-quartertone.wav,gauss_FWHM-quartertone/gauss029_F2_FWHM-quartertone.wav,./wav/gauss_FWHM-quartertone/gauss029_F2_FWHM-quartertone.wav
1708,33,gauss_FWHM-quartertone,gauss030_Fis2_FWHM-quartertone.wav,gauss_FWHM-quartertone/gauss030_Fis2_FWHM-quartertone.wav,./wav/gauss_FWHM-quartertone/gauss030_Fis2_FWHM-quartertone.wav
1709,33,gauss_FWHM-quartertone,gauss031_G2_FWHM-quartertone.wav,gauss_FWHM-quartertone/gauss031_G2_FWHM-quartertone.wav,./wav/gauss_FWHM-quartertone/gauss031_G2_FWHM-quartertone.wav
1710,33,gauss_FWHM-quartertone,gauss032_Gis2_FWHM-quartertone.wav,gauss_FWHM-quartertone/gauss032_Gis2_FWHM-quartertone.wav,./wav/gauss_FWHM-quartertone/gauss032_Gis2_FWHM-quartertone.wav
1711,33,gauss_FWHM-quartertone,gauss033_A2_FWHM-quartertone.wav,gauss_FWHM-quartertone/gauss033_A2_FWHM-quartertone.wav,./wav/gauss_FWHM-quartertone/gauss033_A2_FWHM-quartertone.wav
1712,33,gauss_FWHM-quartertone,gauss034_Ais2_FWHM-quartertone.wav,gauss_FWHM-quartertone/gauss034_Ais2_FWHM-quartertone.wav,./wav/gauss_FWHM-quartertone/gauss034_Ais2_FWHM-quartertone.wav
1713,33,gauss_FWHM-quartertone,gauss035_H2_FWHM-quartertone.wav,gauss_FWHM-quartertone/gauss035_H2_FWHM-quartertone.wav,./wav/gauss_FWHM-quartertone/gauss035_H2_FWHM-quartertone.wav
1714,33,gauss_FWHM-quartertone,gauss036_C3_FWHM-quartertone.wav,gauss_FWHM-quartertone/gauss036_C3_FWHM-quartertone.wav,./wav/gauss_FWHM-quartertone/gauss036_C3_FWHM-quartertone.wav
1715,33,gauss_FWHM-quartertone,gauss037_Cis3_FWHM-quartertone.wav,gauss_FWHM-quartertone/gauss037_Cis3_FWHM-quartertone.wav,./wav/gauss_FWHM-quartertone/gauss037_Cis3_FWHM-quartertone.wav
1716,33,gauss_FWHM-quartertone,gauss038_D3_FWHM-quartertone.wav,gauss_FWHM-quartertone/gauss038_D3_FWHM-quartertone.wav,./wav/gauss_FWHM-quartertone/gauss038_D3_FWHM-quartertone.wav
1717,33,gauss_FWHM-quartertone,gauss039_Dis3_FWHM-quartertone.wav,gauss_FWHM-quartertone/gauss039_Dis3_FWHM-quartertone.wav,./wav/gauss_FWHM-quartertone/gauss039_Dis3_FWHM-quartertone.wav
1718,33,gauss_FWHM-quartertone,gauss040_E3_FWHM-quartertone.wav,gauss_FWHM-quartertone/gauss040_E3_FWHM-quartertone.wav,./wav/gauss_FWHM-quartertone/gauss040_E3_FWHM-quartertone.wav
1719,33,gauss_FWHM-quartertone,gauss041_F3_FWHM-quartertone.wav,gauss_FWHM-quartertone/gauss041_F3_FWHM-quartertone.wav,./wav/gauss_FWHM-quartertone/gauss041_F3_FWHM-quartertone.wav
1720,33,gauss_FWHM-quartertone,gauss042_Fis3_FWHM-quartertone.wav,gauss_FWHM-quartertone/gauss042_Fis3_FWHM-quartertone.wav,./wav/gauss_FWHM-quartertone/gauss042_Fis3_FWHM-quartertone.wav
1721,33,gauss_FWHM-quartertone,gauss043_G3_FWHM-quartertone.wav,gauss_FWHM-quartertone/gauss043_G3_FWHM-quartertone.wav,./wav/gauss_FWHM-quartertone/gauss043_G3_FWHM-quartertone.wav
1722,33,gauss_FWHM-quartertone,gauss044_Gis3_FWHM-quartertone.wav,gauss_FWHM-quartertone/gauss044_Gis3_FWHM-quartertone.wav,./wav/gauss_FWHM-quartertone/gauss044_Gis3_FWHM-quartertone.wav
1723,33,gauss_FWHM-quartertone,gauss045_A3_FWHM-quartertone.wav,gauss_FWHM-quartertone/gauss045_A3_FWHM-quartertone.wav,./wav/gauss_FWHM-quartertone/gauss045_A3_FWHM-quartertone.wav
1724,33,gauss_FWHM-quartertone,gauss046_Ais3_FWHM-quartertone.wav,gauss_FWHM-quartertone/gauss046_Ais3_FWHM-quartertone.wav,./wav/gauss_FWHM-quartertone/gauss046_Ais3_FWHM-quartertone.wav
1725,33,gauss_FWHM-quartertone,gauss047_H3_FWHM-quartertone.wav,gauss_FWHM-quartertone/gauss047_H3_FWHM-quartertone.wav,./wav/gauss_FWHM-quartertone/gauss047_H3_FWHM-quartertone.wav
1726,33,gauss_FWHM-quartertone,gauss048_C4_FWHM-quartertone.wav,gauss_FWHM-quartertone/gauss048_C4_FWHM-quartertone.wav,./wav/gauss_FWHM-quartertone/gauss048_C4_FWHM-quartertone.wav
1727,33,gauss_FWHM-quartertone,gauss049_Cis4_FWHM-quartertone.wav,gauss_FWHM-quartertone/gauss049_Cis4_FWHM-quartertone.wav,./wav/gauss_FWHM-quartertone/gauss049_Cis4_FWHM-quartertone.wav
1728,33,gauss_FWHM-quartertone,gauss050_D4_FWHM-quartertone.wav,gauss_FWHM-quartertone/gauss050_D4_FWHM-quartertone.wav,./wav/gauss_FWHM-quartertone/gauss050_D4_FWHM-quartertone.wav
1729,33,gauss_FWHM-quartertone,gauss051_Dis4_FWHM-quartertone.wav,gauss_FWHM-quartertone/gauss051_Dis4_FWHM-quartertone.wav,./wav/gauss_FWHM-quartertone/gauss051_Dis4_FWHM-quartertone.wav
1730,33,gauss_FWHM-quartertone,gauss052_E4_FWHM-quartertone.wav,gauss_FWHM-quartertone/gauss052_E4_FWHM-quartertone.wav,./wav/gauss_FWHM-quartertone/gauss052_E4_FWHM-quartertone.wav
1731,33,gauss_FWHM-quartertone,gauss053_F4_FWHM-quartertone.wav,gauss_FWHM-quartertone/gauss053_F4_FWHM-quartertone.wav,./wav/gauss_FWHM-quartertone/gauss053_F4_FWHM-quartertone.wav
1732,33,gauss_FWHM-quartertone,gauss054_Fis4_FWHM-quartertone.wav,gauss_FWHM-quartertone/gauss054_Fis4_FWHM-quartertone.wav,./wav/gauss_FWHM-quartertone/gauss054_Fis4_FWHM-quartertone.wav
1733,33,gauss_FWHM-quartertone,gauss055_G4_FWHM-quartertone.wav,gauss_FWHM-quartertone/gauss055_G4_FWHM-quartertone.wav,./wav/gauss_FWHM-quartertone/gauss055_G4_FWHM-quartertone.wav
1734,33,gauss_FWHM-quartertone,gauss056_Gis4_FWHM-quartertone.wav,gauss_FWHM-quartertone/gauss056_Gis4_FWHM-quartertone.wav,./wav/gauss_FWHM-quartertone/gauss056_Gis4_FWHM-quartertone.wav
1735,33,gauss_FWHM-quartertone,gauss057_A4_FWHM-quartertone.wav,gauss_FWHM-quartertone/gauss057_A4_FWHM-quartertone.wav,./wav/gauss_FWHM-quartertone/gauss057_A4_FWHM-quartertone.wav
1736,33,gauss_FWHM-quartertone,gauss058_Ais4_FWHM-quartertone.wav,gauss_FWHM-quartertone/gauss058_Ais4_FWHM-quartertone.wav,./wav/gauss_FWHM-quartertone/gauss058_Ais4_FWHM-quartertone.wav
1737,33,gauss_FWHM-quartertone,gauss059_H4_FWHM-quartertone.wav,gauss_FWHM-quartertone/gauss059_H4_FWHM-quartertone.wav,./wav/gauss_FWHM-quartertone/gauss059_H4_FWHM-quartertone.wav
1738,33,gauss_FWHM-quartertone,gauss060_C5_FWHM-quartertone.wav,gauss_FWHM-quartertone/gauss060_C5_FWHM-quartertone.wav,./wav/gauss_FWHM-quartertone/gauss060_C5_FWHM-quartertone.wav
1739,33,gauss_FWHM-quartertone,gauss061_Cis5_FWHM-quartertone.wav,gauss_FWHM-quartertone/gauss061_Cis5_FWHM-quartertone.wav,./wav/gauss_FWHM-quartertone/gauss061_Cis5_FWHM-quartertone.wav
1740,33,gauss_FWHM-quartertone,gauss062_D5_FWHM-quartertone.wav,gauss_FWHM-quartertone/gauss062_D5_FWHM-quartertone.wav,./wav/gauss_FWHM-quartertone/gauss062_D5_FWHM-quartertone.wav
1741,33,gauss_FWHM-quartertone,gauss063_Dis5_FWHM-quartertone.wav,gauss_FWHM-quartertone/gauss063_Dis5_FWHM-quartertone.wav,./wav/gauss_FWHM-quartertone/gauss063_Dis5_FWHM-quartertone.wav
1742,33,gauss_FWHM-quartertone,gauss064_E5_FWHM-quartertone.wav,gauss_FWHM-quartertone/gauss064_E5_FWHM-quartertone.wav,./wav/gauss_FWHM-quartertone/gauss064_E5_FWHM-quartertone.wav
1743,33,gauss_FWHM-quartertone,gauss065_F5_FWHM-quartertone.wav,gauss_FWHM-quartertone/gauss065_F5_FWHM-quartertone.wav,./wav/gauss_FWHM-quartertone/gauss065_F5_FWHM-quartertone.wav
1744,33,gauss_FWHM-quartertone,gauss066_Fis5_FWHM-quartertone.wav,gauss_FWHM-quartertone/gauss066_Fis5_FWHM-quartertone.wav,./wav/gauss_FWHM-quartertone/gauss066_Fis5_FWHM-quartertone.wav
1745,33,gauss_FWHM-quartertone,gauss067_G5_FWHM-quartertone.wav,gauss_FWHM-quartertone/gauss067_G5_FWHM-quartertone.wav,./wav/gauss_FWHM-quartertone/gauss067_G5_FWHM-quartertone.wav
1746,33,gauss_FWHM-quartertone,gauss068_Gis5_FWHM-quartertone.wav,gauss_FWHM-quartertone/gauss068_Gis5_FWHM-quartertone.wav,./wav/gauss_FWHM-quartertone/gauss068_Gis5_FWHM-quartertone.wav
1747,33,gauss_FWHM-quartertone,gauss069_A5_FWHM-quartertone.wav,gauss_FWHM-quartertone/gauss069_A5_FWHM-quartertone.wav,./wav/gauss_FWHM-quartertone/gauss069_A5_FWHM-quartertone.wav
1748,33,gauss_FWHM-quartertone,gauss070_Ais5_FWHM-quartertone.wav,gauss_FWHM-quartertone/gauss070_Ais5_FWHM-quartertone.wav,./wav/gauss_FWHM-quartertone/gauss070_Ais5_FWHM-quartertone.wav
1749,33,gauss_FWHM-quartertone,gauss071_H5_FWHM-quartertone.wav,gauss_FWHM-quartertone/gauss071_H5_FWHM-quartertone.wav,./wav/gauss_FWHM-quartertone/gauss071_H5_FWHM-quartertone.wav
1750,33,gauss_FWHM-quartertone,gauss072_C6_FWHM-quartertone.wav,gauss_FWHM-quartertone/gauss072_C6_FWHM-quartertone.wav,./wav/gauss_FWHM-quartertone/gauss072_C6_FWHM-quartertone.wav
1751,33,gauss_FWHM-quartertone,gauss073_Cis6_FWHM-quartertone.wav,gauss_FWHM-quartertone/gauss073_Cis6_FWHM-quartertone.wav,./wav/gauss_FWHM-quartertone/gauss073_Cis6_FWHM-quartertone.wav
1752,33,gauss_FWHM-quartertone,gauss074_D6_FWHM-quartertone.wav,gauss_FWHM-quartertone/gauss074_D6_FWHM-quartertone.wav,./wav/gauss_FWHM-quartertone/gauss074_D6_FWHM-quartertone.wav
1753,33,gauss_FWHM-quartertone,gauss075_Dis6_FWHM-quartertone.wav,gauss_FWHM-quartertone/gauss075_Dis6_FWHM-quartertone.wav,./wav/gauss_FWHM-quartertone/gauss075_Dis6_FWHM-quartertone.wav
1754,33,gauss_FWHM-quartertone,gauss076_E6_FWHM-quartertone.wav,gauss_FWHM-quartertone/gauss076_E6_FWHM-quartertone.wav,./wav/gauss_FWHM-quartertone/gauss076_E6_FWHM-quartertone.wav
1755,33,gauss_FWHM-quartertone,gauss077_F6_FWHM-quartertone.wav,gauss_FWHM-quartertone/gauss077_F6_FWHM-quartertone.wav,./wav/gauss_FWHM-quartertone/gauss077_F6_FWHM-quartertone.wav
1756,33,gauss_FWHM-quartertone,gauss078_Fis6_FWHM-quartertone.wav,gauss_FWHM-quartertone/gauss078_Fis6_FWHM-quartertone.wav,./wav/gauss_FWHM-quartertone/gauss078_Fis6_FWHM-quartertone.wav
1757,33,gauss_FWHM-quartertone,gauss079_G6_FWHM-quartertone.wav,gauss_FWHM-quartertone/gauss079_G6_FWHM-quartertone.wav,./wav/gauss_FWHM-quartertone/gauss079_G6_FWHM-quartertone.wav
1758,33,gauss_FWHM-quartertone,gauss080_Gis6_FWHM-quartertone.wav,gauss_FWHM-quartertone/gauss080_Gis6_FWHM-quartertone.wav,./wav/gauss_FWHM-quartertone/gauss080_Gis6_FWHM-quartertone.wav
1759,33,gauss_FWHM-quartertone,gauss081_A6_FWHM-quartertone.wav,gauss_FWHM-quartertone/gauss081_A6_FWHM-quartertone.wav,./wav/gauss_FWHM-quartertone/gauss081_A6_FWHM-quartertone.wav
1760,33,gauss_FWHM-quartertone,gauss082_Ais6_FWHM-quartertone.wav,gauss_FWHM-quartertone/gauss082_Ais6_FWHM-quartertone.wav,./wav/gauss_FWHM-quartertone/gauss082_Ais6_FWHM-quartertone.wav
1761,33,gauss_FWHM-quartertone,gauss083_H6_FWHM-quartertone.wav,gauss_FWHM-quartertone/gauss083_H6_FWHM-quartertone.wav,./wav/gauss_FWHM-quartertone/gauss083_H6_FWHM-quartertone.wav
1762,33,gauss_FWHM-quartertone,gauss084_C7_FWHM-quartertone.wav,gauss_FWHM-quartertone/gauss084_C7_FWHM-quartertone.wav,./wav/gauss_FWHM-quartertone/gauss084_C7_FWHM-quartertone.wav
1763,33,gauss_FWHM-quartertone,gauss085_Cis7_FWHM-quartertone.wav,gauss_FWHM-quartertone/gauss085_Cis7_FWHM-quartertone.wav,./wav/gauss_FWHM-quartertone/gauss085_Cis7_FWHM-quartertone.wav
1764,33,gauss_FWHM-quartertone,gauss086_D7_FWHM-quartertone.wav,gauss_FWHM-quartertone/gauss086_D7_FWHM-quartertone.wav,./wav/gauss_FWHM-quartertone/gauss086_D7_FWHM-quartertone.wav
1765,33,gauss_FWHM-quartertone,gauss087_Dis7_FWHM-quartertone.wav,gauss_FWHM-quartertone/gauss087_Dis7_FWHM-quartertone.wav,./wav/gauss_FWHM-quartertone/gauss087_Dis7_FWHM-quartertone.wav
1766,33,gauss_FWHM-quartertone,gauss088_E7_FWHM-quartertone.wav,gauss_FWHM-quartertone/gauss088_E7_FWHM-quartertone.wav,./wav/gauss_FWHM-quartertone/gauss088_E7_FWHM-quartertone.wav
1767,33,gauss_FWHM-quartertone,gauss089_F7_FWHM-quartertone.wav,gauss_FWHM-quartertone/gauss089_F7_FWHM-quartertone.wav,./wav/gauss_FWHM-quartertone/gauss089_F7_FWHM-quartertone.wav
1768,33,gauss_FWHM-quartertone,gauss090_Fis7_FWHM-quartertone.wav,gauss_FWHM-quartertone/gauss090_Fis7_FWHM-quartertone.wav,./wav/gauss_FWHM-quartertone/gauss090_Fis7_FWHM-quartertone.wav
1769,33,gauss_FWHM-quartertone,gauss091_G7_FWHM-quartertone.wav,gauss_FWHM-quartertone/gauss091_G7_FWHM-quartertone.wav,./wav/gauss_FWHM-quartertone/gauss091_G7_FWHM-quartertone.wav
1770,33,gauss_FWHM-quartertone,gauss092_Gis7_FWHM-quartertone.wav,gauss_FWHM-quartertone/gauss092_Gis7_FWHM-quartertone.wav,./wav/gauss_FWHM-quartertone/gauss092_Gis7_FWHM-quartertone.wav
1771,33,gauss_FWHM-quartertone,gauss093_A7_FWHM-quartertone.wav,gauss_FWHM-quartertone/gauss093_A7_FWHM-quartertone.wav,./wav/gauss_FWHM-quartertone/gauss093_A7_FWHM-quartertone.wav
1772,33,gauss_FWHM-quartertone,gauss094_Ais7_FWHM-quartertone.wav,gauss_FWHM-quartertone/gauss094_Ais7_FWHM-quartertone.wav,./wav/gauss_FWHM-quartertone/gauss094_Ais7_FWHM-quartertone.wav
1773,33,gauss_FWHM-quartertone,gauss095_H7_FWHM-quartertone.wav,gauss_FWHM-quartertone/gauss095_H7_FWHM-quartertone.wav,./wav/gauss_FWHM-quartertone/gauss095_H7_FWHM-quartertone.wav
1774,33,gauss_FWHM-quartertone,gauss096_C8_FWHM-quartertone.wav,gauss_FWHM-quartertone/gauss096_C8_FWHM-quartertone.wav,./wav/gauss_FWHM-quartertone/gauss096_C8_FWHM-quartertone.wav
1775,34,gauss_FWHM-eighthtone,gauss000_C0_FWHM-quartertone.wav,gauss_FWHM-eighthtone/gauss000_C0_FWHM-quartertone.wav,./wav/gauss_FWHM-eighthtone/gauss000_C0_FWHM-quartertone.wav
1776,34,gauss_FWHM-eighthtone,gauss001_Cis0_FWHM-quartertone.wav,gauss_FWHM-eighthtone/gauss001_Cis0_FWHM-quartertone.wav,./wav/gauss_FWHM-eighthtone/gauss001_Cis0_FWHM-quartertone.wav
1777,34,gauss_FWHM-eighthtone,gauss002_D0_FWHM-quartertone.wav,gauss_FWHM-eighthtone/gauss002_D0_FWHM-quartertone.wav,./wav/gauss_FWHM-eighthtone/gauss002_D0_FWHM-quartertone.wav
1778,34,gauss_FWHM-eighthtone,gauss003_Dis0_FWHM-quartertone.wav,gauss_FWHM-eighthtone/gauss003_Dis0_FWHM-quartertone.wav,./wav/gauss_FWHM-eighthtone/gauss003_Dis0_FWHM-quartertone.wav
1779,34,gauss_FWHM-eighthtone,gauss004_E0_FWHM-quartertone.wav,gauss_FWHM-eighthtone/gauss004_E0_FWHM-quartertone.wav,./wav/gauss_FWHM-eighthtone/gauss004_E0_FWHM-quartertone.wav
1780,34,gauss_FWHM-eighthtone,gauss005_F0_FWHM-quartertone.wav,gauss_FWHM-eighthtone/gauss005_F0_FWHM-quartertone.wav,./wav/gauss_FWHM-eighthtone/gauss005_F0_FWHM-quartertone.wav
1781,34,gauss_FWHM-eighthtone,gauss006_Fis0_FWHM-quartertone.wav,gauss_FWHM-eighthtone/gauss006_Fis0_FWHM-quartertone.wav,./wav/gauss_FWHM-eighthtone/gauss006_Fis0_FWHM-quartertone.wav
1782,34,gauss_FWHM-eighthtone,gauss007_G0_FWHM-quartertone.wav,gauss_FWHM-eighthtone/gauss007_G0_FWHM-quartertone.wav,./wav/gauss_FWHM-eighthtone/gauss007_G0_FWHM-quartertone.wav
1783,34,gauss_FWHM-eighthtone,gauss008_Gis0_FWHM-quartertone.wav,gauss_FWHM-eighthtone/gauss008_Gis0_FWHM-quartertone.wav,./wav/gauss_FWHM-eighthtone/gauss008_Gis0_FWHM-quartertone.wav
1784,34,gauss_FWHM-eighthtone,gauss009_A0_FWHM-quartertone.wav,gauss_FWHM-eighthtone/gauss009_A0_FWHM-quartertone.wav,./wav/gauss_FWHM-eighthtone/gauss009_A0_FWHM-quartertone.wav
1785,34,gauss_FWHM-eighthtone,gauss010_Ais0_FWHM-quartertone.wav,gauss_FWHM-eighthtone/gauss010_Ais0_FWHM-quartertone.wav,./wav/gauss_FWHM-eighthtone/gauss010_Ais0_FWHM-quartertone.wav
1786,34,gauss_FWHM-eighthtone,gauss011_H0_FWHM-quartertone.wav,gauss_FWHM-eighthtone/gauss011_H0_FWHM-quartertone.wav,./wav/gauss_FWHM-eighthtone/gauss011_H0_FWHM-quartertone.wav
1787,34,gauss_FWHM-eighthtone,gauss012_C1_FWHM-quartertone.wav,gauss_FWHM-eighthtone/gauss012_C1_FWHM-quartertone.wav,./wav/gauss_FWHM-eighthtone/gauss012_C1_FWHM-quartertone.wav
1788,34,gauss_FWHM-eighthtone,gauss013_Cis1_FWHM-quartertone.wav,gauss_FWHM-eighthtone/gauss013_Cis1_FWHM-quartertone.wav,./wav/gauss_FWHM-eighthtone/gauss013_Cis1_FWHM-quartertone.wav
1789,34,gauss_FWHM-eighthtone,gauss014_D1_FWHM-quartertone.wav,gauss_FWHM-eighthtone/gauss014_D1_FWHM-quartertone.wav,./wav/gauss_FWHM-eighthtone/gauss014_D1_FWHM-quartertone.wav
1790,34,gauss_FWHM-eighthtone,gauss015_Dis1_FWHM-quartertone.wav,gauss_FWHM-eighthtone/gauss015_Dis1_FWHM-quartertone.wav,./wav/gauss_FWHM-eighthtone/gauss015_Dis1_FWHM-quartertone.wav
1791,34,gauss_FWHM-eighthtone,gauss016_E1_FWHM-quartertone.wav,gauss_FWHM-eighthtone/gauss016_E1_FWHM-quartertone.wav,./wav/gauss_FWHM-eighthtone/gauss016_E1_FWHM-quartertone.wav
1792,34,gauss_FWHM-eighthtone,gauss017_F1_FWHM-quartertone.wav,gauss_FWHM-eighthtone/gauss017_F1_FWHM-quartertone.wav,./wav/gauss_FWHM-eighthtone/gauss017_F1_FWHM-quartertone.wav
1793,34,gauss_FWHM-eighthtone,gauss018_Fis1_FWHM-quartertone.wav,gauss_FWHM-eighthtone/gauss018_Fis1_FWHM-quartertone.wav,./wav/gauss_FWHM-eighthtone/gauss018_Fis1_FWHM-quartertone.wav
1794,34,gauss_FWHM-eighthtone,gauss019_G1_FWHM-quartertone.wav,gauss_FWHM-eighthtone/gauss019_G1_FWHM-quartertone.wav,./wav/gauss_FWHM-eighthtone/gauss019_G1_FWHM-quartertone.wav
1795,34,gauss_FWHM-eighthtone,gauss020_Gis1_FWHM-quartertone.wav,gauss_FWHM-eighthtone/gauss020_Gis1_FWHM-quartertone.wav,./wav/gauss_FWHM-eighthtone/gauss020_Gis1_FWHM-quartertone.wav
1796,34,gauss_FWHM-eighthtone,gauss021_A1_FWHM-quartertone.wav,gauss_FWHM-eighthtone/gauss021_A1_FWHM-quartertone.wav,./wav/gauss_FWHM-eighthtone/gauss021_A1_FWHM-quartertone.wav
1797,34,gauss_FWHM-eighthtone,gauss022_Ais1_FWHM-quartertone.wav,gauss_FWHM-eighthtone/gauss022_Ais1_FWHM-quartertone.wav,./wav/gauss_FWHM-eighthtone/gauss022_Ais1_FWHM-quartertone.wav
1798,34,gauss_FWHM-eighthtone,gauss023_H1_FWHM-quartertone.wav,gauss_FWHM-eighthtone/gauss023_H1_FWHM-quartertone.wav,./wav/gauss_FWHM-eighthtone/gauss023_H1_FWHM-quartertone.wav
1799,34,gauss_FWHM-eighthtone,gauss024_C2_FWHM-quartertone.wav,gauss_FWHM-eighthtone/gauss024_C2_FWHM-quartertone.wav,./wav/gauss_FWHM-eighthtone/gauss024_C2_FWHM-quartertone.wav
1800,34,gauss_FWHM-eighthtone,gauss025_Cis2_FWHM-quartertone.wav,gauss_FWHM-eighthtone/gauss025_Cis2_FWHM-quartertone.wav,./wav/gauss_FWHM-eighthtone/gauss025_Cis2_FWHM-quartertone.wav
1801,34,gauss_FWHM-eighthtone,gauss026_D2_FWHM-quartertone.wav,gauss_FWHM-eighthtone/gauss026_D2_FWHM-quartertone.wav,./wav/gauss_FWHM-eighthtone/gauss026_D2_FWHM-quartertone.wav
1802,34,gauss_FWHM-eighthtone,gauss027_Dis2_FWHM-quartertone.wav,gauss_FWHM-eighthtone/gauss027_Dis2_FWHM-quartertone.wav,./wav/gauss_FWHM-eighthtone/gauss027_Dis2_FWHM-quartertone.wav
1803,34,gauss_FWHM-eighthtone,gauss028_E2_FWHM-quartertone.wav,gauss_FWHM-eighthtone/gauss028_E2_FWHM-quartertone.wav,./wav/gauss_FWHM-eighthtone/gauss028_E2_FWHM-quartertone.wav
1804,34,gauss_FWHM-eighthtone,gauss029_F2_FWHM-quartertone.wav,gauss_FWHM-eighthtone/gauss029_F2_FWHM-quartertone.wav,./wav/gauss_FWHM-eighthtone/gauss029_F2_FWHM-quartertone.wav
1805,34,gauss_FWHM-eighthtone,gauss030_Fis2_FWHM-quartertone.wav,gauss_FWHM-eighthtone/gauss030_Fis2_FWHM-quartertone.wav,./wav/gauss_FWHM-eighthtone/gauss030_Fis2_FWHM-quartertone.wav
1806,34,gauss_FWHM-eighthtone,gauss031_G2_FWHM-quartertone.wav,gauss_FWHM-eighthtone/gauss031_G2_FWHM-quartertone.wav,./wav/gauss_FWHM-eighthtone/gauss031_G2_FWHM-quartertone.wav
1807,34,gauss_FWHM-eighthtone,gauss032_Gis2_FWHM-quartertone.wav,gauss_FWHM-eighthtone/gauss032_Gis2_FWHM-quartertone.wav,./wav/gauss_FWHM-eighthtone/gauss032_Gis2_FWHM-quartertone.wav
1808,34,gauss_FWHM-eighthtone,gauss033_A2_FWHM-quartertone.wav,gauss_FWHM-eighthtone/gauss033_A2_FWHM-quartertone.wav,./wav/gauss_FWHM-eighthtone/gauss033_A2_FWHM-quartertone.wav
1809,34,gauss_FWHM-eighthtone,gauss034_Ais2_FWHM-quartertone.wav,gauss_FWHM-eighthtone/gauss034_Ais2_FWHM-quartertone.wav,./wav/gauss_FWHM-eighthtone/gauss034_Ais2_FWHM-quartertone.wav
1810,34,gauss_FWHM-eighthtone,gauss035_H2_FWHM-quartertone.wav,gauss_FWHM-eighthtone/gauss035_H2_FWHM-quartertone.wav,./wav/gauss_FWHM-eighthtone/gauss035_H2_FWHM-quartertone.wav
1811,34,gauss_FWHM-eighthtone,gauss036_C3_FWHM-quartertone.wav,gauss_FWHM-eighthtone/gauss036_C3_FWHM-quartertone.wav,./wav/gauss_FWHM-eighthtone/gauss036_C3_FWHM-quartertone.wav
1812,34,gauss_FWHM-eighthtone,gauss037_Cis3_FWHM-quartertone.wav,gauss_FWHM-eighthtone/gauss037_Cis3_FWHM-quartertone.wav,./wav/gauss_FWHM-eighthtone/gauss037_Cis3_FWHM-quartertone.wav
1813,34,gauss_FWHM-eighthtone,gauss038_D3_FWHM-quartertone.wav,gauss_FWHM-eighthtone/gauss038_D3_FWHM-quartertone.wav,./wav/gauss_FWHM-eighthtone/gauss038_D3_FWHM-quartertone.wav
1814,34,gauss_FWHM-eighthtone,gauss039_Dis3_FWHM-quartertone.wav,gauss_FWHM-eighthtone/gauss039_Dis3_FWHM-quartertone.wav,./wav/gauss_FWHM-eighthtone/gauss039_Dis3_FWHM-quartertone.wav
1815,34,gauss_FWHM-eighthtone,gauss040_E3_FWHM-quartertone.wav,gauss_FWHM-eighthtone/gauss040_E3_FWHM-quartertone.wav,./wav/gauss_FWHM-eighthtone/gauss040_E3_FWHM-quartertone.wav
1816,34,gauss_FWHM-eighthtone,gauss041_F3_FWHM-quartertone.wav,gauss_FWHM-eighthtone/gauss041_F3_FWHM-quartertone.wav,./wav/gauss_FWHM-eighthtone/gauss041_F3_FWHM-quartertone.wav
1817,34,gauss_FWHM-eighthtone,gauss042_Fis3_FWHM-quartertone.wav,gauss_FWHM-eighthtone/gauss042_Fis3_FWHM-quartertone.wav,./wav/gauss_FWHM-eighthtone/gauss042_Fis3_FWHM-quartertone.wav
1818,34,gauss_FWHM-eighthtone,gauss043_G3_FWHM-quartertone.wav,gauss_FWHM-eighthtone/gauss043_G3_FWHM-quartertone.wav,./wav/gauss_FWHM-eighthtone/gauss043_G3_FWHM-quartertone.wav
1819,34,gauss_FWHM-eighthtone,gauss044_Gis3_FWHM-quartertone.wav,gauss_FWHM-eighthtone/gauss044_Gis3_FWHM-quartertone.wav,./wav/gauss_FWHM-eighthtone/gauss044_Gis3_FWHM-quartertone.wav
1820,34,gauss_FWHM-eighthtone,gauss045_A3_FWHM-quartertone.wav,gauss_FWHM-eighthtone/gauss045_A3_FWHM-quartertone.wav,./wav/gauss_FWHM-eighthtone/gauss045_A3_FWHM-quartertone.wav
1821,34,gauss_FWHM-eighthtone,gauss046_Ais3_FWHM-quartertone.wav,gauss_FWHM-eighthtone/gauss046_Ais3_FWHM-quartertone.wav,./wav/gauss_FWHM-eighthtone/gauss046_Ais3_FWHM-quartertone.wav
1822,34,gauss_FWHM-eighthtone,gauss047_H3_FWHM-quartertone.wav,gauss_FWHM-eighthtone/gauss047_H3_FWHM-quartertone.wav,./wav/gauss_FWHM-eighthtone/gauss047_H3_FWHM-quartertone.wav
1823,34,gauss_FWHM-eighthtone,gauss048_C4_FWHM-quartertone.wav,gauss_FWHM-eighthtone/gauss048_C4_FWHM-quartertone.wav,./wav/gauss_FWHM-eighthtone/gauss048_C4_FWHM-quartertone.wav
1824,34,gauss_FWHM-eighthtone,gauss049_Cis4_FWHM-quartertone.wav,gauss_FWHM-eighthtone/gauss049_Cis4_FWHM-quartertone.wav,./wav/gauss_FWHM-eighthtone/gauss049_Cis4_FWHM-quartertone.wav
1825,34,gauss_FWHM-eighthtone,gauss050_D4_FWHM-quartertone.wav,gauss_FWHM-eighthtone/gauss050_D4_FWHM-quartertone.wav,./wav/gauss_FWHM-eighthtone/gauss050_D4_FWHM-quartertone.wav
1826,34,gauss_FWHM-eighthtone,gauss051_Dis4_FWHM-quartertone.wav,gauss_FWHM-eighthtone/gauss051_Dis4_FWHM-quartertone.wav,./wav/gauss_FWHM-eighthtone/gauss051_Dis4_FWHM-quartertone.wav
1827,34,gauss_FWHM-eighthtone,gauss052_E4_FWHM-quartertone.wav,gauss_FWHM-eighthtone/gauss052_E4_FWHM-quartertone.wav,./wav/gauss_FWHM-eighthtone/gauss052_E4_FWHM-quartertone.wav
1828,34,gauss_FWHM-eighthtone,gauss053_F4_FWHM-quartertone.wav,gauss_FWHM-eighthtone/gauss053_F4_FWHM-quartertone.wav,./wav/gauss_FWHM-eighthtone/gauss053_F4_FWHM-quartertone.wav
1829,34,gauss_FWHM-eighthtone,gauss054_Fis4_FWHM-quartertone.wav,gauss_FWHM-eighthtone/gauss054_Fis4_FWHM-quartertone.wav,./wav/gauss_FWHM-eighthtone/gauss054_Fis4_FWHM-quartertone.wav
1830,34,gauss_FWHM-eighthtone,gauss055_G4_FWHM-quartertone.wav,gauss_FWHM-eighthtone/gauss055_G4_FWHM-quartertone.wav,./wav/gauss_FWHM-eighthtone/gauss055_G4_FWHM-quartertone.wav
1831,34,gauss_FWHM-eighthtone,gauss056_Gis4_FWHM-quartertone.wav,gauss_FWHM-eighthtone/gauss056_Gis4_FWHM-quartertone.wav,./wav/gauss_FWHM-eighthtone/gauss056_Gis4_FWHM-quartertone.wav
1832,34,gauss_FWHM-eighthtone,gauss057_A4_FWHM-quartertone.wav,gauss_FWHM-eighthtone/gauss057_A4_FWHM-quartertone.wav,./wav/gauss_FWHM-eighthtone/gauss057_A4_FWHM-quartertone.wav
1833,34,gauss_FWHM-eighthtone,gauss058_Ais4_FWHM-quartertone.wav,gauss_FWHM-eighthtone/gauss058_Ais4_FWHM-quartertone.wav,./wav/gauss_FWHM-eighthtone/gauss058_Ais4_FWHM-quartertone.wav
1834,34,gauss_FWHM-eighthtone,gauss059_H4_FWHM-quartertone.wav,gauss_FWHM-eighthtone/gauss059_H4_FWHM-quartertone.wav,./wav/gauss_FWHM-eighthtone/gauss059_H4_FWHM-quartertone.wav
1835,34,gauss_FWHM-eighthtone,gauss060_C5_FWHM-quartertone.wav,gauss_FWHM-eighthtone/gauss060_C5_FWHM-quartertone.wav,./wav/gauss_FWHM-eighthtone/gauss060_C5_FWHM-quartertone.wav
1836,34,gauss_FWHM-eighthtone,gauss061_Cis5_FWHM-quartertone.wav,gauss_FWHM-eighthtone/gauss061_Cis5_FWHM-quartertone.wav,./wav/gauss_FWHM-eighthtone/gauss061_Cis5_FWHM-quartertone.wav
1837,34,gauss_FWHM-eighthtone,gauss062_D5_FWHM-quartertone.wav,gauss_FWHM-eighthtone/gauss062_D5_FWHM-quartertone.wav,./wav/gauss_FWHM-eighthtone/gauss062_D5_FWHM-quartertone.wav
1838,34,gauss_FWHM-eighthtone,gauss063_Dis5_FWHM-quartertone.wav,gauss_FWHM-eighthtone/gauss063_Dis5_FWHM-quartertone.wav,./wav/gauss_FWHM-eighthtone/gauss063_Dis5_FWHM-quartertone.wav
1839,34,gauss_FWHM-eighthtone,gauss064_E5_FWHM-quartertone.wav,gauss_FWHM-eighthtone/gauss064_E5_FWHM-quartertone.wav,./wav/gauss_FWHM-eighthtone/gauss064_E5_FWHM-quartertone.wav
1840,34,gauss_FWHM-eighthtone,gauss065_F5_FWHM-quartertone.wav,gauss_FWHM-eighthtone/gauss065_F5_FWHM-quartertone.wav,./wav/gauss_FWHM-eighthtone/gauss065_F5_FWHM-quartertone.wav
1841,34,gauss_FWHM-eighthtone,gauss066_Fis5_FWHM-quartertone.wav,gauss_FWHM-eighthtone/gauss066_Fis5_FWHM-quartertone.wav,./wav/gauss_FWHM-eighthtone/gauss066_Fis5_FWHM-quartertone.wav
1842,34,gauss_FWHM-eighthtone,gauss067_G5_FWHM-quartertone.wav,gauss_FWHM-eighthtone/gauss067_G5_FWHM-quartertone.wav,./wav/gauss_FWHM-eighthtone/gauss067_G5_FWHM-quartertone.wav
1843,34,gauss_FWHM-eighthtone,gauss068_Gis5_FWHM-quartertone.wav,gauss_FWHM-eighthtone/gauss068_Gis5_FWHM-quartertone.wav,./wav/gauss_FWHM-eighthtone/gauss068_Gis5_FWHM-quartertone.wav
1844,34,gauss_FWHM-eighthtone,gauss069_A5_FWHM-quartertone.wav,gauss_FWHM-eighthtone/gauss069_A5_FWHM-quartertone.wav,./wav/gauss_FWHM-eighthtone/gauss069_A5_FWHM-quartertone.wav
1845,34,gauss_FWHM-eighthtone,gauss070_Ais5_FWHM-quartertone.wav,gauss_FWHM-eighthtone/gauss070_Ais5_FWHM-quartertone.wav,./wav/gauss_FWHM-eighthtone/gauss070_Ais5_FWHM-quartertone.wav
1846,34,gauss_FWHM-eighthtone,gauss071_H5_FWHM-quartertone.wav,gauss_FWHM-eighthtone/gauss071_H5_FWHM-quartertone.wav,./wav/gauss_FWHM-eighthtone/gauss071_H5_FWHM-quartertone.wav
1847,34,gauss_FWHM-eighthtone,gauss072_C6_FWHM-quartertone.wav,gauss_FWHM-eighthtone/gauss072_C6_FWHM-quartertone.wav,./wav/gauss_FWHM-eighthtone/gauss072_C6_FWHM-quartertone.wav
1848,34,gauss_FWHM-eighthtone,gauss073_Cis6_FWHM-quartertone.wav,gauss_FWHM-eighthtone/gauss073_Cis6_FWHM-quartertone.wav,./wav/gauss_FWHM-eighthtone/gauss073_Cis6_FWHM-quartertone.wav
1849,34,gauss_FWHM-eighthtone,gauss074_D6_FWHM-quartertone.wav,gauss_FWHM-eighthtone/gauss074_D6_FWHM-quartertone.wav,./wav/gauss_FWHM-eighthtone/gauss074_D6_FWHM-quartertone.wav
1850,34,gauss_FWHM-eighthtone,gauss075_Dis6_FWHM-quartertone.wav,gauss_FWHM-eighthtone/gauss075_Dis6_FWHM-quartertone.wav,./wav/gauss_FWHM-eighthtone/gauss075_Dis6_FWHM-quartertone.wav
1851,34,gauss_FWHM-eighthtone,gauss076_E6_FWHM-quartertone.wav,gauss_FWHM-eighthtone/gauss076_E6_FWHM-quartertone.wav,./wav/gauss_FWHM-eighthtone/gauss076_E6_FWHM-quartertone.wav
1852,34,gauss_FWHM-eighthtone,gauss077_F6_FWHM-quartertone.wav,gauss_FWHM-eighthtone/gauss077_F6_FWHM-quartertone.wav,./wav/gauss_FWHM-eighthtone/gauss077_F6_FWHM-quartertone.wav
1853,34,gauss_FWHM-eighthtone,gauss078_Fis6_FWHM-quartertone.wav,gauss_FWHM-eighthtone/gauss078_Fis6_FWHM-quartertone.wav,./wav/gauss_FWHM-eighthtone/gauss078_Fis6_FWHM-quartertone.wav
1854,34,gauss_FWHM-eighthtone,gauss079_G6_FWHM-quartertone.wav,gauss_FWHM-eighthtone/gauss079_G6_FWHM-quartertone.wav,./wav/gauss_FWHM-eighthtone/gauss079_G6_FWHM-quartertone.wav
1855,34,gauss_FWHM-eighthtone,gauss080_Gis6_FWHM-quartertone.wav,gauss_FWHM-eighthtone/gauss080_Gis6_FWHM-quartertone.wav,./wav/gauss_FWHM-eighthtone/gauss080_Gis6_FWHM-quartertone.wav
1856,34,gauss_FWHM-eighthtone,gauss081_A6_FWHM-quartertone.wav,gauss_FWHM-eighthtone/gauss081_A6_FWHM-quartertone.wav,./wav/gauss_FWHM-eighthtone/gauss081_A6_FWHM-quartertone.wav
1857,34,gauss_FWHM-eighthtone,gauss082_Ais6_FWHM-quartertone.wav,gauss_FWHM-eighthtone/gauss082_Ais6_FWHM-quartertone.wav,./wav/gauss_FWHM-eighthtone/gauss082_Ais6_FWHM-quartertone.wav
1858,34,gauss_FWHM-eighthtone,gauss083_H6_FWHM-quartertone.wav,gauss_FWHM-eighthtone/gauss083_H6_FWHM-quartertone.wav,./wav/gauss_FWHM-eighthtone/gauss083_H6_FWHM-quartertone.wav
1859,34,gauss_FWHM-eighthtone,gauss084_C7_FWHM-quartertone.wav,gauss_FWHM-eighthtone/gauss084_C7_FWHM-quartertone.wav,./wav/gauss_FWHM-eighthtone/gauss084_C7_FWHM-quartertone.wav
1860,34,gauss_FWHM-eighthtone,gauss085_Cis7_FWHM-quartertone.wav,gauss_FWHM-eighthtone/gauss085_Cis7_FWHM-quartertone.wav,./wav/gauss_FWHM-eighthtone/gauss085_Cis7_FWHM-quartertone.wav
1861,34,gauss_FWHM-eighthtone,gauss086_D7_FWHM-quartertone.wav,gauss_FWHM-eighthtone/gauss086_D7_FWHM-quartertone.wav,./wav/gauss_FWHM-eighthtone/gauss086_D7_FWHM-quartertone.wav
1862,34,gauss_FWHM-eighthtone,gauss087_Dis7_FWHM-quartertone.wav,gauss_FWHM-eighthtone/gauss087_Dis7_FWHM-quartertone.wav,./wav/gauss_FWHM-eighthtone/gauss087_Dis7_FWHM-quartertone.wav
1863,34,gauss_FWHM-eighthtone,gauss088_E7_FWHM-quartertone.wav,gauss_FWHM-eighthtone/gauss088_E7_FWHM-quartertone.wav,./wav/gauss_FWHM-eighthtone/gauss088_E7_FWHM-quartertone.wav
1864,34,gauss_FWHM-eighthtone,gauss089_F7_FWHM-quartertone.wav,gauss_FWHM-eighthtone/gauss089_F7_FWHM-quartertone.wav,./wav/gauss_FWHM-eighthtone/gauss089_F7_FWHM-quartertone.wav
1865,34,gauss_FWHM-eighthtone,gauss090_Fis7_FWHM-quartertone.wav,gauss_FWHM-eighthtone/gauss090_Fis7_FWHM-quartertone.wav,./wav/gauss_FWHM-eighthtone/gauss090_Fis7_FWHM-quartertone.wav
1866,34,gauss_FWHM-eighthtone,gauss091_G7_FWHM-quartertone.wav,gauss_FWHM-eighthtone/gauss091_G7_FWHM-quartertone.wav,./wav/gauss_FWHM-eighthtone/gauss091_G7_FWHM-quartertone.wav
1867,34,gauss_FWHM-eighthtone,gauss092_Gis7_FWHM-quartertone.wav,gauss_FWHM-eighthtone/gauss092_Gis7_FWHM-quartertone.wav,./wav/gauss_FWHM-eighthtone/gauss092_Gis7_FWHM-quartertone.wav
1868,34,gauss_FWHM-eighthtone,gauss093_A7_FWHM-quartertone.wav,gauss_FWHM-eighthtone/gauss093_A7_FWHM-quartertone.wav,./wav/gauss_FWHM-eighthtone/gauss093_A7_FWHM-quartertone.wav
1869,34,gauss_FWHM-eighthtone,gauss094_Ais7_FWHM-quartertone.wav,gauss_FWHM-eighthtone/gauss094_Ais7_FWHM-quartertone.wav,./wav/gauss_FWHM-eighthtone/gauss094_Ais7_FWHM-quartertone.wav
1870,34,gauss_FWHM-eighthtone,gauss095_H7_FWHM-quartertone.wav,gauss_FWHM-eighthtone/gauss095_H7_FWHM-quartertone.wav,./wav/gauss_FWHM-eighthtone/gauss095_H7_FWHM-quartertone.wav
1871,34,gauss_FWHM-eighthtone,gauss096_C8_FWHM-quartertone.wav,gauss_FWHM-eighthtone/gauss096_C8_FWHM-quartertone.wav,./wav/gauss_FWHM-eighthtone/gauss096_C8_FWHM-quartertone.wav
1872,35,gauss_FWHM-sixteenthtone,gauss000_C0_FWHM-quartertone.wav,gauss_FWHM-sixteenthtone/gauss000_C0_FWHM-quartertone.wav,./wav/gauss_FWHM-sixteenthtone/gauss000_C0_FWHM-quartertone.wav
1873,35,gauss_FWHM-sixteenthtone,gauss001_Cis0_FWHM-quartertone.wav,gauss_FWHM-sixteenthtone/gauss001_Cis0_FWHM-quartertone.wav,./wav/gauss_FWHM-sixteenthtone/gauss001_Cis0_FWHM-quartertone.wav
1874,35,gauss_FWHM-sixteenthtone,gauss002_D0_FWHM-quartertone.wav,gauss_FWHM-sixteenthtone/gauss002_D0_FWHM-quartertone.wav,./wav/gauss_FWHM-sixteenthtone/gauss002_D0_FWHM-quartertone.wav
1875,35,gauss_FWHM-sixteenthtone,gauss003_Dis0_FWHM-quartertone.wav,gauss_FWHM-sixteenthtone/gauss003_Dis0_FWHM-quartertone.wav,./wav/gauss_FWHM-sixteenthtone/gauss003_Dis0_FWHM-quartertone.wav
1876,35,gauss_FWHM-sixteenthtone,gauss004_E0_FWHM-quartertone.wav,gauss_FWHM-sixteenthtone/gauss004_E0_FWHM-quartertone.wav,./wav/gauss_FWHM-sixteenthtone/gauss004_E0_FWHM-quartertone.wav
1877,35,gauss_FWHM-sixteenthtone,gauss005_F0_FWHM-quartertone.wav,gauss_FWHM-sixteenthtone/gauss005_F0_FWHM-quartertone.wav,./wav/gauss_FWHM-sixteenthtone/gauss005_F0_FWHM-quartertone.wav
1878,35,gauss_FWHM-sixteenthtone,gauss006_Fis0_FWHM-quartertone.wav,gauss_FWHM-sixteenthtone/gauss006_Fis0_FWHM-quartertone.wav,./wav/gauss_FWHM-sixteenthtone/gauss006_Fis0_FWHM-quartertone.wav
1879,35,gauss_FWHM-sixteenthtone,gauss007_G0_FWHM-quartertone.wav,gauss_FWHM-sixteenthtone/gauss007_G0_FWHM-quartertone.wav,./wav/gauss_FWHM-sixteenthtone/gauss007_G0_FWHM-quartertone.wav
1880,35,gauss_FWHM-sixteenthtone,gauss008_Gis0_FWHM-quartertone.wav,gauss_FWHM-sixteenthtone/gauss008_Gis0_FWHM-quartertone.wav,./wav/gauss_FWHM-sixteenthtone/gauss008_Gis0_FWHM-quartertone.wav
1881,35,gauss_FWHM-sixteenthtone,gauss009_A0_FWHM-quartertone.wav,gauss_FWHM-sixteenthtone/gauss009_A0_FWHM-quartertone.wav,./wav/gauss_FWHM-sixteenthtone/gauss009_A0_FWHM-quartertone.wav
1882,35,gauss_FWHM-sixteenthtone,gauss010_Ais0_FWHM-quartertone.wav,gauss_FWHM-sixteenthtone/gauss010_Ais0_FWHM-quartertone.wav,./wav/gauss_FWHM-sixteenthtone/gauss010_Ais0_FWHM-quartertone.wav
1883,35,gauss_FWHM-sixteenthtone,gauss011_H0_FWHM-quartertone.wav,gauss_FWHM-sixteenthtone/gauss011_H0_FWHM-quartertone.wav,./wav/gauss_FWHM-sixteenthtone/gauss011_H0_FWHM-quartertone.wav
1884,35,gauss_FWHM-sixteenthtone,gauss012_C1_FWHM-quartertone.wav,gauss_FWHM-sixteenthtone/gauss012_C1_FWHM-quartertone.wav,./wav/gauss_FWHM-sixteenthtone/gauss012_C1_FWHM-quartertone.wav
1885,35,gauss_FWHM-sixteenthtone,gauss013_Cis1_FWHM-quartertone.wav,gauss_FWHM-sixteenthtone/gauss013_Cis1_FWHM-quartertone.wav,./wav/gauss_FWHM-sixteenthtone/gauss013_Cis1_FWHM-quartertone.wav
1886,35,gauss_FWHM-sixteenthtone,gauss014_D1_FWHM-quartertone.wav,gauss_FWHM-sixteenthtone/gauss014_D1_FWHM-quartertone.wav,./wav/gauss_FWHM-sixteenthtone/gauss014_D1_FWHM-quartertone.wav
1887,35,gauss_FWHM-sixteenthtone,gauss015_Dis1_FWHM-quartertone.wav,gauss_FWHM-sixteenthtone/gauss015_Dis1_FWHM-quartertone.wav,./wav/gauss_FWHM-sixteenthtone/gauss015_Dis1_FWHM-quartertone.wav
1888,35,gauss_FWHM-sixteenthtone,gauss016_E1_FWHM-quartertone.wav,gauss_FWHM-sixteenthtone/gauss016_E1_FWHM-quartertone.wav,./wav/gauss_FWHM-sixteenthtone/gauss016_E1_FWHM-quartertone.wav
1889,35,gauss_FWHM-sixteenthtone,gauss017_F1_FWHM-quartertone.wav,gauss_FWHM-sixteenthtone/gauss017_F1_FWHM-quartertone.wav,./wav/gauss_FWHM-sixteenthtone/gauss017_F1_FWHM-quartertone.wav
1890,35,gauss_FWHM-sixteenthtone,gauss018_Fis1_FWHM-quartertone.wav,gauss_FWHM-sixteenthtone/gauss018_Fis1_FWHM-quartertone.wav,./wav/gauss_FWHM-sixteenthtone/gauss018_Fis1_FWHM-quartertone.wav
1891,35,gauss_FWHM-sixteenthtone,gauss019_G1_FWHM-quartertone.wav,gauss_FWHM-sixteenthtone/gauss019_G1_FWHM-quartertone.wav,./wav/gauss_FWHM-sixteenthtone/gauss019_G1_FWHM-quartertone.wav
1892,35,gauss_FWHM-sixteenthtone,gauss020_Gis1_FWHM-quartertone.wav,gauss_FWHM-sixteenthtone/gauss020_Gis1_FWHM-quartertone.wav,./wav/gauss_FWHM-sixteenthtone/gauss020_Gis1_FWHM-quartertone.wav
1893,35,gauss_FWHM-sixteenthtone,gauss021_A1_FWHM-quartertone.wav,gauss_FWHM-sixteenthtone/gauss021_A1_FWHM-quartertone.wav,./wav/gauss_FWHM-sixteenthtone/gauss021_A1_FWHM-quartertone.wav
1894,35,gauss_FWHM-sixteenthtone,gauss022_Ais1_FWHM-quartertone.wav,gauss_FWHM-sixteenthtone/gauss022_Ais1_FWHM-quartertone.wav,./wav/gauss_FWHM-sixteenthtone/gauss022_Ais1_FWHM-quartertone.wav
1895,35,gauss_FWHM-sixteenthtone,gauss023_H1_FWHM-quartertone.wav,gauss_FWHM-sixteenthtone/gauss023_H1_FWHM-quartertone.wav,./wav/gauss_FWHM-sixteenthtone/gauss023_H1_FWHM-quartertone.wav
1896,35,gauss_FWHM-sixteenthtone,gauss024_C2_FWHM-quartertone.wav,gauss_FWHM-sixteenthtone/gauss024_C2_FWHM-quartertone.wav,./wav/gauss_FWHM-sixteenthtone/gauss024_C2_FWHM-quartertone.wav
1897,35,gauss_FWHM-sixteenthtone,gauss025_Cis2_FWHM-quartertone.wav,gauss_FWHM-sixteenthtone/gauss025_Cis2_FWHM-quartertone.wav,./wav/gauss_FWHM-sixteenthtone/gauss025_Cis2_FWHM-quartertone.wav
1898,35,gauss_FWHM-sixteenthtone,gauss026_D2_FWHM-quartertone.wav,gauss_FWHM-sixteenthtone/gauss026_D2_FWHM-quartertone.wav,./wav/gauss_FWHM-sixteenthtone/gauss026_D2_FWHM-quartertone.wav
1899,35,gauss_FWHM-sixteenthtone,gauss027_Dis2_FWHM-quartertone.wav,gauss_FWHM-sixteenthtone/gauss027_Dis2_FWHM-quartertone.wav,./wav/gauss_FWHM-sixteenthtone/gauss027_Dis2_FWHM-quartertone.wav
1900,35,gauss_FWHM-sixteenthtone,gauss028_E2_FWHM-quartertone.wav,gauss_FWHM-sixteenthtone/gauss028_E2_FWHM-quartertone.wav,./wav/gauss_FWHM-sixteenthtone/gauss028_E2_FWHM-quartertone.wav
1901,35,gauss_FWHM-sixteenthtone,gauss029_F2_FWHM-quartertone.wav,gauss_FWHM-sixteenthtone/gauss029_F2_FWHM-quartertone.wav,./wav/gauss_FWHM-sixteenthtone/gauss029_F2_FWHM-quartertone.wav
1902,35,gauss_FWHM-sixteenthtone,gauss030_Fis2_FWHM-quartertone.wav,gauss_FWHM-sixteenthtone/gauss030_Fis2_FWHM-quartertone.wav,./wav/gauss_FWHM-sixteenthtone/gauss030_Fis2_FWHM-quartertone.wav
1903,35,gauss_FWHM-sixteenthtone,gauss031_G2_FWHM-quartertone.wav,gauss_FWHM-sixteenthtone/gauss031_G2_FWHM-quartertone.wav,./wav/gauss_FWHM-sixteenthtone/gauss031_G2_FWHM-quartertone.wav
1904,35,gauss_FWHM-sixteenthtone,gauss032_Gis2_FWHM-quartertone.wav,gauss_FWHM-sixteenthtone/gauss032_Gis2_FWHM-quartertone.wav,./wav/gauss_FWHM-sixteenthtone/gauss032_Gis2_FWHM-quartertone.wav
1905,35,gauss_FWHM-sixteenthtone,gauss033_A2_FWHM-quartertone.wav,gauss_FWHM-sixteenthtone/gauss033_A2_FWHM-quartertone.wav,./wav/gauss_FWHM-sixteenthtone/gauss033_A2_FWHM-quartertone.wav
1906,35,gauss_FWHM-sixteenthtone,gauss034_Ais2_FWHM-quartertone.wav,gauss_FWHM-sixteenthtone/gauss034_Ais2_FWHM-quartertone.wav,./wav/gauss_FWHM-sixteenthtone/gauss034_Ais2_FWHM-quartertone.wav
1907,35,gauss_FWHM-sixteenthtone,gauss035_H2_FWHM-quartertone.wav,gauss_FWHM-sixteenthtone/gauss035_H2_FWHM-quartertone.wav,./wav/gauss_FWHM-sixteenthtone/gauss035_H2_FWHM-quartertone.wav
1908,35,gauss_FWHM-sixteenthtone,gauss036_C3_FWHM-quartertone.wav,gauss_FWHM-sixteenthtone/gauss036_C3_FWHM-quartertone.wav,./wav/gauss_FWHM-sixteenthtone/gauss036_C3_FWHM-quartertone.wav
1909,35,gauss_FWHM-sixteenthtone,gauss037_Cis3_FWHM-quartertone.wav,gauss_FWHM-sixteenthtone/gauss037_Cis3_FWHM-quartertone.wav,./wav/gauss_FWHM-sixteenthtone/gauss037_Cis3_FWHM-quartertone.wav
1910,35,gauss_FWHM-sixteenthtone,gauss038_D3_FWHM-quartertone.wav,gauss_FWHM-sixteenthtone/gauss038_D3_FWHM-quartertone.wav,./wav/gauss_FWHM-sixteenthtone/gauss038_D3_FWHM-quartertone.wav
1911,35,gauss_FWHM-sixteenthtone,gauss039_Dis3_FWHM-quartertone.wav,gauss_FWHM-sixteenthtone/gauss039_Dis3_FWHM-quartertone.wav,./wav/gauss_FWHM-sixteenthtone/gauss039_Dis3_FWHM-quartertone.wav
1912,35,gauss_FWHM-sixteenthtone,gauss040_E3_FWHM-quartertone.wav,gauss_FWHM-sixteenthtone/gauss040_E3_FWHM-quartertone.wav,./wav/gauss_FWHM-sixteenthtone/gauss040_E3_FWHM-quartertone.wav
1913,35,gauss_FWHM-sixteenthtone,gauss041_F3_FWHM-quartertone.wav,gauss_FWHM-sixteenthtone/gauss041_F3_FWHM-quartertone.wav,./wav/gauss_FWHM-sixteenthtone/gauss041_F3_FWHM-quartertone.wav
1914,35,gauss_FWHM-sixteenthtone,gauss042_Fis3_FWHM-quartertone.wav,gauss_FWHM-sixteenthtone/gauss042_Fis3_FWHM-quartertone.wav,./wav/gauss_FWHM-sixteenthtone/gauss042_Fis3_FWHM-quartertone.wav
1915,35,gauss_FWHM-sixteenthtone,gauss043_G3_FWHM-quartertone.wav,gauss_FWHM-sixteenthtone/gauss043_G3_FWHM-quartertone.wav,./wav/gauss_FWHM-sixteenthtone/gauss043_G3_FWHM-quartertone.wav
1916,35,gauss_FWHM-sixteenthtone,gauss044_Gis3_FWHM-quartertone.wav,gauss_FWHM-sixteenthtone/gauss044_Gis3_FWHM-quartertone.wav,./wav/gauss_FWHM-sixteenthtone/gauss044_Gis3_FWHM-quartertone.wav
1917,35,gauss_FWHM-sixteenthtone,gauss045_A3_FWHM-quartertone.wav,gauss_FWHM-sixteenthtone/gauss045_A3_FWHM-quartertone.wav,./wav/gauss_FWHM-sixteenthtone/gauss045_A3_FWHM-quartertone.wav
1918,35,gauss_FWHM-sixteenthtone,gauss046_Ais3_FWHM-quartertone.wav,gauss_FWHM-sixteenthtone/gauss046_Ais3_FWHM-quartertone.wav,./wav/gauss_FWHM-sixteenthtone/gauss046_Ais3_FWHM-quartertone.wav
1919,35,gauss_FWHM-sixteenthtone,gauss047_H3_FWHM-quartertone.wav,gauss_FWHM-sixteenthtone/gauss047_H3_FWHM-quartertone.wav,./wav/gauss_FWHM-sixteenthtone/gauss047_H3_FWHM-quartertone.wav
1920,35,gauss_FWHM-sixteenthtone,gauss048_C4_FWHM-quartertone.wav,gauss_FWHM-sixteenthtone/gauss048_C4_FWHM-quartertone.wav,./wav/gauss_FWHM-sixteenthtone/gauss048_C4_FWHM-quartertone.wav
1921,35,gauss_FWHM-sixteenthtone,gauss049_Cis4_FWHM-quartertone.wav,gauss_FWHM-sixteenthtone/gauss049_Cis4_FWHM-quartertone.wav,./wav/gauss_FWHM-sixteenthtone/gauss049_Cis4_FWHM-quartertone.wav
1922,35,gauss_FWHM-sixteenthtone,gauss050_D4_FWHM-quartertone.wav,gauss_FWHM-sixteenthtone/gauss050_D4_FWHM-quartertone.wav,./wav/gauss_FWHM-sixteenthtone/gauss050_D4_FWHM-quartertone.wav
1923,35,gauss_FWHM-sixteenthtone,gauss051_Dis4_FWHM-quartertone.wav,gauss_FWHM-sixteenthtone/gauss051_Dis4_FWHM-quartertone.wav,./wav/gauss_FWHM-sixteenthtone/gauss051_Dis4_FWHM-quartertone.wav
1924,35,gauss_FWHM-sixteenthtone,gauss052_E4_FWHM-quartertone.wav,gauss_FWHM-sixteenthtone/gauss052_E4_FWHM-quartertone.wav,./wav/gauss_FWHM-sixteenthtone/gauss052_E4_FWHM-quartertone.wav
1925,35,gauss_FWHM-sixteenthtone,gauss053_F4_FWHM-quartertone.wav,gauss_FWHM-sixteenthtone/gauss053_F4_FWHM-quartertone.wav,./wav/gauss_FWHM-sixteenthtone/gauss053_F4_FWHM-quartertone.wav
1926,35,gauss_FWHM-sixteenthtone,gauss054_Fis4_FWHM-quartertone.wav,gauss_FWHM-sixteenthtone/gauss054_Fis4_FWHM-quartertone.wav,./wav/gauss_FWHM-sixteenthtone/gauss054_Fis4_FWHM-quartertone.wav
1927,35,gauss_FWHM-sixteenthtone,gauss055_G4_FWHM-quartertone.wav,gauss_FWHM-sixteenthtone/gauss055_G4_FWHM-quartertone.wav,./wav/gauss_FWHM-sixteenthtone/gauss055_G4_FWHM-quartertone.wav
1928,35,gauss_FWHM-sixteenthtone,gauss056_Gis4_FWHM-quartertone.wav,gauss_FWHM-sixteenthtone/gauss056_Gis4_FWHM-quartertone.wav,./wav/gauss_FWHM-sixteenthtone/gauss056_Gis4_FWHM-quartertone.wav
1929,35,gauss_FWHM-sixteenthtone,gauss057_A4_FWHM-quartertone.wav,gauss_FWHM-sixteenthtone/gauss057_A4_FWHM-quartertone.wav,./wav/gauss_FWHM-sixteenthtone/gauss057_A4_FWHM-quartertone.wav
1930,35,gauss_FWHM-sixteenthtone,gauss058_Ais4_FWHM-quartertone.wav,gauss_FWHM-sixteenthtone/gauss058_Ais4_FWHM-quartertone.wav,./wav/gauss_FWHM-sixteenthtone/gauss058_Ais4_FWHM-quartertone.wav
1931,35,gauss_FWHM-sixteenthtone,gauss059_H4_FWHM-quartertone.wav,gauss_FWHM-sixteenthtone/gauss059_H4_FWHM-quartertone.wav,./wav/gauss_FWHM-sixteenthtone/gauss059_H4_FWHM-quartertone.wav
1932,35,gauss_FWHM-sixteenthtone,gauss060_C5_FWHM-quartertone.wav,gauss_FWHM-sixteenthtone/gauss060_C5_FWHM-quartertone.wav,./wav/gauss_FWHM-sixteenthtone/gauss060_C5_FWHM-quartertone.wav
1933,35,gauss_FWHM-sixteenthtone,gauss061_Cis5_FWHM-quartertone.wav,gauss_FWHM-sixteenthtone/gauss061_Cis5_FWHM-quartertone.wav,./wav/gauss_FWHM-sixteenthtone/gauss061_Cis5_FWHM-quartertone.wav
1934,35,gauss_FWHM-sixteenthtone,gauss062_D5_FWHM-quartertone.wav,gauss_FWHM-sixteenthtone/gauss062_D5_FWHM-quartertone.wav,./wav/gauss_FWHM-sixteenthtone/gauss062_D5_FWHM-quartertone.wav
1935,35,gauss_FWHM-sixteenthtone,gauss063_Dis5_FWHM-quartertone.wav,gauss_FWHM-sixteenthtone/gauss063_Dis5_FWHM-quartertone.wav,./wav/gauss_FWHM-sixteenthtone/gauss063_Dis5_FWHM-quartertone.wav
1936,35,gauss_FWHM-sixteenthtone,gauss064_E5_FWHM-quartertone.wav,gauss_FWHM-sixteenthtone/gauss064_E5_FWHM-quartertone.wav,./wav/gauss_FWHM-sixteenthtone/gauss064_E5_FWHM-quartertone.wav
1937,35,gauss_FWHM-sixteenthtone,gauss065_F5_FWHM-quartertone.wav,gauss_FWHM-sixteenthtone/gauss065_F5_FWHM-quartertone.wav,./wav/gauss_FWHM-sixteenthtone/gauss065_F5_FWHM-quartertone.wav
1938,35,gauss_FWHM-sixteenthtone,gauss066_Fis5_FWHM-quartertone.wav,gauss_FWHM-sixteenthtone/gauss066_Fis5_FWHM-quartertone.wav,./wav/gauss_FWHM-sixteenthtone/gauss066_Fis5_FWHM-quartertone.wav
1939,35,gauss_FWHM-sixteenthtone,gauss067_G5_FWHM-quartertone.wav,gauss_FWHM-sixteenthtone/gauss067_G5_FWHM-quartertone.wav,./wav/gauss_FWHM-sixteenthtone/gauss067_G5_FWHM-quartertone.wav
1940,35,gauss_FWHM-sixteenthtone,gauss068_Gis5_FWHM-quartertone.wav,gauss_FWHM-sixteenthtone/gauss068_Gis5_FWHM-quartertone.wav,./wav/gauss_FWHM-sixteenthtone/gauss068_Gis5_FWHM-quartertone.wav
1941,35,gauss_FWHM-sixteenthtone,gauss069_A5_FWHM-quartertone.wav,gauss_FWHM-sixteenthtone/gauss069_A5_FWHM-quartertone.wav,./wav/gauss_FWHM-sixteenthtone/gauss069_A5_FWHM-quartertone.wav
1942,35,gauss_FWHM-sixteenthtone,gauss070_Ais5_FWHM-quartertone.wav,gauss_FWHM-sixteenthtone/gauss070_Ais5_FWHM-quartertone.wav,./wav/gauss_FWHM-sixteenthtone/gauss070_Ais5_FWHM-quartertone.wav
1943,35,gauss_FWHM-sixteenthtone,gauss071_H5_FWHM-quartertone.wav,gauss_FWHM-sixteenthtone/gauss071_H5_FWHM-quartertone.wav,./wav/gauss_FWHM-sixteenthtone/gauss071_H5_FWHM-quartertone.wav
1944,35,gauss_FWHM-sixteenthtone,gauss072_C6_FWHM-quartertone.wav,gauss_FWHM-sixteenthtone/gauss072_C6_FWHM-quartertone.wav,./wav/gauss_FWHM-sixteenthtone/gauss072_C6_FWHM-quartertone.wav
1945,35,gauss_FWHM-sixteenthtone,gauss073_Cis6_FWHM-quartertone.wav,gauss_FWHM-sixteenthtone/gauss073_Cis6_FWHM-quartertone.wav,./wav/gauss_FWHM-sixteenthtone/gauss073_Cis6_FWHM-quartertone.wav
1946,35,gauss_FWHM-sixteenthtone,gauss074_D6_FWHM-quartertone.wav,gauss_FWHM-sixteenthtone/gauss074_D6_FWHM-quartertone.wav,./wav/gauss_FWHM-sixteenthtone/gauss074_D6_FWHM-quartertone.wav
1947,35,gauss_FWHM-sixteenthtone,gauss075_Dis6_FWHM-quartertone.wav,gauss_FWHM-sixteenthtone/gauss075_Dis6_FWHM-quartertone.wav,./wav/gauss_FWHM-sixteenthtone/gauss075_Dis6_FWHM-quartertone.wav
1948,35,gauss_FWHM-sixteenthtone,gauss076_E6_FWHM-quartertone.wav,gauss_FWHM-sixteenthtone/gauss076_E6_FWHM-quartertone.wav,./wav/gauss_FWHM-sixteenthtone/gauss076_E6_FWHM-quartertone.wav
1949,35,gauss_FWHM-sixteenthtone,gauss077_F6_FWHM-quartertone.wav,gauss_FWHM-sixteenthtone/gauss077_F6_FWHM-quartertone.wav,./wav/gauss_FWHM-sixteenthtone/gauss077_F6_FWHM-quartertone.wav
1950,35,gauss_FWHM-sixteenthtone,gauss078_Fis6_FWHM-quartertone.wav,gauss_FWHM-sixteenthtone/gauss078_Fis6_FWHM-quartertone.wav,./wav/gauss_FWHM-sixteenthtone/gauss078_Fis6_FWHM-quartertone.wav
1951,35,gauss_FWHM-sixteenthtone,gauss079_G6_FWHM-quartertone.wav,gauss_FWHM-sixteenthtone/gauss079_G6_FWHM-quartertone.wav,./wav/gauss_FWHM-sixteenthtone/gauss079_G6_FWHM-quartertone.wav
1952,35,gauss_FWHM-sixteenthtone,gauss080_Gis6_FWHM-quartertone.wav,gauss_FWHM-sixteenthtone/gauss080_Gis6_FWHM-quartertone.wav,./wav/gauss_FWHM-sixteenthtone/gauss080_Gis6_FWHM-quartertone.wav
1953,35,gauss_FWHM-sixteenthtone,gauss081_A6_FWHM-quartertone.wav,gauss_FWHM-sixteenthtone/gauss081_A6_FWHM-quartertone.wav,./wav/gauss_FWHM-sixteenthtone/gauss081_A6_FWHM-quartertone.wav
1954,35,gauss_FWHM-sixteenthtone,gauss082_Ais6_FWHM-quartertone.wav,gauss_FWHM-sixteenthtone/gauss082_Ais6_FWHM-quartertone.wav,./wav/gauss_FWHM-sixteenthtone/gauss082_Ais6_FWHM-quartertone.wav
1955,35,gauss_FWHM-sixteenthtone,gauss083_H6_FWHM-quartertone.wav,gauss_FWHM-sixteenthtone/gauss083_H6_FWHM-quartertone.wav,./wav/gauss_FWHM-sixteenthtone/gauss083_H6_FWHM-quartertone.wav
1956,35,gauss_FWHM-sixteenthtone,gauss084_C7_FWHM-quartertone.wav,gauss_FWHM-sixteenthtone/gauss084_C7_FWHM-quartertone.wav,./wav/gauss_FWHM-sixteenthtone/gauss084_C7_FWHM-quartertone.wav
1957,35,gauss_FWHM-sixteenthtone,gauss085_Cis7_FWHM-quartertone.wav,gauss_FWHM-sixteenthtone/gauss085_Cis7_FWHM-quartertone.wav,./wav/gauss_FWHM-sixteenthtone/gauss085_Cis7_FWHM-quartertone.wav
1958,35,gauss_FWHM-sixteenthtone,gauss086_D7_FWHM-quartertone.wav,gauss_FWHM-sixteenthtone/gauss086_D7_FWHM-quartertone.wav,./wav/gauss_FWHM-sixteenthtone/gauss086_D7_FWHM-quartertone.wav
1959,35,gauss_FWHM-sixteenthtone,gauss087_Dis7_FWHM-quartertone.wav,gauss_FWHM-sixteenthtone/gauss087_Dis7_FWHM-quartertone.wav,./wav/gauss_FWHM-sixteenthtone/gauss087_Dis7_FWHM-quartertone.wav
1960,35,gauss_FWHM-sixteenthtone,gauss088_E7_FWHM-quartertone.wav,gauss_FWHM-sixteenthtone/gauss088_E7_FWHM-quartertone.wav,./wav/gauss_FWHM-sixteenthtone/gauss088_E7_FWHM-quartertone.wav
1961,35,gauss_FWHM-sixteenthtone,gauss089_F7_FWHM-quartertone.wav,gauss_FWHM-sixteenthtone/gauss089_F7_FWHM-quartertone.wav,./wav/gauss_FWHM-sixteenthtone/gauss089_F7_FWHM-quartertone.wav
1962,35,gauss_FWHM-sixteenthtone,gauss090_Fis7_FWHM-quartertone.wav,gauss_FWHM-sixteenthtone/gauss090_Fis7_FWHM-quartertone.wav,./wav/gauss_FWHM-sixteenthtone/gauss090_Fis7_FWHM-quartertone.wav
1963,35,gauss_FWHM-sixteenthtone,gauss091_G7_FWHM-quartertone.wav,gauss_FWHM-sixteenthtone/gauss091_G7_FWHM-quartertone.wav,./wav/gauss_FWHM-sixteenthtone/gauss091_G7_FWHM-quartertone.wav
1964,35,gauss_FWHM-sixteenthtone,gauss092_Gis7_FWHM-quartertone.wav,gauss_FWHM-sixteenthtone/gauss092_Gis7_FWHM-quartertone.wav,./wav/gauss_FWHM-sixteenthtone/gauss092_Gis7_FWHM-quartertone.wav
1965,35,gauss_FWHM-sixteenthtone,gauss093_A7_FWHM-quartertone.wav,gauss_FWHM-sixteenthtone/gauss093_A7_FWHM-quartertone.wav,./wav/gauss_FWHM-sixteenthtone/gauss093_A7_FWHM-quartertone.wav
1966,35,gauss_FWHM-sixteenthtone,gauss094_Ais7_FWHM-quartertone.wav,gauss_FWHM-sixteenthtone/gauss094_Ais7_FWHM-quartertone.wav,./wav/gauss_FWHM-sixteenthtone/gauss094_Ais7_FWHM-quartertone.wav
1967,35,gauss_FWHM-sixteenthtone,gauss095_H7_FWHM-quartertone.wav,gauss_FWHM-sixteenthtone/gauss095_H7_FWHM-quartertone.wav,./wav/gauss_FWHM-sixteenthtone/gauss095_H7_FWHM-quartertone.wav
1968,35,gauss_FWHM-sixteenthtone,gauss096_C8_FWHM-quartertone.wav,gauss_FWHM-sixteenthtone/gauss096_C8_FWHM-quartertone.wav,./wav/gauss_FWHM-sixteenthtone/gauss096_C8_FWHM-quartertone.wav
